"Event variant/page","Source","Scene evidence","Role","Character","Lines (zero based)","Classification","Priority","Previous art","Resolved art","Action"
"story-stormveil-village-4-0/page:0/The Challenge Board","src/data/storylines.ts:70","The arena rim at dusk, chalk odds on slate, banner cables humming","background","","0,1,2,3","REPLACE","3","/scenes/story/story-stormveil-village-4-0.webp","/scenes/story/cinematic/storywide/stormveil-challenge-board-v1.webp","Integrated reviewed replacement: boardGeneration. See production.json for reference lock and production brief."
"story-stormveil-village-4-0/page:0/The Challenge Board","src/data/storylines.ts:70","The arena rim at dusk, chalk odds on slate, banner cables humming","actor","Mira Volt","0,1,2,3","REMAP","1","/portraits/cinematic/storywide/mira-volt.webp?v=891202c8e","/portraits/cinematic/storywide/mira-volt-neutral.webp?v=891202c8e","Resolve this exact current story beat to retained, reviewed artwork."
"story-stormveil-village-4-0/page:1/The Reason Line","src/data/storylines.ts:76","The board clerk's stand, a wet brush waiting","background","","0,1,2,3","REPLACE","3","/scenes/story/cinematic/storywide/stormveil-civic.webp","/scenes/story/cinematic/storywide/stormveil-challenge-board-v1.webp","Integrated reviewed replacement: boardGeneration. See production.json for reference lock and production brief."
"story-stormveil-village-4-0/page:1/The Reason Line","src/data/storylines.ts:76","The board clerk's stand, a wet brush waiting","actor","Ledger Clerk","0,1,2,3","KEEP","5","/portraits/cinematic/storywide/ledger-clerk.webp?v=891202c8e","/portraits/cinematic/storywide/ledger-clerk.webp?v=891202c8e","Retain reviewed accurate artwork."
"story-stormveil-village-4-0/page:2/A Shield Reason","src/data/storylines.ts:88","The clerk's stand","background","","0,1,2","REPLACE","3","/scenes/story/cinematic/storywide/stormveil-civic.webp","/scenes/story/cinematic/storywide/stormveil-challenge-board-v1.webp","Integrated reviewed replacement: boardGeneration. See production.json for reference lock and production brief."
"story-stormveil-village-4-0/page:2/A Shield Reason","src/data/storylines.ts:88","The clerk's stand","actor","Ledger Clerk","0,1,2","KEEP","5","/portraits/cinematic/storywide/ledger-clerk.webp?v=891202c8e","/portraits/cinematic/storywide/ledger-clerk.webp?v=891202c8e","Retain reviewed accurate artwork."
"story-stormveil-village-4-0/page:3/A Ladder Reason","src/data/storylines.ts:95","The clerk's stand","background","","0,1,2","REPLACE","3","/scenes/story/cinematic/storywide/stormveil-civic.webp","/scenes/story/cinematic/storywide/stormveil-challenge-board-v1.webp","Integrated reviewed replacement: boardGeneration. See production.json for reference lock and production brief."
"story-stormveil-village-4-0/page:3/A Ladder Reason","src/data/storylines.ts:95","The clerk's stand","actor","Ledger Clerk","0,1,2","KEEP","5","/portraits/cinematic/storywide/ledger-clerk.webp?v=891202c8e","/portraits/cinematic/storywide/ledger-clerk.webp?v=891202c8e","Retain reviewed accurate artwork."
"story-stormveil-village-4-0/page:4/A Debt Reason","src/data/storylines.ts:102","The clerk's stand","background","","0,1,2","REPLACE","3","/scenes/story/cinematic/storywide/stormveil-civic.webp","/scenes/story/cinematic/storywide/stormveil-challenge-board-v1.webp","Integrated reviewed replacement: boardGeneration. See production.json for reference lock and production brief."
"story-stormveil-village-4-0/page:4/A Debt Reason","src/data/storylines.ts:102","The clerk's stand","actor","Ledger Clerk","0,1,2","KEEP","5","/portraits/cinematic/storywide/ledger-clerk.webp?v=891202c8e","/portraits/cinematic/storywide/ledger-clerk.webp?v=891202c8e","Retain reviewed accurate artwork."
"story-stormveil-village-4-0/page:5/A Searching Reason","src/data/storylines.ts:109","The clerk's stand","background","","0,1,2","REPLACE","3","/scenes/story/cinematic/storywide/stormveil-civic.webp","/scenes/story/cinematic/storywide/stormveil-challenge-board-v1.webp","Integrated reviewed replacement: boardGeneration. See production.json for reference lock and production brief."
"story-stormveil-village-4-0/page:5/A Searching Reason","src/data/storylines.ts:109","The clerk's stand","actor","Ledger Clerk","0,1,2","KEEP","5","/portraits/cinematic/storywide/ledger-clerk.webp?v=891202c8e","/portraits/cinematic/storywide/ledger-clerk.webp?v=891202c8e","Retain reviewed accurate artwork."
"story-stormveil-village-4-0/page:6/A Blank Reason","src/data/storylines.ts:116","The clerk's stand","background","","0,1,2","REPLACE","3","/scenes/story/cinematic/storywide/stormveil-civic.webp","/scenes/story/cinematic/storywide/stormveil-challenge-board-v1.webp","Integrated reviewed replacement: boardGeneration. See production.json for reference lock and production brief."
"story-stormveil-village-4-0/page:6/A Blank Reason","src/data/storylines.ts:116","The clerk's stand","actor","Ledger Clerk","0,1,2","KEEP","5","/portraits/cinematic/storywide/ledger-clerk.webp?v=891202c8e","/portraits/cinematic/storywide/ledger-clerk.webp?v=891202c8e","Retain reviewed accurate artwork."
"story-stormveil-village-4-0/page:7/Posted Twice","src/data/storylines.ts:123","The board, slates clacking in the wind","background","","0,1,2,3","REPLACE","3","/scenes/story/cinematic/storywide/stormveil-sanctum.webp","/scenes/story/cinematic/storywide/stormveil-challenge-board-v1.webp","Integrated reviewed replacement: boardGeneration. See production.json for reference lock and production brief."
"story-stormveil-village-4-0/page:7/Posted Twice","src/data/storylines.ts:123","The board, slates clacking in the wind","actor","Mira Volt","0,1,2,3","KEEP","5","/portraits/cinematic/storywide/mira-volt-neutral.webp?v=891202c8e","/portraits/cinematic/storywide/mira-volt-neutral.webp?v=891202c8e","Retain reviewed accurate artwork."
"story-stormveil-village-4-0/page:8/Elder Vanta","src/data/storylines.ts:129","The board, an old man reading slates like weather","background","","0,1,2,3","REPLACE","3","/scenes/story/cinematic/storywide/stormveil-civic.webp","/scenes/story/cinematic/storywide/stormveil-challenge-board-v1.webp","Integrated reviewed replacement: boardGeneration. See production.json for reference lock and production brief."
"story-stormveil-village-4-0/page:8/Elder Vanta","src/data/storylines.ts:129","The board, an old man reading slates like weather","actor","Elder Vanta","0,1,2,3","KEEP","5","/portraits/cinematic/storywide/elder-vanta.webp?v=891202c8e","/portraits/cinematic/storywide/elder-vanta.webp?v=891202c8e","Retain reviewed accurate artwork."
"story-stormveil-village-4-0/page:9/The First Bout","src/data/storylines.ts:137","The arena floor, chalk dust, the crowd leaning in","background","","0,1,2,3","KEEP","5","/scenes/story/story-stormveil-village-4-0.webp","/scenes/story/story-stormveil-village-4-0.webp","Retain reviewed accurate artwork."
"story-stormveil-village-4-0/page:9/The First Bout","src/data/storylines.ts:137","The arena floor, chalk dust, the crowd leaning in","actor","Mira Volt","0,1,2,3","REMAP","1","/portraits/cinematic/storywide/mira-volt.webp?v=891202c8e","/portraits/cinematic/storywide/mira-volt-neutral.webp?v=891202c8e","Resolve this exact current story beat to retained, reviewed artwork."
"story-stormveil-village-15-1/page:0/The Market Breaks","src/data/storylines.ts:149","The market square mid-riot, stalls going over, the riot bell hammering","background","","0,1,2,3","KEEP","5","/scenes/story/story-stormveil-village-15-1.webp","/scenes/story/story-stormveil-village-15-1.webp","Retain reviewed accurate artwork."
"story-stormveil-village-15-1/page:0/The Market Breaks","src/data/storylines.ts:149","The market square mid-riot, stalls going over, the riot bell hammering","actor","Mira Volt","0,1,2,3","REMAP","1","/portraits/cinematic/storywide/mira-volt.webp?v=891202c8e","/portraits/cinematic/storywide/mira-volt-neutral.webp?v=891202c8e","Resolve this exact current story beat to retained, reviewed artwork."
"story-stormveil-village-15-1/page:1/The Empty Why","src/data/storylines.ts:155","A cornered stall, a button-seller with bleeding knuckles","background","","0,1,2,3","REMAP","3","/scenes/story/cinematic/storywide/stormveil-threshold.webp","/scenes/story/story-stormveil-village-15-1.webp","Resolve this exact current story beat to retained, reviewed artwork."
"story-stormveil-village-15-1/page:2/The Kage in the Square","src/data/storylines.ts:161","The square, a big man walking into the riot unarmed","background","","0,1,2,3","REMAP","3","/scenes/story/cinematic/storywide/stormveil-threshold.webp","/scenes/story/story-stormveil-village-15-1.webp","Resolve this exact current story beat to retained, reviewed artwork."
"story-stormveil-village-15-1/page:2/The Kage in the Square","src/data/storylines.ts:161","The square, a big man walking into the riot unarmed","actor","Kage Raiko Veyr","0,1,2,3","KEEP","5","/portraits/cinematic/storywide/kage-raiko-veyr.webp?v=891202c8e","/portraits/cinematic/storywide/kage-raiko-veyr.webp?v=891202c8e","Retain reviewed accurate artwork."
"story-stormveil-village-15-1/page:3/After the Kage","src/data/storylines.ts:167","The square's edge, Raiko moving crowd to crowd, beloved","background","","0,1,2,3","REMAP","3","/scenes/story/cinematic/storywide/stormveil-sanctum.webp","/scenes/story/story-stormveil-village-15-1.webp","Resolve this exact current story beat to retained, reviewed artwork."
"story-stormveil-village-15-1/page:3/After the Kage","src/data/storylines.ts:167","The square's edge, Raiko moving crowd to crowd, beloved","actor","Mira Volt","0,1,2,3","KEEP","5","/portraits/cinematic/storywide/mira-volt-neutral.webp?v=891202c8e","/portraits/cinematic/storywide/mira-volt-neutral.webp?v=891202c8e","Retain reviewed accurate artwork."
"story-stormveil-village-15-1/page:4/Booked Guilty","src/data/storylines.ts:175","The square gates chained, the Tempest Guard forming a line","background","","0,1,2,3","REMAP","3","/scenes/story/cinematic/storywide/stormveil-civic.webp","/scenes/story/story-stormveil-village-15-1.webp","Resolve this exact current story beat to retained, reviewed artwork."
"story-stormveil-village-15-1/page:4/Booked Guilty","src/data/storylines.ts:175","The square gates chained, the Tempest Guard forming a line","actor","Tempest Guard Captain","0,1,2,3","KEEP","5","/portraits/cinematic/storywide/tempest-guard-captain.webp?v=891202c8e","/portraits/cinematic/storywide/tempest-guard-captain.webp?v=891202c8e","Retain reviewed accurate artwork."
"story-stormveil-village-15-1/page:5/The Captain's Line","src/data/storylines.ts:181","The wagon, Besh looking small between two guards","background","","0,1,2","KEEP","5","/scenes/story/story-stormveil-village-15-1.webp","/scenes/story/story-stormveil-village-15-1.webp","Retain reviewed accurate artwork."
"story-stormveil-village-25-2/page:0/The Lifted Scroll","src/data/storylines.ts:192","Mira's rooftop, rain coming, a stolen scroll between you","background","","0,1,2,3","KEEP","5","/scenes/story/story-stormveil-village-25-2.webp","/scenes/story/story-stormveil-village-25-2.webp","Retain reviewed accurate artwork."
"story-stormveil-village-25-2/page:0/The Lifted Scroll","src/data/storylines.ts:192","Mira's rooftop, rain coming, a stolen scroll between you","actor","Mira Volt","0,1,2,3","KEEP","5","/portraits/cinematic/storywide/mira-volt-neutral.webp?v=891202c8e","/portraits/cinematic/storywide/mira-volt-neutral.webp?v=891202c8e","Retain reviewed accurate artwork."
"story-stormveil-village-25-2/page:1/The Name on the Board","src/data/storylines.ts:198","The rooftop, wind pulling at an old slate Mira keeps wrapped in oilcloth","background","","0,1,2,3","REMAP","3","/scenes/story/cinematic/storywide/stormveil-civic.webp","/scenes/story/story-stormveil-village-25-2.webp","Resolve this exact current story beat to retained, reviewed artwork."
"story-stormveil-village-25-2/page:1/The Name on the Board","src/data/storylines.ts:198","The rooftop, wind pulling at an old slate Mira keeps wrapped in oilcloth","actor","Mira Volt","0,1,2,3","KEEP","5","/portraits/cinematic/storywide/mira-volt-neutral.webp?v=891202c8e","/portraits/cinematic/storywide/mira-volt-neutral.webp?v=891202c8e","Retain reviewed accurate artwork."
"story-stormveil-village-25-2/page:2/The Same Hand","src/data/storylines.ts:207","The rooftop, the lead token flat on the scroll","background","","0,1,2,3","REMAP","3","/scenes/story/cinematic/storywide/stormveil-blackout.webp","/scenes/story/story-stormveil-village-25-2.webp","Resolve this exact current story beat to retained, reviewed artwork."
"story-stormveil-village-25-2/page:2/The Same Hand","src/data/storylines.ts:207","The rooftop, the lead token flat on the scroll","actor","Mira Volt","0,1,2,3","REMAP","1","/portraits/cinematic/storywide/mira-volt.webp?v=891202c8e","/portraits/cinematic/storywide/mira-volt-neutral.webp?v=891202c8e","Resolve this exact current story beat to retained, reviewed artwork."
"story-stormveil-village-25-2/page:3/Vanta Reads the Wax","src/data/storylines.ts:215","Vanta's rail-side shack, purse ledgers stacked to the ceiling","background","","0,1,2,3","REMAP","3","/scenes/story/cinematic/storywide/stormveil-civic.webp","/scenes/story/cinematic/storywide/stormveil-intimate.webp","Resolve this exact current story beat to retained, reviewed artwork."
"story-stormveil-village-25-2/page:3/Vanta Reads the Wax","src/data/storylines.ts:215","Vanta's rail-side shack, purse ledgers stacked to the ceiling","actor","Elder Vanta","0,1,2,3","REMAP","1","/portraits/cinematic/storywide/elder-vanta.webp?v=891202c8e","/portraits/cinematic/storywide/elder-vanta-solemn.webp?v=891202c8e","Resolve this exact current story beat to retained, reviewed artwork."
"story-stormveil-village-25-2/page:4/The Listener","src/data/storylines.ts:223","The shack, rain starting, a shape on the skylight","background","","0,1,2,3","REMAP","3","/scenes/story/cinematic/storywide/stormveil-sanctum.webp","/scenes/story/cinematic/storywide/stormveil-intimate.webp","Resolve this exact current story beat to retained, reviewed artwork."
"story-stormveil-village-25-2/page:5/Sealed and Sent","src/data/storylines.ts:229","The rooftops in the rain, the informant between you and the tower","background","","0,1,2,3","KEEP","5","/scenes/story/story-stormveil-village-25-2.webp","/scenes/story/story-stormveil-village-25-2.webp","Retain reviewed accurate artwork."
"story-stormveil-village-25-2/page:5/Sealed and Sent","src/data/storylines.ts:229","The rooftops in the rain, the informant between you and the tower","actor","Mira Volt","0,1,2,3","KEEP","5","/portraits/cinematic/storywide/mira-volt-neutral.webp?v=891202c8e","/portraits/cinematic/storywide/mira-volt-neutral.webp?v=891202c8e","Retain reviewed accurate artwork."
"story-stormveil-village-35-3/page:0/Down the Well That Isn't","src/data/storylines.ts:241","The maintenance shaft under the arena, rungs slick, a hum below","background","","0,1,2,3","KEEP","5","/scenes/story/story-stormveil-village-35-3.webp","/scenes/story/story-stormveil-village-35-3.webp","Retain reviewed accurate artwork."
"story-stormveil-village-35-3/page:0/Down the Well That Isn't","src/data/storylines.ts:241","The maintenance shaft under the arena, rungs slick, a hum below","actor","Mira Volt","0,1,2,3","REMAP","1","/portraits/cinematic/storywide/mira-volt.webp?v=891202c8e","/portraits/cinematic/storywide/mira-volt-neutral.webp?v=891202c8e","Resolve this exact current story beat to retained, reviewed artwork."
"story-stormveil-village-35-3/page:1/Eleven Pipes","src/data/storylines.ts:247","The engine floor: eleven great pipes running from the arena floor overhead into a banked crystal reserve","background","","0,1,2,3","REPLACE","3","/scenes/story/cinematic/storywide/stormveil-blackout.webp","/scenes/story/cinematic/storywide/stormveil-eleven-pipes-v1.webp","Integrated reviewed replacement: stormEngineFixed. See production.json for reference lock and production brief."
"story-stormveil-village-35-3/page:2/The First Storm","src/data/storylines.ts:253","An alcove off the engine floor, founders' slates behind wax","background","","0,1,2,3","REPLACE","3","/scenes/story/cinematic/storywide/stormveil-blackout.webp","/scenes/story/cinematic/storywide/stormveil-eleven-pipes-v1.webp","Integrated reviewed replacement: stormEngineFixed. See production.json for reference lock and production brief."
"story-stormveil-village-35-3/page:2/The First Storm","src/data/storylines.ts:253","An alcove off the engine floor, founders' slates behind wax","actor","Elder Vanta","0,1,2,3","KEEP","5","/portraits/cinematic/storywide/elder-vanta.webp?v=891202c8e","/portraits/cinematic/storywide/elder-vanta.webp?v=891202c8e","Retain reviewed accurate artwork."
"story-stormveil-village-35-3/page:3/Kesa's Whisper","src/data/storylines.ts:262","The alcove, Mira's lamp low","background","","0,1,2,3,4","REPLACE","3","/scenes/story/cinematic/storywide/stormveil-blackout.webp","/scenes/story/cinematic/storywide/stormveil-eleven-pipes-v1.webp","Integrated reviewed replacement: stormEngineFixed. See production.json for reference lock and production brief."
"story-stormveil-village-35-3/page:3/Kesa's Whisper","src/data/storylines.ts:262","The alcove, Mira's lamp low","actor","Mira Volt","0,1,2,3,4","REMAP","1","/portraits/cinematic/storywide/mira-volt.webp?v=891202c8e","/portraits/cinematic/storywide/mira-volt-neutral.webp?v=891202c8e","Resolve this exact current story beat to retained, reviewed artwork."
"story-stormveil-village-35-3/page:4/The Warden of the Reserve","src/data/storylines.ts:271","The engine floor, a founders' construct unfolding from the pipework","background","","0,1,2,3,4","REPLACE","3","/scenes/story/cinematic/storywide/stormveil-blackout.webp","/scenes/story/cinematic/storywide/stormveil-eleven-pipes-v1.webp","Integrated reviewed replacement: stormEngineFixed. See production.json for reference lock and production brief."
"story-stormveil-village-35-3/page:5/State Your Reason","src/data/storylines.ts:278","The engine floor, the Warden between you and the reserve","background","","0,1,2,3","REPLACE","3","/scenes/story/story-stormveil-village-35-3.webp","/scenes/story/cinematic/storywide/stormveil-eleven-pipes-v1.webp","Integrated reviewed replacement: stormEngineFixed. See production.json for reference lock and production brief."
"story-stormveil-village-35-3/page:5/State Your Reason","src/data/storylines.ts:278","The engine floor, the Warden between you and the reserve","actor","Elder Vanta","0,1,2,3","KEEP","5","/portraits/cinematic/storywide/elder-vanta.webp?v=891202c8e","/portraits/cinematic/storywide/elder-vanta.webp?v=891202c8e","Retain reviewed accurate artwork."
"story-stormveil-village-50-4/page:0/The Rite of the Posted Rival","src/data/storylines.ts:290","The arena at noon, banners up, the board scrubbed clean for the rite","background","","0,1,2,3","KEEP","5","/scenes/story/story-stormveil-village-50-4.webp","/scenes/story/story-stormveil-village-50-4.webp","Retain reviewed accurate artwork."
"story-stormveil-village-50-4/page:0/The Rite of the Posted Rival","src/data/storylines.ts:290","The arena at noon, banners up, the board scrubbed clean for the rite","actor","Ledger Clerk","0,1,2,3","KEEP","5","/portraits/cinematic/storywide/ledger-clerk.webp?v=891202c8e","/portraits/cinematic/storywide/ledger-clerk.webp?v=891202c8e","Retain reviewed accurate artwork."
"story-stormveil-village-50-4/page:1/Raiko's Dare","src/data/storylines.ts:296","The rite chalk, Raiko grinning like the whole village's uncle","background","","0,1,2,3","REMAP","3","/scenes/story/cinematic/storywide/stormveil-intimate.webp","/scenes/story/story-stormveil-village-50-4.webp","Resolve this exact current story beat to retained, reviewed artwork."
"story-stormveil-village-50-4/page:1/Raiko's Dare","src/data/storylines.ts:296","The rite chalk, Raiko grinning like the whole village's uncle","actor","Kage Raiko Veyr","0,1,2,3","KEEP","5","/portraits/cinematic/storywide/kage-raiko-veyr.webp?v=891202c8e","/portraits/cinematic/storywide/kage-raiko-veyr.webp?v=891202c8e","Retain reviewed accurate artwork."
"story-stormveil-village-50-4/page:2/The Missing Chalk Line","src/data/storylines.ts:305","The rite chalk, the crowd noise far away for a moment","background","","0,1,2,3","REMAP","3","/scenes/story/cinematic/storywide/stormveil-blackout.webp","/scenes/story/story-stormveil-village-50-4.webp","Resolve this exact current story beat to retained, reviewed artwork."
"story-stormveil-village-50-4/page:2/The Missing Chalk Line","src/data/storylines.ts:305","The rite chalk, the crowd noise far away for a moment","actor","Kage Raiko Veyr","0,1,2,3","KEEP","5","/portraits/cinematic/storywide/kage-raiko-veyr.webp?v=891202c8e","/portraits/cinematic/storywide/kage-raiko-veyr.webp?v=891202c8e","Retain reviewed accurate artwork."
"story-stormveil-village-50-4/page:3/Supply Lines","src/data/storylines.ts:313","The board's shadow, Mira pretending to check a cable anchor","background","","0,1,2,3","REMAP","3","/scenes/story/cinematic/storywide/stormveil-sanctum.webp","/scenes/story/story-stormveil-village-50-4.webp","Resolve this exact current story beat to retained, reviewed artwork."
"story-stormveil-village-50-4/page:3/Supply Lines","src/data/storylines.ts:313","The board's shadow, Mira pretending to check a cable anchor","actor","Mira Volt","0,1,2,3","REMAP","1","/portraits/cinematic/storywide/mira-volt.webp?v=891202c8e","/portraits/cinematic/storywide/mira-volt-neutral.webp?v=891202c8e","Resolve this exact current story beat to retained, reviewed artwork."
"story-stormveil-village-50-4/page:4/The Twin Tempest","src/data/storylines.ts:321","The rite floor, two duelists uncoiling like paired lightning","background","","0,1,2,3","KEEP","5","/scenes/story/story-stormveil-village-50-4.webp","/scenes/story/story-stormveil-village-50-4.webp","Retain reviewed accurate artwork."
"story-stormveil-village-65-5/page:0/The Ravine Order","src/data/storylines.ts:333","The tower gatehouse, an order with fresh wax and no clerk's initials","background","","0,1,2,3","KEEP","5","/scenes/story/story-stormveil-village-65-5.webp","/scenes/story/story-stormveil-village-65-5.webp","Retain reviewed accurate artwork."
"story-stormveil-village-65-5/page:0/The Ravine Order","src/data/storylines.ts:333","The tower gatehouse, an order with fresh wax and no clerk's initials","actor","Tempest Guard Captain","0,1,2,3","KEEP","5","/portraits/cinematic/storywide/tempest-guard-captain.webp?v=891202c8e","/portraits/cinematic/storywide/tempest-guard-captain.webp?v=891202c8e","Retain reviewed accurate artwork."
"story-stormveil-village-65-5/page:1/The Ninth Share","src/data/storylines.ts:342","The gatehouse, the order flat between you","background","","0,1,2,3","REMAP","3","/scenes/story/cinematic/storywide/stormveil-civic.webp","/scenes/story/story-stormveil-village-65-5.webp","Resolve this exact current story beat to retained, reviewed artwork."
"story-stormveil-village-65-5/page:1/The Ninth Share","src/data/storylines.ts:342","The gatehouse, the order flat between you","actor","Tempest Guard Captain","0,1,2,3","KEEP","5","/portraits/cinematic/storywide/tempest-guard-captain.webp?v=891202c8e","/portraits/cinematic/storywide/tempest-guard-captain.webp?v=891202c8e","Retain reviewed accurate artwork."
"story-stormveil-village-65-5/page:2/The Camp That Keeps Its Anger","src/data/storylines.ts:350","The ravine camp: cook fires, mended tents, slates nailed to posts with reasons written large","background","","0,1,2,3","REPLACE","3","/scenes/story/cinematic/storywide/stormveil-civic.webp","/scenes/story/cinematic/storywide/stormveil-ravine-camp-v1.webp","Integrated reviewed replacement: stormRavineCamp. See production.json for reference lock and production brief."
"story-stormveil-village-65-5/page:2/The Camp That Keeps Its Anger","src/data/storylines.ts:350","The ravine camp: cook fires, mended tents, slates nailed to posts with reasons written large","actor","Rebel Medic","0,1,2,3","VARIANT","1","/portraits/cinematic/storywide/rebel-medic.webp?v=891202c8e","/portraits/cinematic/storywide/rebel-medic-plain-band-v2.webp?v=891202c8e","Integrated supported story-state variant: rebelMedicResting. See production.json for reference lock and production brief."
"story-stormveil-village-65-5/page:3/The Rescued Slates","src/data/storylines.ts:356","A dry cave wall racked with hundreds of confiscated reason-slates","background","","0,1,2,3","REPLACE","3","/scenes/story/cinematic/storywide/stormveil-civic.webp","/scenes/story/cinematic/storywide/stormveil-ravine-camp-v1.webp","Integrated reviewed replacement: stormRavineCamp. See production.json for reference lock and production brief."
"story-stormveil-village-65-5/page:3/The Rescued Slates","src/data/storylines.ts:356","A dry cave wall racked with hundreds of confiscated reason-slates","actor","Mira Volt","0,1,2,3","REMAP","1","/portraits/cinematic/storywide/mira-volt-neutral.webp?v=891202c8e","/portraits/cinematic/storywide/mira-volt-grieving.webp?v=891202c8e","Resolve this exact current story beat to retained, reviewed artwork."
"story-stormveil-village-65-5/page:4/Eight Riders","src/data/storylines.ts:366","The ravine mouth, dust rising on the valley road","background","","0,1,2,3","REPLACE","3","/scenes/story/cinematic/storywide/stormveil-civic.webp","/scenes/story/cinematic/storywide/stormveil-ravine-camp-v1.webp","Integrated reviewed replacement: stormRavineCamp. See production.json for reference lock and production brief."
"story-stormveil-village-65-5/page:4/Eight Riders","src/data/storylines.ts:366","The ravine mouth, dust rising on the valley road","actor","Rebel Medic","0,1,2,3","VARIANT","1","/portraits/cinematic/storywide/rebel-medic.webp?v=891202c8e","/portraits/cinematic/storywide/rebel-medic-plain-band-v2.webp?v=891202c8e","Integrated supported story-state variant: rebelMedicResting. See production.json for reference lock and production brief."
"story-stormveil-village-65-5/page:5/The Ranking Witness","src/data/storylines.ts:372","The ravine mouth, the squad dismounting with ceremony","background","","0,1,2,3","REPLACE","3","/scenes/story/story-stormveil-village-65-5.webp","/scenes/story/cinematic/storywide/stormveil-ravine-camp-v1.webp","Integrated reviewed replacement: stormRavineCamp. See production.json for reference lock and production brief."
"story-stormveil-village-75-6/page:0/The Estate Closure","src/data/storylines.ts:384","The board at dawn, a new slate in the estate column, Mira staring at it","background","","0,1,2,3","REPLACE","3","/scenes/story/story-stormveil-village-75-6.webp","/scenes/story/cinematic/storywide/stormveil-challenge-board-v1.webp","Integrated reviewed replacement: boardGeneration. See production.json for reference lock and production brief."
"story-stormveil-village-75-6/page:0/The Estate Closure","src/data/storylines.ts:384","The board at dawn, a new slate in the estate column, Mira staring at it","actor","Mira Volt","0,1,2,3","REMAP","1","/portraits/cinematic/storywide/mira-volt.webp?v=891202c8e","/portraits/cinematic/storywide/mira-volt-neutral.webp?v=891202c8e","Resolve this exact current story beat to retained, reviewed artwork."
"story-stormveil-village-75-6/page:1/The Routing Mark","src/data/storylines.ts:393","The board, Mira's finger under the slate's corner","background","","0,1,2,3","REPLACE","3","/scenes/story/cinematic/storywide/stormveil-intimate.webp","/scenes/story/cinematic/storywide/stormveil-challenge-board-v1.webp","Integrated reviewed replacement: boardGeneration. See production.json for reference lock and production brief."
"story-stormveil-village-75-6/page:1/The Routing Mark","src/data/storylines.ts:393","The board, Mira's finger under the slate's corner","actor","Mira Volt","0,1,2,3","KEEP","5","/portraits/cinematic/storywide/mira-volt-neutral.webp?v=891202c8e","/portraits/cinematic/storywide/mira-volt-neutral.webp?v=891202c8e","Retain reviewed accurate artwork."
"story-stormveil-village-75-6/page:2/Storm Rules","src/data/storylines.ts:401","Mira's rooftop, the plan chalked on slate, her hands steady","background","","0,1,2,3","REMAP","3","/scenes/story/cinematic/storywide/stormveil-blackout.webp","/scenes/story/story-stormveil-village-25-2.webp","Resolve this exact current story beat to retained, reviewed artwork."
"story-stormveil-village-75-6/page:2/Storm Rules","src/data/storylines.ts:401","Mira's rooftop, the plan chalked on slate, her hands steady","actor","Mira Volt","0,1,2,3","REMAP","1","/portraits/cinematic/storywide/mira-volt.webp?v=891202c8e","/portraits/cinematic/storywide/mira-volt-neutral.webp?v=891202c8e","Resolve this exact current story beat to retained, reviewed artwork."
"story-stormveil-village-75-6/page:3/Main Card","src/data/storylines.ts:409","The arena floor, the estate slate hung over the bell, the crowd enormous","background","","0,1,2,3","REMAP","3","/scenes/story/story-stormveil-village-75-6.webp","/scenes/story/story-stormveil-village-50-4.webp","Resolve this exact current story beat to retained, reviewed artwork."
"story-stormveil-village-85-7/page:0/Fees Waived","src/data/storylines.ts:421","The square under a bruise-green sky, clerks posting free bouts as fast as chalk allows","background","","0,1,2,3","KEEP","5","/scenes/story/story-stormveil-village-85-7.webp","/scenes/story/story-stormveil-village-85-7.webp","Retain reviewed accurate artwork."
"story-stormveil-village-85-7/page:0/Fees Waived","src/data/storylines.ts:421","The square under a bruise-green sky, clerks posting free bouts as fast as chalk allows","actor","Tempest Guard Captain","0,1,2,3","KEEP","5","/portraits/cinematic/storywide/tempest-guard-captain.webp?v=891202c8e","/portraits/cinematic/storywide/tempest-guard-captain.webp?v=891202c8e","Retain reviewed accurate artwork."
"story-stormveil-village-85-7/page:1/The Balloon Payment","src/data/storylines.ts:427","The rail, Harrow with a valise and no intention of staying","background","","0,1,2,3","REMAP","3","/scenes/story/cinematic/storywide/stormveil-blackout.webp","/scenes/story/story-stormveil-village-85-7.webp","Resolve this exact current story beat to retained, reviewed artwork."
"story-stormveil-village-85-7/page:1/The Balloon Payment","src/data/storylines.ts:427","The rail, Harrow with a valise and no intention of staying","actor","Kite Harrow","0,1,2,3","KEEP","5","/portraits/cinematic/kite-harrow.webp?v=891202c8e","/portraits/cinematic/kite-harrow.webp?v=891202c8e","Retain reviewed accurate artwork."
"story-stormveil-village-85-7/page:2/The Anomaly, Again","src/data/storylines.ts:436","The rail, Harrow looking at her own valise like it betrayed her","background","","0,1,2,3","REMAP","3","/scenes/story/cinematic/storywide/stormveil-blackout.webp","/scenes/story/story-stormveil-village-85-7.webp","Resolve this exact current story beat to retained, reviewed artwork."
"story-stormveil-village-85-7/page:2/The Anomaly, Again","src/data/storylines.ts:436","The rail, Harrow looking at her own valise like it betrayed her","actor","Kite Harrow","0,1,2,3","KEEP","5","/portraits/cinematic/kite-harrow.webp?v=891202c8e","/portraits/cinematic/kite-harrow.webp?v=891202c8e","Retain reviewed accurate artwork."
"story-stormveil-village-85-7/page:3/The Rigger's Answer","src/data/storylines.ts:444","A rooftop over the square, cables everywhere, Mira already working","background","","0,1,2,3","REMAP","3","/scenes/story/cinematic/storywide/stormveil-blackout.webp","/scenes/story/story-stormveil-village-25-2.webp","Resolve this exact current story beat to retained, reviewed artwork."
"story-stormveil-village-85-7/page:3/The Rigger's Answer","src/data/storylines.ts:444","A rooftop over the square, cables everywhere, Mira already working","actor","Mira Volt","0,1,2,3","REMAP","1","/portraits/cinematic/storywide/mira-volt.webp?v=891202c8e","/portraits/cinematic/storywide/mira-volt-neutral.webp?v=891202c8e","Resolve this exact current story beat to retained, reviewed artwork."
"story-stormveil-village-85-7/page:4/The Weather Ledger","src/data/storylines.ts:452","Raiko's office, storm maps and a lifetime of bout slates, the Kage watching his sky","background","","0,1,2,3,4","REPLACE","3","/scenes/story/cinematic/storywide/stormveil-blackout.webp","/scenes/story/cinematic/storywide/stormveil-tower-office-v1.webp","Integrated reviewed replacement: stormTowerOfficeRecords. See production.json for reference lock and production brief."
"story-stormveil-village-85-7/page:4/The Weather Ledger","src/data/storylines.ts:452","Raiko's office, storm maps and a lifetime of bout slates, the Kage watching his sky","actor","Kage Raiko Veyr","0,1,2,3,4","KEEP","5","/portraits/cinematic/storywide/kage-raiko-veyr.webp?v=891202c8e","/portraits/cinematic/storywide/kage-raiko-veyr.webp?v=891202c8e","Retain reviewed accurate artwork."
"story-stormveil-village-85-7/page:5/The Surge Valve","src/data/storylines.ts:461","The square, the Hollow Tempest General planted like a monument, sky turning","background","","0,1,2,3","KEEP","5","/scenes/story/story-stormveil-village-85-7.webp","/scenes/story/story-stormveil-village-85-7.webp","Retain reviewed accurate artwork."
"story-stormveil-village-100-8/page:0/The Village Climbs","src/data/storylines.ts:473","The tower road at dusk, the whole village walking up to watch","background","","0,1,2,3","REMAP","3","/scenes/story/story-stormveil-village-100-8.webp","/scenes/story/story-interlude-stormveil-village-92.webp","Resolve this exact current story beat to retained, reviewed artwork."
"story-stormveil-village-100-8/page:1/At the Gate","src/data/storylines.ts:479","The tower gate, Mira with her mother's gloves tucked in her belt","background","","0,1,2,3","REMAP","3","/scenes/story/cinematic/storywide/stormveil-civic.webp","/scenes/story/story-interlude-stormveil-village-92.webp","Resolve this exact current story beat to retained, reviewed artwork."
"story-stormveil-village-100-8/page:1/At the Gate","src/data/storylines.ts:479","The tower gate, Mira with her mother's gloves tucked in her belt","actor","Mira Volt","0,1,2,3","KEEP","5","/portraits/cinematic/storywide/mira-volt-neutral.webp?v=891202c8e","/portraits/cinematic/storywide/mira-volt-neutral.webp?v=891202c8e","Retain reviewed accurate artwork."
"story-stormveil-village-100-8/page:2/The Drain Speaks","src/data/storylines.ts:487","The storm floor, open to the rotating sky, Raiko at the rail","background","","0,1,2,3,4","REPLACE","3","/scenes/story/cinematic/storywide/stormveil-blackout.webp","/scenes/story/cinematic/storywide/stormveil-storm-floor-v1.webp","Integrated reviewed replacement: stormFloor. See production.json for reference lock and production brief."
"story-stormveil-village-100-8/page:2/The Drain Speaks","src/data/storylines.ts:487","The storm floor, open to the rotating sky, Raiko at the rail","actor","Kage Raiko Veyr","0,1,2,3,4","KEEP","5","/portraits/cinematic/storywide/kage-raiko-veyr.webp?v=891202c8e","/portraits/cinematic/storywide/kage-raiko-veyr.webp?v=891202c8e","Retain reviewed accurate artwork."
"story-stormveil-village-100-8/page:3/The Man Becoming Weather","src/data/storylines.ts:494","The storm floor, lightning walking Raiko's shoulders like gulls","background","","0,1,2,3","REPLACE","3","/scenes/story/cinematic/storywide/stormveil-blackout.webp","/scenes/story/cinematic/storywide/stormveil-storm-floor-v1.webp","Integrated reviewed replacement: stormFloor. See production.json for reference lock and production brief."
"story-stormveil-village-100-8/page:3/The Man Becoming Weather","src/data/storylines.ts:494","The storm floor, lightning walking Raiko's shoulders like gulls","actor","Kage Raiko Veyr","0,1,2,3","KEEP","5","/portraits/cinematic/storywide/kage-raiko-veyr.webp?v=891202c8e","/portraits/cinematic/storywide/kage-raiko-veyr.webp?v=891202c8e","Retain reviewed accurate artwork."
"story-stormveil-village-100-8/page:4/The Quiet Storm","src/data/storylines.ts:502","The storm floor, Kesa's cable maps unrolled on the rail","background","","0,1,2,3","REPLACE","3","/scenes/story/cinematic/storywide/stormveil-blackout.webp","/scenes/story/cinematic/storywide/stormveil-storm-floor-v1.webp","Integrated reviewed replacement: stormFloor. See production.json for reference lock and production brief."
"story-stormveil-village-100-8/page:4/The Quiet Storm","src/data/storylines.ts:502","The storm floor, Kesa's cable maps unrolled on the rail","actor","Kage Raiko Veyr","0,1,2,3","KEEP","5","/portraits/cinematic/storywide/kage-raiko-veyr.webp?v=891202c8e","/portraits/cinematic/storywide/kage-raiko-veyr.webp?v=891202c8e","Retain reviewed accurate artwork."
"story-stormveil-village-100-8/page:5/What the District Saw","src/data/storylines.ts:513","The storm floor, the Low Terraces' lamps visible far below","background","","0,1,2","REPLACE","3","/scenes/story/cinematic/storywide/stormveil-blackout.webp","/scenes/story/cinematic/storywide/stormveil-storm-floor-v1.webp","Integrated reviewed replacement: stormFloor. See production.json for reference lock and production brief."
"story-stormveil-village-100-8/page:5/What the District Saw","src/data/storylines.ts:513","The storm floor, the Low Terraces' lamps visible far below","actor","Kage Raiko Veyr","0,1,2","KEEP","5","/portraits/cinematic/storywide/kage-raiko-veyr.webp?v=891202c8e","/portraits/cinematic/storywide/kage-raiko-veyr.webp?v=891202c8e","Retain reviewed accurate artwork."
"story-stormveil-village-100-8/page:6/The Signed Log","src/data/storylines.ts:520","The storm floor, Vanta's log flat under Raiko's wide hand","background","","0,1,2,3","REPLACE","3","/scenes/story/cinematic/storywide/stormveil-blackout.webp","/scenes/story/cinematic/storywide/stormveil-storm-floor-v1.webp","Integrated reviewed replacement: stormFloor. See production.json for reference lock and production brief."
"story-stormveil-village-100-8/page:6/The Signed Log","src/data/storylines.ts:520","The storm floor, Vanta's log flat under Raiko's wide hand","actor","Kage Raiko Veyr","0,1,2,3","KEEP","5","/portraits/cinematic/storywide/kage-raiko-veyr.webp?v=891202c8e","/portraits/cinematic/storywide/kage-raiko-veyr.webp?v=891202c8e","Retain reviewed accurate artwork."
"story-stormveil-village-100-8/page:7/The Board's Own Odds","src/data/storylines.ts:528","The storm floor, a torn odds slate spinning in the wind between you","background","","0,1,2,3","REPLACE","3","/scenes/story/cinematic/storywide/stormveil-blackout.webp","/scenes/story/cinematic/storywide/stormveil-storm-floor-v1.webp","Integrated reviewed replacement: stormFloor. See production.json for reference lock and production brief."
"story-stormveil-village-100-8/page:7/The Board's Own Odds","src/data/storylines.ts:528","The storm floor, a torn odds slate spinning in the wind between you","actor","Kage Raiko Veyr","0,1,2,3","KEEP","5","/portraits/cinematic/storywide/kage-raiko-veyr.webp?v=891202c8e","/portraits/cinematic/storywide/kage-raiko-veyr.webp?v=891202c8e","Retain reviewed accurate artwork."
"story-stormveil-village-100-8/page:8/The Splice","src/data/storylines.ts:536","The storm floor, the anchor splice knotted to the rail, holding","background","","0,1,2,3","REPLACE","3","/scenes/story/cinematic/storywide/stormveil-blackout.webp","/scenes/story/cinematic/storywide/stormveil-storm-floor-v1.webp","Integrated reviewed replacement: stormFloor. See production.json for reference lock and production brief."
"story-stormveil-village-100-8/page:8/The Splice","src/data/storylines.ts:536","The storm floor, the anchor splice knotted to the rail, holding","actor","Kage Raiko Veyr","0,1,2,3","KEEP","5","/portraits/cinematic/storywide/kage-raiko-veyr.webp?v=891202c8e","/portraits/cinematic/storywide/kage-raiko-veyr.webp?v=891202c8e","Retain reviewed accurate artwork."
"story-stormveil-village-100-8/page:9/Her Daughter Says the Why","src/data/storylines.ts:544","The gate stair door banging open, Mira crossing the storm floor","background","","0,1,2","REPLACE","3","/scenes/story/cinematic/storywide/stormveil-blackout.webp","/scenes/story/cinematic/storywide/stormveil-storm-floor-v1.webp","Integrated reviewed replacement: stormFloor. See production.json for reference lock and production brief."
"story-stormveil-village-100-8/page:9/Her Daughter Says the Why","src/data/storylines.ts:544","The gate stair door banging open, Mira crossing the storm floor","actor","Mira Volt","0,1,2","REMAP","1","/portraits/cinematic/storywide/mira-volt.webp?v=891202c8e","/portraits/cinematic/storywide/mira-volt-grieving.webp?v=891202c8e","Resolve this exact current story beat to retained, reviewed artwork."
"story-stormveil-village-100-8/page:10/The Reason, Kept","src/data/storylines.ts:551","The storm floor, Mira reading from a slate that never reached the shaft","background","","0,1,2","REPLACE","3","/scenes/story/cinematic/storywide/stormveil-blackout.webp","/scenes/story/cinematic/storywide/stormveil-storm-floor-v1.webp","Integrated reviewed replacement: stormFloor. See production.json for reference lock and production brief."
"story-stormveil-village-100-8/page:10/The Reason, Kept","src/data/storylines.ts:551","The storm floor, Mira reading from a slate that never reached the shaft","actor","Mira Volt","0,1,2","REMAP","1","/portraits/cinematic/storywide/mira-volt.webp?v=891202c8e","/portraits/cinematic/storywide/mira-volt-neutral.webp?v=891202c8e","Resolve this exact current story beat to retained, reviewed artwork."
"story-stormveil-village-100-8/page:11/The Bookmaker's Silence","src/data/storylines.ts:558","The storm floor, the wind oddly gentle for a breath","background","","0,1","REPLACE","3","/scenes/story/cinematic/storywide/stormveil-blackout.webp","/scenes/story/cinematic/storywide/stormveil-storm-floor-v1.webp","Integrated reviewed replacement: stormFloor. See production.json for reference lock and production brief."
"story-stormveil-village-100-8/page:11/The Bookmaker's Silence","src/data/storylines.ts:558","The storm floor, the wind oddly gentle for a breath","actor","Kage Raiko Veyr","0,1","KEEP","5","/portraits/cinematic/storywide/kage-raiko-veyr.webp?v=891202c8e","/portraits/cinematic/storywide/kage-raiko-veyr.webp?v=891202c8e","Retain reviewed accurate artwork."
"story-stormveil-village-100-8/page:12/A Sky Without a Why","src/data/storylines.ts:564","The storm floor, the district's lamps below, the maps not in your hands","background","","0,1,2,3","REPLACE","3","/scenes/story/cinematic/storywide/stormveil-blackout.webp","/scenes/story/cinematic/storywide/stormveil-storm-floor-v1.webp","Integrated reviewed replacement: stormFloor. See production.json for reference lock and production brief."
"story-stormveil-village-100-8/page:12/A Sky Without a Why","src/data/storylines.ts:564","The storm floor, the district's lamps below, the maps not in your hands","actor","Kage Raiko Veyr","0,1,2,3","KEEP","5","/portraits/cinematic/storywide/kage-raiko-veyr.webp?v=891202c8e","/portraits/cinematic/storywide/kage-raiko-veyr.webp?v=891202c8e","Retain reviewed accurate artwork."
"story-stormveil-village-100-8/page:13/The Answer in Your Kit","src/data/storylines.ts:572","Kesa's maps unrolled in Raiko's scarred hands","background","","0,1,2,3","REPLACE","3","/scenes/story/cinematic/storywide/stormveil-civic.webp","/scenes/story/cinematic/storywide/stormveil-storm-floor-v1.webp","Integrated reviewed replacement: stormFloor. See production.json for reference lock and production brief."
"story-stormveil-village-100-8/page:13/The Answer in Your Kit","src/data/storylines.ts:572","Kesa's maps unrolled in Raiko's scarred hands","actor","Kage Raiko Veyr","0,1,2,3","KEEP","5","/portraits/cinematic/storywide/kage-raiko-veyr.webp?v=891202c8e","/portraits/cinematic/storywide/kage-raiko-veyr.webp?v=891202c8e","Retain reviewed accurate artwork."
"story-stormveil-village-100-8/page:14/Vanta Opens the Books","src/data/storylines.ts:580","The storm floor, an old bookmaker setting ledgers on the rail one by one","background","","0,1,2,3","REPLACE","3","/scenes/story/cinematic/storywide/stormveil-blackout.webp","/scenes/story/cinematic/storywide/stormveil-storm-floor-v1.webp","Integrated reviewed replacement: stormFloor. See production.json for reference lock and production brief."
"story-stormveil-village-100-8/page:14/Vanta Opens the Books","src/data/storylines.ts:580","The storm floor, an old bookmaker setting ledgers on the rail one by one","actor","Elder Vanta","0,1,2,3","REMAP","1","/portraits/cinematic/storywide/elder-vanta.webp?v=891202c8e","/portraits/cinematic/storywide/elder-vanta-solemn.webp?v=891202c8e","Resolve this exact current story beat to retained, reviewed artwork."
"story-stormveil-village-100-8/page:15/The Last Answer","src/data/storylines.ts:588","The storm floor, Raiko looking from the proof to the turning sky","background","","0,1","REPLACE","3","/scenes/story/cinematic/storywide/stormveil-blackout.webp","/scenes/story/cinematic/storywide/stormveil-storm-floor-v1.webp","Integrated reviewed replacement: stormFloor. See production.json for reference lock and production brief."
"story-stormveil-village-100-8/page:15/The Last Answer","src/data/storylines.ts:588","The storm floor, Raiko looking from the proof to the turning sky","actor","Kage Raiko Veyr","0,1","KEEP","5","/portraits/cinematic/storywide/kage-raiko-veyr.webp?v=891202c8e","/portraits/cinematic/storywide/kage-raiko-veyr.webp?v=891202c8e","Retain reviewed accurate artwork."
"story-stormveil-village-100-8/page:16/Answer for the ninth share. You've been drawing it for seasons.","src/data/storylines.ts:594","The reckoning","background","","0,1,2","REPLACE","3","/scenes/story/cinematic/storywide/stormveil-civic.webp","/scenes/story/cinematic/storywide/stormveil-storm-floor-v1.webp","Integrated reviewed replacement: stormFloor. See production.json for reference lock and production brief."
"story-stormveil-village-100-8/page:16/Answer for the ninth share. You've been drawing it for seasons.","src/data/storylines.ts:594","The reckoning","actor","Kage Raiko Veyr","0,1,2","KEEP","5","/portraits/cinematic/storywide/kage-raiko-veyr.webp?v=891202c8e","/portraits/cinematic/storywide/kage-raiko-veyr.webp?v=891202c8e","Retain reviewed accurate artwork."
"story-stormveil-village-100-8/page:17/Answer for the routing mark. My bout was written before I fought it.","src/data/storylines.ts:601","The reckoning","background","","0,1,2","REPLACE","3","/scenes/story/cinematic/storywide/stormveil-civic.webp","/scenes/story/cinematic/storywide/stormveil-storm-floor-v1.webp","Integrated reviewed replacement: stormFloor. See production.json for reference lock and production brief."
"story-stormveil-village-100-8/page:17/Answer for the routing mark. My bout was written before I fought it.","src/data/storylines.ts:601","The reckoning","actor","Kage Raiko Veyr","0,1,2","KEEP","5","/portraits/cinematic/storywide/kage-raiko-veyr.webp?v=891202c8e","/portraits/cinematic/storywide/kage-raiko-veyr.webp?v=891202c8e","Retain reviewed accurate artwork."
"story-stormveil-village-100-8/page:18/Answer for Kesa Volt. Her line holds your sky right now.","src/data/storylines.ts:608","The reckoning","background","","0,1,2","REPLACE","3","/scenes/story/cinematic/storywide/stormveil-sanctum.webp","/scenes/story/cinematic/storywide/stormveil-storm-floor-v1.webp","Integrated reviewed replacement: stormFloor. See production.json for reference lock and production brief."
"story-stormveil-village-100-8/page:18/Answer for Kesa Volt. Her line holds your sky right now.","src/data/storylines.ts:608","The reckoning","actor","Kage Raiko Veyr","0,1,2","KEEP","5","/portraits/cinematic/storywide/kage-raiko-veyr.webp?v=891202c8e","/portraits/cinematic/storywide/kage-raiko-veyr.webp?v=891202c8e","Retain reviewed accurate artwork."
"story-stormveil-village-100-8/page:19/The Blank Board","src/data/storylines.ts:615","The storm floor, the last blank slate between you and the Tyrant rising","background","","0,1,2,3","KEEP","5","/scenes/story/cinematic/storywide/stormveil-climax-blank-board.webp","/scenes/story/cinematic/storywide/stormveil-climax-blank-board.webp","Retain reviewed accurate artwork."
"story-stormveil-village-100-8/page:19/The Blank Board","src/data/storylines.ts:615","The storm floor, the last blank slate between you and the Tyrant rising","actor","Kage Raiko Veyr","0,1,2,3","KEEP","5","/portraits/cinematic/storywide/kage-raiko-veyr-hollow.webp?v=891202c8e","/portraits/cinematic/storywide/kage-raiko-veyr-hollow.webp?v=891202c8e","Retain reviewed accurate artwork."
"story-stormveil-village-4-0:archive-0/page:0/The Challenge Board","src/data/storylines.ts:70","The arena rim at dusk, chalk odds on slate, banner cables humming","background","","0,1,2,3","REPLACE","3","/scenes/story/story-stormveil-village-4-0.webp","/scenes/story/cinematic/storywide/stormveil-challenge-board-v1.webp","Integrated reviewed replacement: boardGeneration. See production.json for reference lock and production brief."
"story-stormveil-village-4-0:archive-0/page:0/The Challenge Board","src/data/storylines.ts:70","The arena rim at dusk, chalk odds on slate, banner cables humming","actor","Mira Volt","0,1,2,3","REMAP","1","/portraits/cinematic/storywide/mira-volt.webp?v=891202c8e","/portraits/cinematic/storywide/mira-volt-neutral.webp?v=891202c8e","Resolve this exact current story beat to retained, reviewed artwork."
"story-stormveil-village-4-0:archive-0/page:1/The Reason Line","src/data/storylines.ts:76","The board clerk's stand, a wet brush waiting","background","","0,1,2,3","REPLACE","3","/scenes/story/cinematic/storywide/stormveil-civic.webp","/scenes/story/cinematic/storywide/stormveil-challenge-board-v1.webp","Integrated reviewed replacement: boardGeneration. See production.json for reference lock and production brief."
"story-stormveil-village-4-0:archive-0/page:1/The Reason Line","src/data/storylines.ts:76","The board clerk's stand, a wet brush waiting","actor","Ledger Clerk","0,1,2,3","KEEP","5","/portraits/cinematic/storywide/ledger-clerk.webp?v=891202c8e","/portraits/cinematic/storywide/ledger-clerk.webp?v=891202c8e","Retain reviewed accurate artwork."
"story-stormveil-village-4-0:archive-0/page:2/A Shield Reason","src/data/storylines.ts:88","The clerk's stand","background","","0,1,2","REPLACE","3","/scenes/story/cinematic/storywide/stormveil-civic.webp","/scenes/story/cinematic/storywide/stormveil-challenge-board-v1.webp","Integrated reviewed replacement: boardGeneration. See production.json for reference lock and production brief."
"story-stormveil-village-4-0:archive-0/page:2/A Shield Reason","src/data/storylines.ts:88","The clerk's stand","actor","Ledger Clerk","0,1,2","KEEP","5","/portraits/cinematic/storywide/ledger-clerk.webp?v=891202c8e","/portraits/cinematic/storywide/ledger-clerk.webp?v=891202c8e","Retain reviewed accurate artwork."
"story-stormveil-village-4-0:archive-0/page:3/Posted Twice","src/data/storylines.ts:123","The board, slates clacking in the wind","background","","0,1,2,3","REPLACE","3","/scenes/story/cinematic/storywide/stormveil-sanctum.webp","/scenes/story/cinematic/storywide/stormveil-challenge-board-v1.webp","Integrated reviewed replacement: boardGeneration. See production.json for reference lock and production brief."
"story-stormveil-village-4-0:archive-0/page:3/Posted Twice","src/data/storylines.ts:123","The board, slates clacking in the wind","actor","Mira Volt","0,1,2,3","KEEP","5","/portraits/cinematic/storywide/mira-volt-neutral.webp?v=891202c8e","/portraits/cinematic/storywide/mira-volt-neutral.webp?v=891202c8e","Retain reviewed accurate artwork."
"story-stormveil-village-4-0:archive-0/page:4/Elder Vanta","src/data/storylines.ts:129","The board, an old man reading slates like weather","background","","0,1,2,3","REPLACE","3","/scenes/story/cinematic/storywide/stormveil-civic.webp","/scenes/story/cinematic/storywide/stormveil-challenge-board-v1.webp","Integrated reviewed replacement: boardGeneration. See production.json for reference lock and production brief."
"story-stormveil-village-4-0:archive-0/page:4/Elder Vanta","src/data/storylines.ts:129","The board, an old man reading slates like weather","actor","Elder Vanta","0,1,2,3","KEEP","5","/portraits/cinematic/storywide/elder-vanta.webp?v=891202c8e","/portraits/cinematic/storywide/elder-vanta.webp?v=891202c8e","Retain reviewed accurate artwork."
"story-stormveil-village-4-0:archive-0/page:5/The First Bout","src/data/storylines.ts:137","The arena floor, chalk dust, the crowd leaning in","background","","0,1,2,3,4","KEEP","5","/scenes/story/story-stormveil-village-4-0.webp","/scenes/story/story-stormveil-village-4-0.webp","Retain reviewed accurate artwork."
"story-stormveil-village-4-0:archive-0/page:5/The First Bout","src/data/storylines.ts:137","The arena floor, chalk dust, the crowd leaning in","actor","Mira Volt","0,1,2,3,4","REMAP","1","/portraits/cinematic/storywide/mira-volt.webp?v=891202c8e","/portraits/cinematic/storywide/mira-volt-neutral.webp?v=891202c8e","Resolve this exact current story beat to retained, reviewed artwork."
"story-stormveil-village-4-0:archive-1/page:0/The Challenge Board","src/data/storylines.ts:70","The arena rim at dusk, chalk odds on slate, banner cables humming","background","","0,1,2,3","REPLACE","3","/scenes/story/story-stormveil-village-4-0.webp","/scenes/story/cinematic/storywide/stormveil-challenge-board-v1.webp","Integrated reviewed replacement: boardGeneration. See production.json for reference lock and production brief."
"story-stormveil-village-4-0:archive-1/page:0/The Challenge Board","src/data/storylines.ts:70","The arena rim at dusk, chalk odds on slate, banner cables humming","actor","Mira Volt","0,1,2,3","REMAP","1","/portraits/cinematic/storywide/mira-volt.webp?v=891202c8e","/portraits/cinematic/storywide/mira-volt-neutral.webp?v=891202c8e","Resolve this exact current story beat to retained, reviewed artwork."
"story-stormveil-village-4-0:archive-1/page:1/The Reason Line","src/data/storylines.ts:76","The board clerk's stand, a wet brush waiting","background","","0,1,2,3","REPLACE","3","/scenes/story/cinematic/storywide/stormveil-civic.webp","/scenes/story/cinematic/storywide/stormveil-challenge-board-v1.webp","Integrated reviewed replacement: boardGeneration. See production.json for reference lock and production brief."
"story-stormveil-village-4-0:archive-1/page:1/The Reason Line","src/data/storylines.ts:76","The board clerk's stand, a wet brush waiting","actor","Ledger Clerk","0,1,2,3","KEEP","5","/portraits/cinematic/storywide/ledger-clerk.webp?v=891202c8e","/portraits/cinematic/storywide/ledger-clerk.webp?v=891202c8e","Retain reviewed accurate artwork."
"story-stormveil-village-4-0:archive-1/page:2/A Ladder Reason","src/data/storylines.ts:95","The clerk's stand","background","","0,1,2","REPLACE","3","/scenes/story/cinematic/storywide/stormveil-civic.webp","/scenes/story/cinematic/storywide/stormveil-challenge-board-v1.webp","Integrated reviewed replacement: boardGeneration. See production.json for reference lock and production brief."
"story-stormveil-village-4-0:archive-1/page:2/A Ladder Reason","src/data/storylines.ts:95","The clerk's stand","actor","Ledger Clerk","0,1,2","KEEP","5","/portraits/cinematic/storywide/ledger-clerk.webp?v=891202c8e","/portraits/cinematic/storywide/ledger-clerk.webp?v=891202c8e","Retain reviewed accurate artwork."
"story-stormveil-village-4-0:archive-1/page:3/Posted Twice","src/data/storylines.ts:123","The board, slates clacking in the wind","background","","0,1,2,3","REPLACE","3","/scenes/story/cinematic/storywide/stormveil-sanctum.webp","/scenes/story/cinematic/storywide/stormveil-challenge-board-v1.webp","Integrated reviewed replacement: boardGeneration. See production.json for reference lock and production brief."
"story-stormveil-village-4-0:archive-1/page:3/Posted Twice","src/data/storylines.ts:123","The board, slates clacking in the wind","actor","Mira Volt","0,1,2,3","KEEP","5","/portraits/cinematic/storywide/mira-volt-neutral.webp?v=891202c8e","/portraits/cinematic/storywide/mira-volt-neutral.webp?v=891202c8e","Retain reviewed accurate artwork."
"story-stormveil-village-4-0:archive-1/page:4/Elder Vanta","src/data/storylines.ts:129","The board, an old man reading slates like weather","background","","0,1,2,3","REPLACE","3","/scenes/story/cinematic/storywide/stormveil-civic.webp","/scenes/story/cinematic/storywide/stormveil-challenge-board-v1.webp","Integrated reviewed replacement: boardGeneration. See production.json for reference lock and production brief."
"story-stormveil-village-4-0:archive-1/page:4/Elder Vanta","src/data/storylines.ts:129","The board, an old man reading slates like weather","actor","Elder Vanta","0,1,2,3","KEEP","5","/portraits/cinematic/storywide/elder-vanta.webp?v=891202c8e","/portraits/cinematic/storywide/elder-vanta.webp?v=891202c8e","Retain reviewed accurate artwork."
"story-stormveil-village-4-0:archive-1/page:5/The First Bout","src/data/storylines.ts:137","The arena floor, chalk dust, the crowd leaning in","background","","0,1,2,3,4","KEEP","5","/scenes/story/story-stormveil-village-4-0.webp","/scenes/story/story-stormveil-village-4-0.webp","Retain reviewed accurate artwork."
"story-stormveil-village-4-0:archive-1/page:5/The First Bout","src/data/storylines.ts:137","The arena floor, chalk dust, the crowd leaning in","actor","Mira Volt","0,1,2,3,4","REMAP","1","/portraits/cinematic/storywide/mira-volt.webp?v=891202c8e","/portraits/cinematic/storywide/mira-volt-neutral.webp?v=891202c8e","Resolve this exact current story beat to retained, reviewed artwork."
"story-stormveil-village-4-0:archive-2/page:0/The Challenge Board","src/data/storylines.ts:70","The arena rim at dusk, chalk odds on slate, banner cables humming","background","","0,1,2,3","REPLACE","3","/scenes/story/story-stormveil-village-4-0.webp","/scenes/story/cinematic/storywide/stormveil-challenge-board-v1.webp","Integrated reviewed replacement: boardGeneration. See production.json for reference lock and production brief."
"story-stormveil-village-4-0:archive-2/page:0/The Challenge Board","src/data/storylines.ts:70","The arena rim at dusk, chalk odds on slate, banner cables humming","actor","Mira Volt","0,1,2,3","REMAP","1","/portraits/cinematic/storywide/mira-volt.webp?v=891202c8e","/portraits/cinematic/storywide/mira-volt-neutral.webp?v=891202c8e","Resolve this exact current story beat to retained, reviewed artwork."
"story-stormveil-village-4-0:archive-2/page:1/The Reason Line","src/data/storylines.ts:76","The board clerk's stand, a wet brush waiting","background","","0,1,2,3","REPLACE","3","/scenes/story/cinematic/storywide/stormveil-civic.webp","/scenes/story/cinematic/storywide/stormveil-challenge-board-v1.webp","Integrated reviewed replacement: boardGeneration. See production.json for reference lock and production brief."
"story-stormveil-village-4-0:archive-2/page:1/The Reason Line","src/data/storylines.ts:76","The board clerk's stand, a wet brush waiting","actor","Ledger Clerk","0,1,2,3","KEEP","5","/portraits/cinematic/storywide/ledger-clerk.webp?v=891202c8e","/portraits/cinematic/storywide/ledger-clerk.webp?v=891202c8e","Retain reviewed accurate artwork."
"story-stormveil-village-4-0:archive-2/page:2/A Debt Reason","src/data/storylines.ts:102","The clerk's stand","background","","0,1,2","REPLACE","3","/scenes/story/cinematic/storywide/stormveil-civic.webp","/scenes/story/cinematic/storywide/stormveil-challenge-board-v1.webp","Integrated reviewed replacement: boardGeneration. See production.json for reference lock and production brief."
"story-stormveil-village-4-0:archive-2/page:2/A Debt Reason","src/data/storylines.ts:102","The clerk's stand","actor","Ledger Clerk","0,1,2","KEEP","5","/portraits/cinematic/storywide/ledger-clerk.webp?v=891202c8e","/portraits/cinematic/storywide/ledger-clerk.webp?v=891202c8e","Retain reviewed accurate artwork."
"story-stormveil-village-4-0:archive-2/page:3/Posted Twice","src/data/storylines.ts:123","The board, slates clacking in the wind","background","","0,1,2,3","REPLACE","3","/scenes/story/cinematic/storywide/stormveil-sanctum.webp","/scenes/story/cinematic/storywide/stormveil-challenge-board-v1.webp","Integrated reviewed replacement: boardGeneration. See production.json for reference lock and production brief."
"story-stormveil-village-4-0:archive-2/page:3/Posted Twice","src/data/storylines.ts:123","The board, slates clacking in the wind","actor","Mira Volt","0,1,2,3","KEEP","5","/portraits/cinematic/storywide/mira-volt-neutral.webp?v=891202c8e","/portraits/cinematic/storywide/mira-volt-neutral.webp?v=891202c8e","Retain reviewed accurate artwork."
"story-stormveil-village-4-0:archive-2/page:4/Elder Vanta","src/data/storylines.ts:129","The board, an old man reading slates like weather","background","","0,1,2,3","REPLACE","3","/scenes/story/cinematic/storywide/stormveil-civic.webp","/scenes/story/cinematic/storywide/stormveil-challenge-board-v1.webp","Integrated reviewed replacement: boardGeneration. See production.json for reference lock and production brief."
"story-stormveil-village-4-0:archive-2/page:4/Elder Vanta","src/data/storylines.ts:129","The board, an old man reading slates like weather","actor","Elder Vanta","0,1,2,3","KEEP","5","/portraits/cinematic/storywide/elder-vanta.webp?v=891202c8e","/portraits/cinematic/storywide/elder-vanta.webp?v=891202c8e","Retain reviewed accurate artwork."
"story-stormveil-village-4-0:archive-2/page:5/The First Bout","src/data/storylines.ts:137","The arena floor, chalk dust, the crowd leaning in","background","","0,1,2,3,4","KEEP","5","/scenes/story/story-stormveil-village-4-0.webp","/scenes/story/story-stormveil-village-4-0.webp","Retain reviewed accurate artwork."
"story-stormveil-village-4-0:archive-2/page:5/The First Bout","src/data/storylines.ts:137","The arena floor, chalk dust, the crowd leaning in","actor","Mira Volt","0,1,2,3,4","REMAP","1","/portraits/cinematic/storywide/mira-volt.webp?v=891202c8e","/portraits/cinematic/storywide/mira-volt-neutral.webp?v=891202c8e","Resolve this exact current story beat to retained, reviewed artwork."
"story-stormveil-village-4-0:archive-3/page:0/The Challenge Board","src/data/storylines.ts:70","The arena rim at dusk, chalk odds on slate, banner cables humming","background","","0,1,2,3","REPLACE","3","/scenes/story/story-stormveil-village-4-0.webp","/scenes/story/cinematic/storywide/stormveil-challenge-board-v1.webp","Integrated reviewed replacement: boardGeneration. See production.json for reference lock and production brief."
"story-stormveil-village-4-0:archive-3/page:0/The Challenge Board","src/data/storylines.ts:70","The arena rim at dusk, chalk odds on slate, banner cables humming","actor","Mira Volt","0,1,2,3","REMAP","1","/portraits/cinematic/storywide/mira-volt.webp?v=891202c8e","/portraits/cinematic/storywide/mira-volt-neutral.webp?v=891202c8e","Resolve this exact current story beat to retained, reviewed artwork."
"story-stormveil-village-4-0:archive-3/page:1/The Reason Line","src/data/storylines.ts:76","The board clerk's stand, a wet brush waiting","background","","0,1,2,3","REPLACE","3","/scenes/story/cinematic/storywide/stormveil-civic.webp","/scenes/story/cinematic/storywide/stormveil-challenge-board-v1.webp","Integrated reviewed replacement: boardGeneration. See production.json for reference lock and production brief."
"story-stormveil-village-4-0:archive-3/page:1/The Reason Line","src/data/storylines.ts:76","The board clerk's stand, a wet brush waiting","actor","Ledger Clerk","0,1,2,3","KEEP","5","/portraits/cinematic/storywide/ledger-clerk.webp?v=891202c8e","/portraits/cinematic/storywide/ledger-clerk.webp?v=891202c8e","Retain reviewed accurate artwork."
"story-stormveil-village-4-0:archive-3/page:2/A Searching Reason","src/data/storylines.ts:109","The clerk's stand","background","","0,1,2","REPLACE","3","/scenes/story/cinematic/storywide/stormveil-civic.webp","/scenes/story/cinematic/storywide/stormveil-challenge-board-v1.webp","Integrated reviewed replacement: boardGeneration. See production.json for reference lock and production brief."
"story-stormveil-village-4-0:archive-3/page:2/A Searching Reason","src/data/storylines.ts:109","The clerk's stand","actor","Ledger Clerk","0,1,2","KEEP","5","/portraits/cinematic/storywide/ledger-clerk.webp?v=891202c8e","/portraits/cinematic/storywide/ledger-clerk.webp?v=891202c8e","Retain reviewed accurate artwork."
"story-stormveil-village-4-0:archive-3/page:3/Posted Twice","src/data/storylines.ts:123","The board, slates clacking in the wind","background","","0,1,2,3","REPLACE","3","/scenes/story/cinematic/storywide/stormveil-sanctum.webp","/scenes/story/cinematic/storywide/stormveil-challenge-board-v1.webp","Integrated reviewed replacement: boardGeneration. See production.json for reference lock and production brief."
"story-stormveil-village-4-0:archive-3/page:3/Posted Twice","src/data/storylines.ts:123","The board, slates clacking in the wind","actor","Mira Volt","0,1,2,3","KEEP","5","/portraits/cinematic/storywide/mira-volt-neutral.webp?v=891202c8e","/portraits/cinematic/storywide/mira-volt-neutral.webp?v=891202c8e","Retain reviewed accurate artwork."
"story-stormveil-village-4-0:archive-3/page:4/Elder Vanta","src/data/storylines.ts:129","The board, an old man reading slates like weather","background","","0,1,2,3","REPLACE","3","/scenes/story/cinematic/storywide/stormveil-civic.webp","/scenes/story/cinematic/storywide/stormveil-challenge-board-v1.webp","Integrated reviewed replacement: boardGeneration. See production.json for reference lock and production brief."
"story-stormveil-village-4-0:archive-3/page:4/Elder Vanta","src/data/storylines.ts:129","The board, an old man reading slates like weather","actor","Elder Vanta","0,1,2,3","KEEP","5","/portraits/cinematic/storywide/elder-vanta.webp?v=891202c8e","/portraits/cinematic/storywide/elder-vanta.webp?v=891202c8e","Retain reviewed accurate artwork."
"story-stormveil-village-4-0:archive-3/page:5/The First Bout","src/data/storylines.ts:137","The arena floor, chalk dust, the crowd leaning in","background","","0,1,2,3,4","KEEP","5","/scenes/story/story-stormveil-village-4-0.webp","/scenes/story/story-stormveil-village-4-0.webp","Retain reviewed accurate artwork."
"story-stormveil-village-4-0:archive-3/page:5/The First Bout","src/data/storylines.ts:137","The arena floor, chalk dust, the crowd leaning in","actor","Mira Volt","0,1,2,3,4","REMAP","1","/portraits/cinematic/storywide/mira-volt.webp?v=891202c8e","/portraits/cinematic/storywide/mira-volt-neutral.webp?v=891202c8e","Resolve this exact current story beat to retained, reviewed artwork."
"story-stormveil-village-4-0:archive-4/page:0/The Challenge Board","src/data/storylines.ts:70","The arena rim at dusk, chalk odds on slate, banner cables humming","background","","0,1,2,3","REPLACE","3","/scenes/story/story-stormveil-village-4-0.webp","/scenes/story/cinematic/storywide/stormveil-challenge-board-v1.webp","Integrated reviewed replacement: boardGeneration. See production.json for reference lock and production brief."
"story-stormveil-village-4-0:archive-4/page:0/The Challenge Board","src/data/storylines.ts:70","The arena rim at dusk, chalk odds on slate, banner cables humming","actor","Mira Volt","0,1,2,3","REMAP","1","/portraits/cinematic/storywide/mira-volt.webp?v=891202c8e","/portraits/cinematic/storywide/mira-volt-neutral.webp?v=891202c8e","Resolve this exact current story beat to retained, reviewed artwork."
"story-stormveil-village-4-0:archive-4/page:1/The Reason Line","src/data/storylines.ts:76","The board clerk's stand, a wet brush waiting","background","","0,1,2,3","REPLACE","3","/scenes/story/cinematic/storywide/stormveil-civic.webp","/scenes/story/cinematic/storywide/stormveil-challenge-board-v1.webp","Integrated reviewed replacement: boardGeneration. See production.json for reference lock and production brief."
"story-stormveil-village-4-0:archive-4/page:1/The Reason Line","src/data/storylines.ts:76","The board clerk's stand, a wet brush waiting","actor","Ledger Clerk","0,1,2,3","KEEP","5","/portraits/cinematic/storywide/ledger-clerk.webp?v=891202c8e","/portraits/cinematic/storywide/ledger-clerk.webp?v=891202c8e","Retain reviewed accurate artwork."
"story-stormveil-village-4-0:archive-4/page:2/A Blank Reason","src/data/storylines.ts:116","The clerk's stand","background","","0,1,2","REPLACE","3","/scenes/story/cinematic/storywide/stormveil-civic.webp","/scenes/story/cinematic/storywide/stormveil-challenge-board-v1.webp","Integrated reviewed replacement: boardGeneration. See production.json for reference lock and production brief."
"story-stormveil-village-4-0:archive-4/page:2/A Blank Reason","src/data/storylines.ts:116","The clerk's stand","actor","Ledger Clerk","0,1,2","KEEP","5","/portraits/cinematic/storywide/ledger-clerk.webp?v=891202c8e","/portraits/cinematic/storywide/ledger-clerk.webp?v=891202c8e","Retain reviewed accurate artwork."
"story-stormveil-village-4-0:archive-4/page:3/Posted Twice","src/data/storylines.ts:123","The board, slates clacking in the wind","background","","0,1,2,3","REPLACE","3","/scenes/story/cinematic/storywide/stormveil-sanctum.webp","/scenes/story/cinematic/storywide/stormveil-challenge-board-v1.webp","Integrated reviewed replacement: boardGeneration. See production.json for reference lock and production brief."
"story-stormveil-village-4-0:archive-4/page:3/Posted Twice","src/data/storylines.ts:123","The board, slates clacking in the wind","actor","Mira Volt","0,1,2,3","KEEP","5","/portraits/cinematic/storywide/mira-volt-neutral.webp?v=891202c8e","/portraits/cinematic/storywide/mira-volt-neutral.webp?v=891202c8e","Retain reviewed accurate artwork."
"story-stormveil-village-4-0:archive-4/page:4/Elder Vanta","src/data/storylines.ts:129","The board, an old man reading slates like weather","background","","0,1,2,3","REPLACE","3","/scenes/story/cinematic/storywide/stormveil-civic.webp","/scenes/story/cinematic/storywide/stormveil-challenge-board-v1.webp","Integrated reviewed replacement: boardGeneration. See production.json for reference lock and production brief."
"story-stormveil-village-4-0:archive-4/page:4/Elder Vanta","src/data/storylines.ts:129","The board, an old man reading slates like weather","actor","Elder Vanta","0,1,2,3","KEEP","5","/portraits/cinematic/storywide/elder-vanta.webp?v=891202c8e","/portraits/cinematic/storywide/elder-vanta.webp?v=891202c8e","Retain reviewed accurate artwork."
"story-stormveil-village-4-0:archive-4/page:5/The First Bout","src/data/storylines.ts:137","The arena floor, chalk dust, the crowd leaning in","background","","0,1,2,3,4","KEEP","5","/scenes/story/story-stormveil-village-4-0.webp","/scenes/story/story-stormveil-village-4-0.webp","Retain reviewed accurate artwork."
"story-stormveil-village-4-0:archive-4/page:5/The First Bout","src/data/storylines.ts:137","The arena floor, chalk dust, the crowd leaning in","actor","Mira Volt","0,1,2,3,4","REMAP","1","/portraits/cinematic/storywide/mira-volt.webp?v=891202c8e","/portraits/cinematic/storywide/mira-volt-neutral.webp?v=891202c8e","Resolve this exact current story beat to retained, reviewed artwork."
"story-ashen-leaf-village-4-0/page:0/The Register Hall","src/data/storylines.ts:638","Register hall, morning light through cedar smoke","background","","0,1,2,3,4","KEEP","5","/scenes/story/cinematic/ashen-register-hall-wide.webp","/scenes/story/cinematic/ashen-register-hall-wide.webp","Retain reviewed accurate artwork."
"story-ashen-leaf-village-4-0/page:0/The Register Hall","src/data/storylines.ts:638","Register hall, morning light through cedar smoke","actor","Toma Reed","0,1,2,3,4","KEEP","5","/portraits/cinematic/toma-reed.webp?v=891202c8e","/portraits/cinematic/toma-reed.webp?v=891202c8e","Retain reviewed accurate artwork."
"story-ashen-leaf-village-4-0/page:1/The Fourth Question","src/data/storylines.ts:645","The Register wall, quill waiting","background","","0,1,2,3","KEEP","5","/scenes/story/cinematic/ashen-register-wall.webp","/scenes/story/cinematic/ashen-register-wall.webp","Retain reviewed accurate artwork."
"story-ashen-leaf-village-4-0/page:2/A Protector","src/data/storylines.ts:657","The Register wall","background","","0,1,2","KEEP","5","/scenes/story/cinematic/ashen-register-wall.webp","/scenes/story/cinematic/ashen-register-wall.webp","Retain reviewed accurate artwork."
"story-ashen-leaf-village-4-0/page:2/A Protector","src/data/storylines.ts:657","The Register wall","actor","Registry Duty Clerk","0,1,2","KEEP","5","/portraits/cinematic/registry-duty-clerk.webp?v=891202c8e","/portraits/cinematic/registry-duty-clerk.webp?v=891202c8e","Retain reviewed accurate artwork."
"story-ashen-leaf-village-4-0/page:3/The Strongest","src/data/storylines.ts:664","The Register wall","background","","0,1,2","KEEP","5","/scenes/story/cinematic/ashen-register-wall.webp","/scenes/story/cinematic/ashen-register-wall.webp","Retain reviewed accurate artwork."
"story-ashen-leaf-village-4-0/page:3/The Strongest","src/data/storylines.ts:664","The Register wall","actor","Registry Duty Clerk","0,1,2","KEEP","5","/portraits/cinematic/registry-duty-clerk.webp?v=891202c8e","/portraits/cinematic/registry-duty-clerk.webp?v=891202c8e","Retain reviewed accurate artwork."
"story-ashen-leaf-village-4-0/page:4/A Builder","src/data/storylines.ts:671","The Register wall","background","","0,1,2","KEEP","5","/scenes/story/cinematic/ashen-register-wall.webp","/scenes/story/cinematic/ashen-register-wall.webp","Retain reviewed accurate artwork."
"story-ashen-leaf-village-4-0/page:4/A Builder","src/data/storylines.ts:671","The Register wall","actor","Registry Duty Clerk","0,1,2","KEEP","5","/portraits/cinematic/registry-duty-clerk.webp?v=891202c8e","/portraits/cinematic/registry-duty-clerk.webp?v=891202c8e","Retain reviewed accurate artwork."
"story-ashen-leaf-village-4-0/page:5/A Seeker","src/data/storylines.ts:678","The Register wall","background","","0,1,2","KEEP","5","/scenes/story/cinematic/ashen-register-wall.webp","/scenes/story/cinematic/ashen-register-wall.webp","Retain reviewed accurate artwork."
"story-ashen-leaf-village-4-0/page:5/A Seeker","src/data/storylines.ts:678","The Register wall","actor","Registry Duty Clerk","0,1,2","KEEP","5","/portraits/cinematic/registry-duty-clerk.webp?v=891202c8e","/portraits/cinematic/registry-duty-clerk.webp?v=891202c8e","Retain reviewed accurate artwork."
"story-ashen-leaf-village-4-0/page:6/Not Yet","src/data/storylines.ts:685","The Register wall","background","","0,1,2","KEEP","5","/scenes/story/cinematic/ashen-register-wall.webp","/scenes/story/cinematic/ashen-register-wall.webp","Retain reviewed accurate artwork."
"story-ashen-leaf-village-4-0/page:6/Not Yet","src/data/storylines.ts:685","The Register wall","actor","Registry Duty Clerk","0,1,2","KEEP","5","/portraits/cinematic/registry-duty-clerk.webp?v=891202c8e","/portraits/cinematic/registry-duty-clerk.webp?v=891202c8e","Retain reviewed accurate artwork."
"story-ashen-leaf-village-4-0/page:7/The Black Flower","src/data/storylines.ts:692","The Register wall, ink drying","background","","0,1","KEEP","5","/scenes/story/cinematic/ashen-register-wall.webp","/scenes/story/cinematic/ashen-register-wall.webp","Retain reviewed accurate artwork."
"story-ashen-leaf-village-4-0/page:7/The Black Flower","src/data/storylines.ts:692","The Register wall, ink drying","actor","Toma Reed","0,1,2","KEEP","5","/portraits/cinematic/toma-reed.webp?v=891202c8e","/portraits/cinematic/toma-reed.webp?v=891202c8e","Retain reviewed accurate artwork."
"story-ashen-leaf-village-4-0/page:7/The Black Flower","src/data/storylines.ts:692","The Register wall, ink drying","background","","2","REPLACE","3","/scenes/story/cinematic/ashen-black-flower-reveal.webp","/scenes/story/cinematic/ashen-black-flower-reveal-v2.webp","Integrated reviewed replacement: flowerGeneration. See production.json for reference lock and production brief."
"story-ashen-leaf-village-4-0/page:8/Elder Mori","src/data/storylines.ts:697","The Register wall, a crowd gathering","background","","0,1,2,3,4","REPLACE","3","/scenes/story/cinematic/ashen-black-flower-reveal.webp","/scenes/story/cinematic/ashen-black-flower-reveal-v2.webp","Integrated reviewed replacement: flowerGeneration. See production.json for reference lock and production brief."
"story-ashen-leaf-village-4-0/page:8/Elder Mori","src/data/storylines.ts:697","The Register wall, a crowd gathering","actor","Elder Mori","0,1,2,3,4","KEEP","5","/portraits/cinematic/elder-mori.webp?v=891202c8e","/portraits/cinematic/elder-mori.webp?v=891202c8e","Retain reviewed accurate artwork."
"story-ashen-leaf-village-4-0/page:9/The Grove Trial","src/data/storylines.ts:706","The old grove, roots breaking the flagstones","background","","0,1,2,3","KEEP","5","/scenes/story/cinematic/ashen-old-grove-trial.webp","/scenes/story/cinematic/ashen-old-grove-trial.webp","Retain reviewed accurate artwork."
"story-ashen-leaf-village-4-0/page:9/The Grove Trial","src/data/storylines.ts:706","The old grove, roots breaking the flagstones","actor","Elder Mori","0,1,2,3","KEEP","5","/portraits/cinematic/elder-mori.webp?v=891202c8e","/portraits/cinematic/elder-mori.webp?v=891202c8e","Retain reviewed accurate artwork."
"story-ashen-leaf-village-15-1/page:0/The Blessing","src/data/storylines.ts:718","Ash-house row at dawn, neighbors gathering","background","","0,1,2","REPLACE","3","/scenes/story/story-ashen-leaf-village-15-1.webp","/scenes/story/cinematic/storywide/ashen-eleven-flower-fence-dawn-v1.webp","Integrated reviewed replacement: ashenFence. See production.json for reference lock and production brief."
"story-ashen-leaf-village-15-1/page:1/Eleven Flowers","src/data/storylines.ts:723","The fence line, crowd thinning","background","","0,1,2,3","REPLACE","3","/scenes/story/cinematic/storywide/ashen-intimate.webp","/scenes/story/cinematic/storywide/ashen-eleven-flower-fence-dawn-v1.webp","Integrated reviewed replacement: ashenFence. See production.json for reference lock and production brief."
"story-ashen-leaf-village-15-1/page:1/Eleven Flowers","src/data/storylines.ts:723","The fence line, crowd thinning","actor","Toma Reed","0,1,2,3","KEEP","5","/portraits/cinematic/toma-reed.webp?v=891202c8e","/portraits/cinematic/toma-reed.webp?v=891202c8e","Retain reviewed accurate artwork."
"story-ashen-leaf-village-15-1/page:2/The Kage at the Fence","src/data/storylines.ts:729","Imera's gate, winter bundles stacked","background","","0,1,2,3","REPLACE","3","/scenes/story/cinematic/storywide/ashen-intimate.webp","/scenes/story/cinematic/storywide/ashen-eleven-flower-fence-dawn-v1.webp","Integrated reviewed replacement: ashenFence. See production.json for reference lock and production brief."
"story-ashen-leaf-village-15-1/page:2/The Kage at the Fence","src/data/storylines.ts:729","Imera's gate, winter bundles stacked","actor","Kage Hoshina Enju","0,1,2,3","KEEP","5","/portraits/cinematic/storywide/kage-hoshina-enju-canon.webp?v=891202c8e","/portraits/cinematic/storywide/kage-hoshina-enju-canon.webp?v=891202c8e","Retain reviewed accurate artwork."
"story-ashen-leaf-village-15-1/page:3/What the Village Says","src/data/storylines.ts:735","The gate, Hoshina's guards moving on","background","","0,1,2,3","REPLACE","3","/scenes/story/cinematic/storywide/ashen-intimate.webp","/scenes/story/cinematic/storywide/ashen-eleven-flower-fence-dawn-v1.webp","Integrated reviewed replacement: ashenFence. See production.json for reference lock and production brief."
"story-ashen-leaf-village-15-1/page:3/What the Village Says","src/data/storylines.ts:735","The gate, Hoshina's guards moving on","actor","Imera","0,1,2,3","KEEP","5","/portraits/cinematic/storywide/imera.webp?v=891202c8e","/portraits/cinematic/storywide/imera.webp?v=891202c8e","Retain reviewed accurate artwork."
"story-ashen-leaf-village-15-1/page:4/Mori Counts","src/data/storylines.ts:743","The register annex, bloom charts on the table","background","","0,1,2,3","REMAP","3","/scenes/story/cinematic/storywide/ashen-civic.webp","/scenes/story/cinematic/ashen-annex-charts.webp","Resolve this exact current story beat to retained, reviewed artwork."
"story-ashen-leaf-village-15-1/page:4/Mori Counts","src/data/storylines.ts:743","The register annex, bloom charts on the table","actor","Elder Mori","0,1,2,3","REMAP","1","/portraits/cinematic/elder-mori.webp?v=891202c8e","/portraits/cinematic/storywide/elder-mori-solemn.webp?v=891202c8e","Resolve this exact current story beat to retained, reviewed artwork."
"story-ashen-leaf-village-15-1/page:5/The Night Watch","src/data/storylines.ts:751","The fence line, moonless","background","","0,1,2","VARIANT","3","/scenes/story/cinematic/storywide/ashen-intimate.webp","/scenes/story/cinematic/storywide/ashen-eleven-flower-fence-night-v1.webp","Integrated supported story-state variant: ashenFenceNight. See production.json for reference lock and production brief."
"story-ashen-leaf-village-15-1/page:6/Imera's Shears","src/data/storylines.ts:759","The fence line","background","","0,1,2,3,4","VARIANT","3","/scenes/story/cinematic/storywide/ashen-intimate.webp","/scenes/story/cinematic/storywide/ashen-eleven-flower-fence-night-v1.webp","Integrated supported story-state variant: ashenFenceNight. See production.json for reference lock and production brief."
"story-ashen-leaf-village-15-1/page:6/Imera's Shears","src/data/storylines.ts:759","The fence line","actor","Imera","0,1,2,3,4","KEEP","5","/portraits/cinematic/storywide/imera.webp?v=891202c8e","/portraits/cinematic/storywide/imera.webp?v=891202c8e","Retain reviewed accurate artwork."
"story-ashen-leaf-village-15-1/page:7/The Longest Cut","src/data/storylines.ts:768","Behind the rain barrel","background","","0,1,2","VARIANT","3","/scenes/story/cinematic/storywide/ashen-intimate.webp","/scenes/story/cinematic/storywide/ashen-eleven-flower-fence-night-v1.webp","Integrated supported story-state variant: ashenFenceNight. See production.json for reference lock and production brief."
"story-ashen-leaf-village-15-1/page:8/First Light","src/data/storylines.ts:775","The row at dawn, survey banners approaching","background","","0,1,2,3","REPLACE","3","/scenes/story/cinematic/storywide/ashen-intimate.webp","/scenes/story/cinematic/storywide/ashen-eleven-flower-fence-dawn-v1.webp","Integrated reviewed replacement: ashenFence. See production.json for reference lock and production brief."
"story-ashen-leaf-village-15-1/page:8/First Light","src/data/storylines.ts:775","The row at dawn, survey banners approaching","actor","Toma Reed","0,1,2,3","KEEP","5","/portraits/cinematic/toma-reed.webp?v=891202c8e","/portraits/cinematic/toma-reed.webp?v=891202c8e","Retain reviewed accurate artwork."
"story-ashen-leaf-village-15-1/page:9/The Survey Arrives","src/data/storylines.ts:781","The gate, the Initiate's staff already glowing","background","","0,1,2","REPLACE","3","/scenes/story/story-ashen-leaf-village-15-1.webp","/scenes/story/cinematic/storywide/ashen-eleven-flower-fence-dawn-v1.webp","Integrated reviewed replacement: ashenFence. See production.json for reference lock and production brief."
"story-ashen-leaf-village-25-2/page:0/After Hours","src/data/storylines.ts:792","The archive, one lamp between the stacks","background","","0,1,2,3","REMAP","3","/scenes/story/story-ashen-leaf-village-25-2.webp","/scenes/story/cinematic/ashen-register-annex.webp","Resolve this exact current story beat to retained, reviewed artwork."
"story-ashen-leaf-village-25-2/page:0/After Hours","src/data/storylines.ts:792","The archive, one lamp between the stacks","actor","Toma Reed","0,1,2,3","KEEP","5","/portraits/cinematic/toma-reed.webp?v=891202c8e","/portraits/cinematic/toma-reed.webp?v=891202c8e","Retain reviewed accurate artwork."
"story-ashen-leaf-village-25-2/page:1/Jorun's Plans","src/data/storylines.ts:798","The carpenter's slat, held to the lamp","background","","0,1,2","REMAP","3","/scenes/story/cinematic/storywide/ashen-civic.webp","/scenes/story/cinematic/ashen-register-annex.webp","Resolve this exact current story beat to retained, reviewed artwork."
"story-ashen-leaf-village-25-2/page:2/The Bridge","src/data/storylines.ts:807","Between the racks","background","","0,1,2,3","REMAP","3","/scenes/story/cinematic/storywide/ashen-civic.webp","/scenes/story/cinematic/ashen-register-annex.webp","Resolve this exact current story beat to retained, reviewed artwork."
"story-ashen-leaf-village-25-2/page:2/The Bridge","src/data/storylines.ts:807","Between the racks","actor","Toma Reed","0,1,2,3","KEEP","5","/portraits/cinematic/toma-reed.webp?v=891202c8e","/portraits/cinematic/toma-reed.webp?v=891202c8e","Retain reviewed accurate artwork."
"story-ashen-leaf-village-25-2/page:3/A Quiet Debt","src/data/storylines.ts:815","Mori's desk, lamp turned low","background","","0,1,2,3","REMAP","3","/scenes/story/cinematic/storywide/ashen-civic.webp","/scenes/story/cinematic/ashen-register-annex.webp","Resolve this exact current story beat to retained, reviewed artwork."
"story-ashen-leaf-village-25-2/page:3/A Quiet Debt","src/data/storylines.ts:815","Mori's desk, lamp turned low","actor","Elder Mori","0,1,2,3","KEEP","5","/portraits/cinematic/elder-mori.webp?v=891202c8e","/portraits/cinematic/elder-mori.webp?v=891202c8e","Retain reviewed accurate artwork."
"story-ashen-leaf-village-25-2/page:4/Aren Reed","src/data/storylines.ts:823","The Reed family rack","background","","0,1,2,3","REMAP","3","/scenes/story/cinematic/storywide/ashen-civic.webp","/scenes/story/cinematic/ashen-register-annex.webp","Resolve this exact current story beat to retained, reviewed artwork."
"story-ashen-leaf-village-25-2/page:4/Aren Reed","src/data/storylines.ts:823","The Reed family rack","actor","Toma Reed","0,1,2,3","REMAP","1","/portraits/cinematic/toma-reed.webp?v=891202c8e","/portraits/cinematic/storywide/toma-reed-resolute.webp?v=891202c8e","Resolve this exact current story beat to retained, reviewed artwork."
"story-ashen-leaf-village-25-2/page:5/The Archive Wakes","src/data/storylines.ts:829","The stacks, lamp guttering","background","","0,1,2","REMAP","3","/scenes/story/cinematic/storywide/ashen-civic.webp","/scenes/story/cinematic/ashen-register-annex.webp","Resolve this exact current story beat to retained, reviewed artwork."
"story-ashen-leaf-village-25-2/page:6/The Keeper of Copies","src/data/storylines.ts:834","The archive aisle, roots sliding from the walls","background","","0,1,2,3","REMAP","3","/scenes/story/story-ashen-leaf-village-25-2.webp","/scenes/story/cinematic/ashen-register-annex.webp","Resolve this exact current story beat to retained, reviewed artwork."
"story-ashen-leaf-village-25-2/page:6/The Keeper of Copies","src/data/storylines.ts:834","The archive aisle, roots sliding from the walls","actor","Toma Reed","0,1,2,3","KEEP","5","/portraits/cinematic/toma-reed.webp?v=891202c8e","/portraits/cinematic/toma-reed.webp?v=891202c8e","Retain reviewed accurate artwork."
"story-ashen-leaf-village-35-3/page:0/The Kiln Stair","src/data/storylines.ts:846","Beneath the ancestral kiln, heat rising","background","","0,1,2,3","REMAP","3","/scenes/story/story-ashen-leaf-village-35-3.webp","/scenes/story/cinematic/storywide/ashen-sanctum.webp","Resolve this exact current story beat to retained, reviewed artwork."
"story-ashen-leaf-village-35-3/page:0/The Kiln Stair","src/data/storylines.ts:846","Beneath the ancestral kiln, heat rising","actor","Elder Mori","0,1,2,3","KEEP","5","/portraits/cinematic/elder-mori.webp?v=891202c8e","/portraits/cinematic/elder-mori.webp?v=891202c8e","Retain reviewed accurate artwork."
"story-ashen-leaf-village-35-3/page:1/The Founders' Alcove","src/data/storylines.ts:852","A carved alcove, offerings behind wax","background","","0,1,2","KEEP","5","/scenes/story/cinematic/storywide/ashen-sanctum.webp","/scenes/story/cinematic/storywide/ashen-sanctum.webp","Retain reviewed accurate artwork."
"story-ashen-leaf-village-35-3/page:2/Given Gladly","src/data/storylines.ts:861","The alcove","background","","0,1,2,3","KEEP","5","/scenes/story/cinematic/storywide/ashen-sanctum.webp","/scenes/story/cinematic/storywide/ashen-sanctum.webp","Retain reviewed accurate artwork."
"story-ashen-leaf-village-35-3/page:2/Given Gladly","src/data/storylines.ts:861","The alcove","actor","Elder Mori","0,1,2,3","KEEP","5","/portraits/cinematic/elder-mori.webp?v=891202c8e","/portraits/cinematic/elder-mori.webp?v=891202c8e","Retain reviewed accurate artwork."
"story-ashen-leaf-village-35-3/page:3/The Gift","src/data/storylines.ts:869","The alcove","background","","0,1,2,3","KEEP","5","/scenes/story/cinematic/storywide/ashen-sanctum.webp","/scenes/story/cinematic/storywide/ashen-sanctum.webp","Retain reviewed accurate artwork."
"story-ashen-leaf-village-35-3/page:3/The Gift","src/data/storylines.ts:869","The alcove","actor","Elder Mori","0,1,2,3","KEEP","5","/portraits/cinematic/elder-mori.webp?v=891202c8e","/portraits/cinematic/elder-mori.webp?v=891202c8e","Retain reviewed accurate artwork."
"story-ashen-leaf-village-35-3/page:4/Aren's Map","src/data/storylines.ts:877","The alcove, out of Mori's hearing","background","","0,1,2,3","REMAP","3","/scenes/story/cinematic/storywide/ashen-ashfall.webp","/scenes/story/cinematic/storywide/ashen-sanctum.webp","Resolve this exact current story beat to retained, reviewed artwork."
"story-ashen-leaf-village-35-3/page:4/Aren's Map","src/data/storylines.ts:877","The alcove, out of Mori's hearing","actor","Toma Reed","0,1,2,3","KEEP","5","/portraits/cinematic/toma-reed.webp?v=891202c8e","/portraits/cinematic/toma-reed.webp?v=891202c8e","Retain reviewed accurate artwork."
"story-ashen-leaf-village-35-3/page:5/The Second Feeding","src/data/storylines.ts:885","Iron racks, fresh graft-slats in rows","background","","0,1,2,3,4,5","REMAP","3","/scenes/story/cinematic/storywide/ashen-ashfall.webp","/scenes/story/cinematic/storywide/ashen-sanctum.webp","Resolve this exact current story beat to retained, reviewed artwork."
"story-ashen-leaf-village-35-3/page:6/The First Flame Sentinel","src/data/storylines.ts:893","The threshold, an armored shape kindling","background","","0,1,2,3","KEEP","5","/scenes/story/cinematic/storywide/ashen-sanctum.webp","/scenes/story/cinematic/storywide/ashen-sanctum.webp","Retain reviewed accurate artwork."
"story-ashen-leaf-village-35-3/page:6/The First Flame Sentinel","src/data/storylines.ts:893","The threshold, an armored shape kindling","actor","Elder Mori","0,1,2,3","KEEP","5","/portraits/cinematic/elder-mori.webp?v=891202c8e","/portraits/cinematic/elder-mori.webp?v=891202c8e","Retain reviewed accurate artwork."
"story-ashen-leaf-village-35-3/page:7/Did You Give, Or Did You Take","src/data/storylines.ts:901","The threshold, the Rootfire at your back","background","","0,1,2","REMAP","3","/scenes/story/story-ashen-leaf-village-35-3.webp","/scenes/story/cinematic/storywide/ashen-sanctum.webp","Resolve this exact current story beat to retained, reviewed artwork."
"story-ashen-leaf-village-50-4/page:0/The Measuring","src/data/storylines.ts:912","The graft hall, ribbons and calipers","background","","0,1,2,3","REMAP","3","/scenes/story/story-ashen-leaf-village-50-4.webp","/scenes/story/cinematic/storywide/ashen-civic.webp","Resolve this exact current story beat to retained, reviewed artwork."
"story-ashen-leaf-village-50-4/page:0/The Measuring","src/data/storylines.ts:912","The graft hall, ribbons and calipers","actor","Registry Duty Clerk","0,1,2,3","KEEP","5","/portraits/cinematic/registry-duty-clerk.webp?v=891202c8e","/portraits/cinematic/registry-duty-clerk.webp?v=891202c8e","Retain reviewed accurate artwork."
"story-ashen-leaf-village-50-4/page:1/Before the Bell","src/data/storylines.ts:918","The hall steps, Toma pacing","background","","0,1,2,3","REMAP","3","/scenes/story/cinematic/storywide/ashen-civic.webp","/scenes/story/cinematic/ashen-annex-steps.webp","Resolve this exact current story beat to retained, reviewed artwork."
"story-ashen-leaf-village-50-4/page:1/Before the Bell","src/data/storylines.ts:918","The hall steps, Toma pacing","actor","Toma Reed","0,1,2,3","KEEP","5","/portraits/cinematic/toma-reed.webp?v=891202c8e","/portraits/cinematic/toma-reed.webp?v=891202c8e","Retain reviewed accurate artwork."
"story-ashen-leaf-village-50-4/page:2/The Grafting","src/data/storylines.ts:926","The rite circle, Hoshina presiding","background","","0,1,2,3","KEEP","5","/scenes/story/cinematic/storywide/ashen-civic.webp","/scenes/story/cinematic/storywide/ashen-civic.webp","Retain reviewed accurate artwork."
"story-ashen-leaf-village-50-4/page:2/The Grafting","src/data/storylines.ts:926","The rite circle, Hoshina presiding","actor","Kage Hoshina Enju","0,1,2,3","KEEP","5","/portraits/cinematic/storywide/kage-hoshina-enju-canon.webp?v=891202c8e","/portraits/cinematic/storywide/kage-hoshina-enju-canon.webp?v=891202c8e","Retain reviewed accurate artwork."
"story-ashen-leaf-village-50-4/page:3/Word for Word","src/data/storylines.ts:936","The rite circle","background","","0,1,2,3","KEEP","5","/scenes/story/cinematic/storywide/ashen-civic.webp","/scenes/story/cinematic/storywide/ashen-civic.webp","Retain reviewed accurate artwork."
"story-ashen-leaf-village-50-4/page:3/Word for Word","src/data/storylines.ts:936","The rite circle","actor","Kage Hoshina Enju","0,1,2,3","KEEP","5","/portraits/cinematic/storywide/kage-hoshina-enju-canon.webp?v=891202c8e","/portraits/cinematic/storywide/kage-hoshina-enju-canon.webp?v=891202c8e","Retain reviewed accurate artwork."
"story-ashen-leaf-village-50-4/page:4/The Question","src/data/storylines.ts:944","The rite circle, the hall holding its breath","background","","0,1,2,3","KEEP","5","/scenes/story/cinematic/storywide/ashen-civic.webp","/scenes/story/cinematic/storywide/ashen-civic.webp","Retain reviewed accurate artwork."
"story-ashen-leaf-village-50-4/page:4/The Question","src/data/storylines.ts:944","The rite circle, the hall holding its breath","actor","Kage Hoshina Enju","0,1,2,3","REMAP","1","/portraits/cinematic/storywide/kage-hoshina-enju-canon.webp?v=891202c8e","/portraits/cinematic/storywide/kage-hoshina-enju-tense-canon.webp?v=891202c8e","Resolve this exact current story beat to retained, reviewed artwork."
"story-ashen-leaf-village-50-4/page:5/The Substitution","src/data/storylines.ts:952","The rite circle","background","","0,1,2,3","KEEP","5","/scenes/story/cinematic/storywide/ashen-civic.webp","/scenes/story/cinematic/storywide/ashen-civic.webp","Retain reviewed accurate artwork."
"story-ashen-leaf-village-50-4/page:5/The Substitution","src/data/storylines.ts:952","The rite circle","actor","Kage Hoshina Enju","0,1,2,3","KEEP","5","/portraits/cinematic/storywide/kage-hoshina-enju-canon.webp?v=891202c8e","/portraits/cinematic/storywide/kage-hoshina-enju-canon.webp?v=891202c8e","Retain reviewed accurate artwork."
"story-ashen-leaf-village-50-4/page:6/The Trial of the Rootbound Master","src/data/storylines.ts:960","The rite circle, floor roots parting","background","","0,1,2","REMAP","3","/scenes/story/story-ashen-leaf-village-50-4.webp","/scenes/story/cinematic/storywide/ashen-civic.webp","Resolve this exact current story beat to retained, reviewed artwork."
"story-ashen-leaf-village-65-5/page:0/Escort Orders","src/data/storylines.ts:971","The register annex, crates on a wagon","background","","0,1,2,3","REMAP","3","/scenes/story/story-ashen-leaf-village-65-5.webp","/scenes/story/cinematic/ashen-register-annex.webp","Resolve this exact current story beat to retained, reviewed artwork."
"story-ashen-leaf-village-65-5/page:0/Escort Orders","src/data/storylines.ts:971","The register annex, crates on a wagon","actor","Registry Duty Clerk","0,1,2,3","KEEP","5","/portraits/cinematic/registry-duty-clerk.webp?v=891202c8e","/portraits/cinematic/registry-duty-clerk.webp?v=891202c8e","Retain reviewed accurate artwork."
"story-ashen-leaf-village-65-5/page:1/A Fair Question","src/data/storylines.ts:981","The annex","background","","0,1,2,3","REMAP","3","/scenes/story/cinematic/storywide/ashen-sanctum.webp","/scenes/story/cinematic/ashen-register-annex.webp","Resolve this exact current story beat to retained, reviewed artwork."
"story-ashen-leaf-village-65-5/page:1/A Fair Question","src/data/storylines.ts:981","The annex","actor","Registry Duty Clerk","0,1,2,3","KEEP","5","/portraits/cinematic/registry-duty-clerk.webp?v=891202c8e","/portraits/cinematic/registry-duty-clerk.webp?v=891202c8e","Retain reviewed accurate artwork."
"story-ashen-leaf-village-65-5/page:2/The Charts","src/data/storylines.ts:989","The annex, voice low","background","","0,1,2,3","REMAP","3","/scenes/story/cinematic/storywide/ashen-civic.webp","/scenes/story/cinematic/ashen-register-annex.webp","Resolve this exact current story beat to retained, reviewed artwork."
"story-ashen-leaf-village-65-5/page:2/The Charts","src/data/storylines.ts:989","The annex, voice low","actor","Registry Duty Clerk","0,1,2,3","KEEP","5","/portraits/cinematic/registry-duty-clerk.webp?v=891202c8e","/portraits/cinematic/registry-duty-clerk.webp?v=891202c8e","Retain reviewed accurate artwork."
"story-ashen-leaf-village-65-5/page:3/The Kiln Road","src/data/storylines.ts:997","The forest road, wagon wheels loud","background","","0,1,2,3","REPLACE","3","/scenes/story/cinematic/storywide/ashen-sanctum.webp","/scenes/story/cinematic/storywide/ashen-kiln-road-wagon-v1.webp","Integrated reviewed replacement: ashenWagon. See production.json for reference lock and production brief."
"story-ashen-leaf-village-65-5/page:3/The Kiln Road","src/data/storylines.ts:997","The forest road, wagon wheels loud","actor","Toma Reed","0,1,2,3","KEEP","5","/portraits/cinematic/toma-reed.webp?v=891202c8e","/portraits/cinematic/toma-reed.webp?v=891202c8e","Retain reviewed accurate artwork."
"story-ashen-leaf-village-65-5/page:4/Sealed","src/data/storylines.ts:1006","The wagon, still rolling","background","","0,1,2,3","REPLACE","3","/scenes/story/cinematic/storywide/ashen-ashfall.webp","/scenes/story/cinematic/storywide/ashen-kiln-road-wagon-v1.webp","Integrated reviewed replacement: ashenWagon. See production.json for reference lock and production brief."
"story-ashen-leaf-village-65-5/page:4/Sealed","src/data/storylines.ts:1006","The wagon, still rolling","actor","Toma Reed","0,1,2,3","KEEP","5","/portraits/cinematic/toma-reed.webp?v=891202c8e","/portraits/cinematic/toma-reed.webp?v=891202c8e","Retain reviewed accurate artwork."
"story-ashen-leaf-village-65-5/page:5/The Third Crate","src/data/storylines.ts:1014","Off the road, crate open","background","","0,1,2,3","REPLACE","3","/scenes/story/cinematic/storywide/ashen-ashfall.webp","/scenes/story/cinematic/storywide/ashen-third-crate-open-v1.webp","Integrated reviewed replacement: ashenThirdCrate. See production.json for reference lock and production brief."
"story-ashen-leaf-village-65-5/page:6/The Manifest Under the Ash","src/data/storylines.ts:1024","Off the road, a folded paper under the second crate's false bottom","background","","0,1,2,3","REPLACE","3","/scenes/story/cinematic/storywide/ashen-ashfall.webp","/scenes/story/cinematic/storywide/ashen-third-crate-open-v1.webp","Integrated reviewed replacement: ashenThirdCrate. See production.json for reference lock and production brief."
"story-ashen-leaf-village-65-5/page:6/The Manifest Under the Ash","src/data/storylines.ts:1024","Off the road, a folded paper under the second crate's false bottom","actor","Toma Reed","0,1,2,3","KEEP","5","/portraits/cinematic/toma-reed.webp?v=891202c8e","/portraits/cinematic/toma-reed.webp?v=891202c8e","Retain reviewed accurate artwork."
"story-ashen-leaf-village-65-5/page:7/The Retrieval Squad","src/data/storylines.ts:1032","The road behind, lanterns through the trees","background","","0,1,2,3","REPLACE","3","/scenes/story/cinematic/storywide/ashen-sanctum.webp","/scenes/story/cinematic/storywide/ashen-third-crate-open-v1.webp","Integrated reviewed replacement: ashenThirdCrate. See production.json for reference lock and production brief."
"story-ashen-leaf-village-65-5/page:7/The Retrieval Squad","src/data/storylines.ts:1032","The road behind, lanterns through the trees","actor","Toma Reed","0,1,2,3","KEEP","5","/portraits/cinematic/toma-reed.webp?v=891202c8e","/portraits/cinematic/toma-reed.webp?v=891202c8e","Retain reviewed accurate artwork."
"story-ashen-leaf-village-65-5/page:8/Lantern Light","src/data/storylines.ts:1038","The kiln road, squad closing","background","","0,1,2","REPLACE","3","/scenes/story/story-ashen-leaf-village-65-5.webp","/scenes/story/cinematic/storywide/ashen-third-crate-open-v1.webp","Integrated reviewed replacement: ashenThirdCrate. See production.json for reference lock and production brief."
"story-ashen-leaf-village-75-6/page:0/Ash on the Wind","src/data/storylines.ts:1049","The kiln yard at dusk, ash falling upward","background","","0,1,2,3","KEEP","5","/scenes/story/story-ashen-leaf-village-75-6.webp","/scenes/story/story-ashen-leaf-village-75-6.webp","Retain reviewed accurate artwork."
"story-ashen-leaf-village-75-6/page:0/Ash on the Wind","src/data/storylines.ts:1049","The kiln yard at dusk, ash falling upward","actor","Elder Mori","0,1,2,3","KEEP","5","/portraits/cinematic/elder-mori.webp?v=891202c8e","/portraits/cinematic/elder-mori.webp?v=891202c8e","Retain reviewed accurate artwork."
"story-ashen-leaf-village-75-6/page:1/The First Flame","src/data/storylines.ts:1057","The Rootfire chamber, flames standing upright","background","","0,1,2,3,4","KEEP","5","/scenes/story/cinematic/storywide/ashen-sanctum.webp","/scenes/story/cinematic/storywide/ashen-sanctum.webp","Retain reviewed accurate artwork."
"story-ashen-leaf-village-75-6/page:1/The First Flame","src/data/storylines.ts:1057","The Rootfire chamber, flames standing upright","actor","First Flame Avatar","0,1,2,3,4","KEEP","5","/portraits/cinematic/storywide/first-flame-avatar.webp?v=891202c8e","/portraits/cinematic/storywide/first-flame-avatar.webp?v=891202c8e","Retain reviewed accurate artwork."
"story-ashen-leaf-village-75-6/page:2/The Ask","src/data/storylines.ts:1067","The chamber, tokens rising in the heat","background","","0,1,2,3,4","REMAP","3","/scenes/story/cinematic/storywide/ashen-ashfall.webp","/scenes/story/cinematic/storywide/ashen-sanctum.webp","Resolve this exact current story beat to retained, reviewed artwork."
"story-ashen-leaf-village-75-6/page:2/The Ask","src/data/storylines.ts:1067","The chamber, tokens rising in the heat","actor","First Flame Avatar","0,1,2,3,4","KEEP","5","/portraits/cinematic/storywide/first-flame-avatar.webp?v=891202c8e","/portraits/cinematic/storywide/first-flame-avatar.webp?v=891202c8e","Retain reviewed accurate artwork."
"story-ashen-leaf-village-75-6/page:3/The Ghost Lines","src/data/storylines.ts:1076","The chamber, your copied page held up","background","","0,1,2,3","REMAP","3","/scenes/story/cinematic/storywide/ashen-ashfall.webp","/scenes/story/cinematic/storywide/ashen-sanctum.webp","Resolve this exact current story beat to retained, reviewed artwork."
"story-ashen-leaf-village-75-6/page:3/The Ghost Lines","src/data/storylines.ts:1076","The chamber, your copied page held up","actor","First Flame Avatar","0,1,2,3","KEEP","5","/portraits/cinematic/storywide/first-flame-avatar.webp?v=891202c8e","/portraits/cinematic/storywide/first-flame-avatar.webp?v=891202c8e","Retain reviewed accurate artwork."
"story-ashen-leaf-village-75-6/page:4/The Bellows","src/data/storylines.ts:1084","The chamber's far vault, a chain thick as a tree","background","","0,1,2,3","REMAP","3","/scenes/story/cinematic/storywide/ashen-ashfall.webp","/scenes/story/cinematic/storywide/ashen-sanctum.webp","Resolve this exact current story beat to retained, reviewed artwork."
"story-ashen-leaf-village-75-6/page:4/The Bellows","src/data/storylines.ts:1084","The chamber's far vault, a chain thick as a tree","actor","Toma Reed","0,1,2,3","KEEP","5","/portraits/cinematic/toma-reed.webp?v=891202c8e","/portraits/cinematic/toma-reed.webp?v=891202c8e","Retain reviewed accurate artwork."
"story-ashen-leaf-village-75-6/page:5/Grief, Off the Chain","src/data/storylines.ts:1090","The vault, the Flame Beast rising","background","","0,1,2","REMAP","3","/scenes/story/story-ashen-leaf-village-75-6.webp","/scenes/story/cinematic/storywide/ashen-sanctum.webp","Resolve this exact current story beat to retained, reviewed artwork."
"story-ashen-leaf-village-85-7/page:0/The Detainment Lists","src/data/storylines.ts:1101","The village square, notices in fresh ink","background","","0,1,2,3","KEEP","5","/scenes/story/story-ashen-leaf-village-85-7.webp","/scenes/story/story-ashen-leaf-village-85-7.webp","Retain reviewed accurate artwork."
"story-ashen-leaf-village-85-7/page:0/The Detainment Lists","src/data/storylines.ts:1101","The village square, notices in fresh ink","actor","Toma Reed","0,1,2,3","KEEP","5","/portraits/cinematic/toma-reed.webp?v=891202c8e","/portraits/cinematic/toma-reed.webp?v=891202c8e","Retain reviewed accurate artwork."
"story-ashen-leaf-village-85-7/page:1/Jonin","src/data/storylines.ts:1111","The square's edge","background","","0,1,2,3","REMAP","3","/scenes/story/cinematic/storywide/ashen-threshold.webp","/scenes/story/story-ashen-leaf-village-85-7.webp","Resolve this exact current story beat to retained, reviewed artwork."
"story-ashen-leaf-village-85-7/page:1/Jonin","src/data/storylines.ts:1111","The square's edge","actor","Toma Reed","0,1,2,3","KEEP","5","/portraits/cinematic/toma-reed.webp?v=891202c8e","/portraits/cinematic/toma-reed.webp?v=891202c8e","Retain reviewed accurate artwork."
"story-ashen-leaf-village-85-7/page:2/Imera's Kitchen","src/data/storylines.ts:1119","The house behind the eleven-flower fence","background","","0,1,2,3","REPLACE","3","/scenes/story/cinematic/storywide/ashen-civic.webp","/scenes/story/cinematic/storywide/ashen-imera-kitchen-v1.webp","Integrated reviewed replacement: imeraKitchen. See production.json for reference lock and production brief."
"story-ashen-leaf-village-85-7/page:2/Imera's Kitchen","src/data/storylines.ts:1119","The house behind the eleven-flower fence","actor","Imera","0,1,2,3","KEEP","5","/portraits/cinematic/storywide/imera.webp?v=891202c8e","/portraits/cinematic/storywide/imera.webp?v=891202c8e","Retain reviewed accurate artwork."
"story-ashen-leaf-village-85-7/page:3/The Orchard Office","src/data/storylines.ts:1127","The Kage's office, rain on new grafts","background","","0,1,2,3","REPLACE","3","/scenes/story/cinematic/storywide/ashen-civic.webp","/scenes/story/cinematic/storywide/ashen-orchard-office-v1.webp","Integrated reviewed replacement: ashenOrchardOffice. See production.json for reference lock and production brief."
"story-ashen-leaf-village-85-7/page:3/The Orchard Office","src/data/storylines.ts:1127","The Kage's office, rain on new grafts","actor","Kage Hoshina Enju","0,1,2,3","KEEP","5","/portraits/cinematic/storywide/kage-hoshina-enju-canon.webp?v=891202c8e","/portraits/cinematic/storywide/kage-hoshina-enju-canon.webp?v=891202c8e","Retain reviewed accurate artwork."
"story-ashen-leaf-village-85-7/page:4/Not Firewood","src/data/storylines.ts:1137","The orchard office","background","","0,1,2,3","REPLACE","3","/scenes/story/cinematic/storywide/ashen-ashfall.webp","/scenes/story/cinematic/storywide/ashen-orchard-office-v1.webp","Integrated reviewed replacement: ashenOrchardOffice. See production.json for reference lock and production brief."
"story-ashen-leaf-village-85-7/page:4/Not Firewood","src/data/storylines.ts:1137","The orchard office","actor","Kage Hoshina Enju","0,1,2,3","REMAP","1","/portraits/cinematic/storywide/kage-hoshina-enju-tense-canon.webp?v=891202c8e","/portraits/cinematic/storywide/kage-hoshina-enju-canon.webp?v=891202c8e","Resolve this exact current story beat to retained, reviewed artwork."
"story-ashen-leaf-village-85-7/page:5/The Scarred Line","src/data/storylines.ts:1145","The orchard office","background","","0,1,2,3","REPLACE","3","/scenes/story/cinematic/storywide/ashen-civic.webp","/scenes/story/cinematic/storywide/ashen-orchard-office-v1.webp","Integrated reviewed replacement: ashenOrchardOffice. See production.json for reference lock and production brief."
"story-ashen-leaf-village-85-7/page:5/The Scarred Line","src/data/storylines.ts:1145","The orchard office","actor","Kage Hoshina Enju","0,1,2,3","REMAP","1","/portraits/cinematic/storywide/kage-hoshina-enju-tense-canon.webp?v=891202c8e","/portraits/cinematic/storywide/kage-hoshina-enju-canon.webp?v=891202c8e","Resolve this exact current story beat to retained, reviewed artwork."
"story-ashen-leaf-village-85-7/page:6/The Unwilling","src/data/storylines.ts:1153","The orchard office","background","","0,1,2,3","REPLACE","3","/scenes/story/cinematic/storywide/ashen-civic.webp","/scenes/story/cinematic/storywide/ashen-orchard-office-v1.webp","Integrated reviewed replacement: ashenOrchardOffice. See production.json for reference lock and production brief."
"story-ashen-leaf-village-85-7/page:6/The Unwilling","src/data/storylines.ts:1153","The orchard office","actor","Kage Hoshina Enju","0,1,2,3","KEEP","5","/portraits/cinematic/storywide/kage-hoshina-enju-canon.webp?v=891202c8e","/portraits/cinematic/storywide/kage-hoshina-enju-canon.webp?v=891202c8e","Retain reviewed accurate artwork."
"story-ashen-leaf-village-85-7/page:7/The Detention Rows","src/data/storylines.ts:1161","Outside the rows, the Elder Champion at the gate","background","","0,1,2","KEEP","5","/scenes/story/story-ashen-leaf-village-85-7.webp","/scenes/story/story-ashen-leaf-village-85-7.webp","Retain reviewed accurate artwork."
"story-ashen-leaf-village-100-8/page:0/Frost-Fall","src/data/storylines.ts:1172","The Register hall, every line glowing faint","background","","0,1,2","REMAP","3","/scenes/story/story-ashen-leaf-village-100-8.webp","/scenes/story/cinematic/ashen-register-hall-wide.webp","Resolve this exact current story beat to retained, reviewed artwork."
"story-ashen-leaf-village-100-8/page:1/At the Stair","src/data/storylines.ts:1177","The kiln stair door","background","","0,1,2,3","REPLACE","3","/scenes/story/cinematic/storywide/ashen-sanctum.webp","/scenes/story/cinematic/storywide/ashen-kiln-stair-door-v1.webp","Integrated reviewed replacement: ashenKilnStair. See production.json for reference lock and production brief."
"story-ashen-leaf-village-100-8/page:1/At the Stair","src/data/storylines.ts:1177","The kiln stair door","actor","Toma Reed","0,1,2,3","KEEP","5","/portraits/cinematic/toma-reed.webp?v=891202c8e","/portraits/cinematic/toma-reed.webp?v=891202c8e","Retain reviewed accurate artwork."
"story-ashen-leaf-village-100-8/page:2/The Keeper at the Fire","src/data/storylines.ts:1185","The Rootfire chamber, racks emptied, shears on an anvil","background","","0,1,2,3","REMAP","3","/scenes/story/cinematic/storywide/ashen-ashfall.webp","/scenes/story/cinematic/storywide/ashen-climax-rootfire.webp","Resolve this exact current story beat to retained, reviewed artwork."
"story-ashen-leaf-village-100-8/page:2/The Keeper at the Fire","src/data/storylines.ts:1185","The Rootfire chamber, racks emptied, shears on an anvil","actor","Kage Hoshina Enju","0,1,2,3","REMAP","1","/portraits/cinematic/storywide/kage-hoshina-enju-tense-canon.webp?v=891202c8e","/portraits/cinematic/storywide/kage-hoshina-enju-canon.webp?v=891202c8e","Resolve this exact current story beat to retained, reviewed artwork."
"story-ashen-leaf-village-100-8/page:3/The Vessel","src/data/storylines.ts:1191","The fire climbing her arms like ivy","background","","0,1,2,3","REMAP","3","/scenes/story/cinematic/storywide/ashen-ashfall.webp","/scenes/story/cinematic/storywide/ashen-climax-rootfire.webp","Resolve this exact current story beat to retained, reviewed artwork."
"story-ashen-leaf-village-100-8/page:3/The Vessel","src/data/storylines.ts:1191","The fire climbing her arms like ivy","actor","Kage Hoshina Enju","0,1,2,3","KEEP","5","/portraits/cinematic/storywide/kage-hoshina-enju-tense-canon.webp?v=891202c8e","/portraits/cinematic/storywide/kage-hoshina-enju-tense-canon.webp?v=891202c8e","Retain reviewed accurate artwork."
"story-ashen-leaf-village-100-8/page:4/The Lower Draw","src/data/storylines.ts:1199","The Rootfire behind her: an upper flame, cedar-gold, and beneath the grate a darker pull","background","","0,1,2,3","REMAP","3","/scenes/story/cinematic/storywide/ashen-sanctum.webp","/scenes/story/cinematic/storywide/ashen-climax-rootfire.webp","Resolve this exact current story beat to retained, reviewed artwork."
"story-ashen-leaf-village-100-8/page:4/The Lower Draw","src/data/storylines.ts:1199","The Rootfire behind her: an upper flame, cedar-gold, and beneath the grate a darker pull","actor","Kage Hoshina Enju","0,1,2,3","KEEP","5","/portraits/cinematic/storywide/kage-hoshina-enju-canon.webp?v=891202c8e","/portraits/cinematic/storywide/kage-hoshina-enju-canon.webp?v=891202c8e","Retain reviewed accurate artwork."
"story-ashen-leaf-village-100-8/page:5/The Better Winter","src/data/storylines.ts:1207","The anvil, water dripping from your sleeve","background","","0,1,2,3","REMAP","3","/scenes/story/cinematic/storywide/ashen-civic.webp","/scenes/story/cinematic/storywide/ashen-climax-rootfire.webp","Resolve this exact current story beat to retained, reviewed artwork."
"story-ashen-leaf-village-100-8/page:5/The Better Winter","src/data/storylines.ts:1207","The anvil, water dripping from your sleeve","actor","Kage Hoshina Enju","0,1,2,3","KEEP","5","/portraits/cinematic/storywide/kage-hoshina-enju-canon.webp?v=891202c8e","/portraits/cinematic/storywide/kage-hoshina-enju-canon.webp?v=891202c8e","Retain reviewed accurate artwork."
"story-ashen-leaf-village-100-8/page:6/What the Village Saw","src/data/storylines.ts:1218","The anvil, her hands very still","background","","0,1,2","REMAP","3","/scenes/story/cinematic/storywide/ashen-civic.webp","/scenes/story/cinematic/storywide/ashen-climax-rootfire.webp","Resolve this exact current story beat to retained, reviewed artwork."
"story-ashen-leaf-village-100-8/page:6/What the Village Saw","src/data/storylines.ts:1218","The anvil, her hands very still","actor","Kage Hoshina Enju","0,1,2","KEEP","5","/portraits/cinematic/storywide/kage-hoshina-enju-canon.webp?v=891202c8e","/portraits/cinematic/storywide/kage-hoshina-enju-canon.webp?v=891202c8e","Retain reviewed accurate artwork."
"story-ashen-leaf-village-100-8/page:7/The Measured Pages","src/data/storylines.ts:1225","Mori's book open on the anvil","background","","0,1,2,3","REMAP","3","/scenes/story/cinematic/storywide/ashen-civic.webp","/scenes/story/cinematic/storywide/ashen-climax-rootfire.webp","Resolve this exact current story beat to retained, reviewed artwork."
"story-ashen-leaf-village-100-8/page:7/The Measured Pages","src/data/storylines.ts:1225","Mori's book open on the anvil","actor","Kage Hoshina Enju","0,1,2,3","KEEP","5","/portraits/cinematic/storywide/kage-hoshina-enju-canon.webp?v=891202c8e","/portraits/cinematic/storywide/kage-hoshina-enju-canon.webp?v=891202c8e","Retain reviewed accurate artwork."
"story-ashen-leaf-village-100-8/page:8/Her Own Eyes","src/data/storylines.ts:1233","A survey report unfolded between you","background","","0,1,2,3","REMAP","3","/scenes/story/cinematic/storywide/ashen-civic.webp","/scenes/story/cinematic/storywide/ashen-climax-rootfire.webp","Resolve this exact current story beat to retained, reviewed artwork."
"story-ashen-leaf-village-100-8/page:8/Her Own Eyes","src/data/storylines.ts:1233","A survey report unfolded between you","actor","Kage Hoshina Enju","0,1,2,3","KEEP","5","/portraits/cinematic/storywide/kage-hoshina-enju-canon.webp?v=891202c8e","/portraits/cinematic/storywide/kage-hoshina-enju-canon.webp?v=891202c8e","Retain reviewed accurate artwork."
"story-ashen-leaf-village-100-8/page:9/The Water Answers","src/data/storylines.ts:1241","The model turning in a channel of firelight","background","","0,1,2,3","REMAP","3","/scenes/story/cinematic/storywide/ashen-ashfall.webp","/scenes/story/cinematic/storywide/ashen-climax-rootfire.webp","Resolve this exact current story beat to retained, reviewed artwork."
"story-ashen-leaf-village-100-8/page:9/The Water Answers","src/data/storylines.ts:1241","The model turning in a channel of firelight","actor","Kage Hoshina Enju","0,1,2,3","REMAP","1","/portraits/cinematic/storywide/kage-hoshina-enju-tense-canon.webp?v=891202c8e","/portraits/cinematic/storywide/kage-hoshina-enju-canon.webp?v=891202c8e","Resolve this exact current story beat to retained, reviewed artwork."
"story-ashen-leaf-village-100-8/page:10/This Part Is Ours","src/data/storylines.ts:1249","The kiln stair door opening behind you, Toma and Sera coming down into the firelight","background","","0,1,2","REMAP","3","/scenes/story/cinematic/storywide/ashen-sanctum.webp","/scenes/story/cinematic/storywide/ashen-climax-rootfire.webp","Resolve this exact current story beat to retained, reviewed artwork."
"story-ashen-leaf-village-100-8/page:10/This Part Is Ours","src/data/storylines.ts:1249","The kiln stair door opening behind you, Toma and Sera coming down into the firelight","actor","Toma Reed","0,1,2","REMAP","1","/portraits/cinematic/toma-reed.webp?v=891202c8e","/portraits/cinematic/storywide/toma-reed-resolute.webp?v=891202c8e","Resolve this exact current story beat to retained, reviewed artwork."
"story-ashen-leaf-village-100-8/page:11/Handwriting","src/data/storylines.ts:1256","The chamber, Sera laying the letter flat on the anvil","background","","0,1,2,3","REMAP","3","/scenes/story/cinematic/storywide/ashen-sanctum.webp","/scenes/story/cinematic/storywide/ashen-climax-rootfire.webp","Resolve this exact current story beat to retained, reviewed artwork."
"story-ashen-leaf-village-100-8/page:11/Handwriting","src/data/storylines.ts:1256","The chamber, Sera laying the letter flat on the anvil","actor","Sera Reed","0,1,2,3","KEEP","5","/portraits/cinematic/storywide/sera-reed.webp?v=891202c8e","/portraits/cinematic/storywide/sera-reed.webp?v=891202c8e","Retain reviewed accurate artwork."
"story-ashen-leaf-village-100-8/page:12/A Mother's Proof","src/data/storylines.ts:1264","The Rootfire dimming, Hoshina very still","background","","0,1","REMAP","3","/scenes/story/cinematic/storywide/ashen-sanctum.webp","/scenes/story/cinematic/storywide/ashen-climax-rootfire.webp","Resolve this exact current story beat to retained, reviewed artwork."
"story-ashen-leaf-village-100-8/page:12/A Mother's Proof","src/data/storylines.ts:1264","The Rootfire dimming, Hoshina very still","actor","Kage Hoshina Enju","0,1","KEEP","5","/portraits/cinematic/storywide/kage-hoshina-enju-canon.webp?v=891202c8e","/portraits/cinematic/storywide/kage-hoshina-enju-canon.webp?v=891202c8e","Retain reviewed accurate artwork."
"story-ashen-leaf-village-100-8/page:13/Water Without a Name","src/data/storylines.ts:1270","The channel numbers chalked on a slate","background","","0,1,2,3","REMAP","3","/scenes/story/cinematic/storywide/ashen-aftermath.webp","/scenes/story/cinematic/storywide/ashen-climax-rootfire.webp","Resolve this exact current story beat to retained, reviewed artwork."
"story-ashen-leaf-village-100-8/page:13/Water Without a Name","src/data/storylines.ts:1270","The channel numbers chalked on a slate","actor","Kage Hoshina Enju","0,1,2,3","KEEP","5","/portraits/cinematic/storywide/kage-hoshina-enju-canon.webp?v=891202c8e","/portraits/cinematic/storywide/kage-hoshina-enju-canon.webp?v=891202c8e","Retain reviewed accurate artwork."
"story-ashen-leaf-village-100-8/page:14/The Unfinished Answer","src/data/storylines.ts:1278","Aren's model in her scarred hands","background","","0,1,2,3","REMAP","3","/scenes/story/cinematic/storywide/ashen-civic.webp","/scenes/story/cinematic/storywide/ashen-climax-rootfire.webp","Resolve this exact current story beat to retained, reviewed artwork."
"story-ashen-leaf-village-100-8/page:14/The Unfinished Answer","src/data/storylines.ts:1278","Aren's model in her scarred hands","actor","Kage Hoshina Enju","0,1,2,3","REMAP","1","/portraits/cinematic/storywide/kage-hoshina-enju-tense-canon.webp?v=891202c8e","/portraits/cinematic/storywide/kage-hoshina-enju-canon.webp?v=891202c8e","Resolve this exact current story beat to retained, reviewed artwork."
"story-ashen-leaf-village-100-8/page:15/Mori Reads the Pattern","src/data/storylines.ts:1286","Mori opening the bloom charts on the anvil beside the shears, Hoshina saying his name once, quietly","background","","0,1,2,3","REMAP","3","/scenes/story/cinematic/storywide/ashen-civic.webp","/scenes/story/cinematic/storywide/ashen-climax-rootfire.webp","Resolve this exact current story beat to retained, reviewed artwork."
"story-ashen-leaf-village-100-8/page:15/Mori Reads the Pattern","src/data/storylines.ts:1286","Mori opening the bloom charts on the anvil beside the shears, Hoshina saying his name once, quietly","actor","Elder Mori","0,1,2,3","REMAP","1","/portraits/cinematic/elder-mori.webp?v=891202c8e","/portraits/cinematic/storywide/elder-mori-solemn.webp?v=891202c8e","Resolve this exact current story beat to retained, reviewed artwork."
"story-ashen-leaf-village-100-8/page:16/No Answer Left","src/data/storylines.ts:1294","The Rootfire low, Hoshina looking at the shears on the anvil","background","","0,1","REMAP","3","/scenes/story/cinematic/storywide/ashen-ashfall.webp","/scenes/story/cinematic/storywide/ashen-climax-rootfire.webp","Resolve this exact current story beat to retained, reviewed artwork."
"story-ashen-leaf-village-100-8/page:16/No Answer Left","src/data/storylines.ts:1294","The Rootfire low, Hoshina looking at the shears on the anvil","actor","Kage Hoshina Enju","0,1","REMAP","1","/portraits/cinematic/storywide/kage-hoshina-enju-tense-canon.webp?v=891202c8e","/portraits/cinematic/storywide/kage-hoshina-enju-canon.webp?v=891202c8e","Resolve this exact current story beat to retained, reviewed artwork."
"story-ashen-leaf-village-100-8/page:17/Answer for Mori's charts. You've known the pattern for years.","src/data/storylines.ts:1300","The reckoning","background","","0,1,2","REMAP","3","/scenes/story/cinematic/storywide/ashen-civic.webp","/scenes/story/cinematic/storywide/ashen-climax-rootfire.webp","Resolve this exact current story beat to retained, reviewed artwork."
"story-ashen-leaf-village-100-8/page:17/Answer for Mori's charts. You've known the pattern for years.","src/data/storylines.ts:1300","The reckoning","actor","Kage Hoshina Enju","0,1,2","REMAP","1","/portraits/cinematic/storywide/kage-hoshina-enju-tense-canon.webp?v=891202c8e","/portraits/cinematic/storywide/kage-hoshina-enju-canon.webp?v=891202c8e","Resolve this exact current story beat to retained, reviewed artwork."
"story-ashen-leaf-village-100-8/page:18/Answer for my page. You kept my cut in your wonder room.","src/data/storylines.ts:1307","The reckoning","background","","0,1,2","REMAP","3","/scenes/story/cinematic/storywide/ashen-civic.webp","/scenes/story/cinematic/storywide/ashen-climax-rootfire.webp","Resolve this exact current story beat to retained, reviewed artwork."
"story-ashen-leaf-village-100-8/page:18/Answer for my page. You kept my cut in your wonder room.","src/data/storylines.ts:1307","The reckoning","actor","Kage Hoshina Enju","0,1,2","KEEP","5","/portraits/cinematic/storywide/kage-hoshina-enju-canon.webp?v=891202c8e","/portraits/cinematic/storywide/kage-hoshina-enju-canon.webp?v=891202c8e","Retain reviewed accurate artwork."
"story-ashen-leaf-village-100-8/page:19/Answer for Aren Reed. His future gets finished.","src/data/storylines.ts:1314","The reckoning","background","","0,1,2","REMAP","3","/scenes/story/cinematic/storywide/ashen-ashfall.webp","/scenes/story/cinematic/storywide/ashen-climax-rootfire.webp","Resolve this exact current story beat to retained, reviewed artwork."
"story-ashen-leaf-village-100-8/page:19/Answer for Aren Reed. His future gets finished.","src/data/storylines.ts:1314","The reckoning","actor","Kage Hoshina Enju","0,1,2","REMAP","1","/portraits/cinematic/storywide/kage-hoshina-enju-tense-canon.webp?v=891202c8e","/portraits/cinematic/storywide/kage-hoshina-enju-canon.webp?v=891202c8e","Resolve this exact current story beat to retained, reviewed artwork."
"story-ashen-leaf-village-100-8/page:20/The Shears on the Anvil","src/data/storylines.ts:1321","The Rootfire at full roar, Hoshina alight","background","","0,1,2","KEEP","5","/scenes/story/cinematic/storywide/ashen-climax-rootfire.webp","/scenes/story/cinematic/storywide/ashen-climax-rootfire.webp","Retain reviewed accurate artwork."
"story-ashen-leaf-village-100-8/page:20/The Shears on the Anvil","src/data/storylines.ts:1321","The Rootfire at full roar, Hoshina alight","actor","Kage Hoshina Enju","0,1,2","KEEP","5","/portraits/cinematic/storywide/kage-hoshina-enju-hollow-canon.webp?v=891202c8e","/portraits/cinematic/storywide/kage-hoshina-enju-hollow-canon.webp?v=891202c8e","Retain reviewed accurate artwork."
"story-ashen-leaf-village-4-0:archive-0/page:0/The Register Hall","src/data/storylines.ts:638","Register hall, morning light through cedar smoke","background","","0,1,2,3,4","KEEP","5","/scenes/story/cinematic/ashen-register-hall-wide.webp","/scenes/story/cinematic/ashen-register-hall-wide.webp","Retain reviewed accurate artwork."
"story-ashen-leaf-village-4-0:archive-0/page:0/The Register Hall","src/data/storylines.ts:638","Register hall, morning light through cedar smoke","actor","Toma Reed","0,1,2,3,4","KEEP","5","/portraits/cinematic/toma-reed.webp?v=891202c8e","/portraits/cinematic/toma-reed.webp?v=891202c8e","Retain reviewed accurate artwork."
"story-ashen-leaf-village-4-0:archive-0/page:1/The Fourth Question","src/data/storylines.ts:645","The Register wall, quill waiting","background","","0,1,2,3","KEEP","5","/scenes/story/cinematic/ashen-register-wall.webp","/scenes/story/cinematic/ashen-register-wall.webp","Retain reviewed accurate artwork."
"story-ashen-leaf-village-4-0:archive-0/page:2/A Protector","src/data/storylines.ts:657","The Register wall","background","","0,1,2","KEEP","5","/scenes/story/cinematic/ashen-register-wall.webp","/scenes/story/cinematic/ashen-register-wall.webp","Retain reviewed accurate artwork."
"story-ashen-leaf-village-4-0:archive-0/page:2/A Protector","src/data/storylines.ts:657","The Register wall","actor","Registry Duty Clerk","0,1,2","KEEP","5","/portraits/cinematic/registry-duty-clerk.webp?v=891202c8e","/portraits/cinematic/registry-duty-clerk.webp?v=891202c8e","Retain reviewed accurate artwork."
"story-ashen-leaf-village-4-0:archive-0/page:3/The Black Flower","src/data/storylines.ts:692","The Register wall, ink drying","background","","0,1","KEEP","5","/scenes/story/cinematic/ashen-register-wall.webp","/scenes/story/cinematic/ashen-register-wall.webp","Retain reviewed accurate artwork."
"story-ashen-leaf-village-4-0:archive-0/page:3/The Black Flower","src/data/storylines.ts:692","The Register wall, ink drying","actor","Toma Reed","0,1,2","KEEP","5","/portraits/cinematic/toma-reed.webp?v=891202c8e","/portraits/cinematic/toma-reed.webp?v=891202c8e","Retain reviewed accurate artwork."
"story-ashen-leaf-village-4-0:archive-0/page:3/The Black Flower","src/data/storylines.ts:692","The Register wall, ink drying","background","","2","REPLACE","3","/scenes/story/cinematic/ashen-register-wall.webp","/scenes/story/cinematic/ashen-black-flower-reveal-v2.webp","Integrated reviewed replacement: flowerGeneration. See production.json for reference lock and production brief."
"story-ashen-leaf-village-4-0:archive-0/page:4/Elder Mori","src/data/storylines.ts:697","The Register wall, a crowd gathering","background","","0,1,2,3,4","REPLACE","3","/scenes/story/cinematic/ashen-register-wall.webp","/scenes/story/cinematic/ashen-black-flower-reveal-v2.webp","Integrated reviewed replacement: flowerGeneration. See production.json for reference lock and production brief."
"story-ashen-leaf-village-4-0:archive-0/page:4/Elder Mori","src/data/storylines.ts:697","The Register wall, a crowd gathering","actor","Elder Mori","0,1,2,3,4","KEEP","5","/portraits/cinematic/elder-mori.webp?v=891202c8e","/portraits/cinematic/elder-mori.webp?v=891202c8e","Retain reviewed accurate artwork."
"story-ashen-leaf-village-4-0:archive-0/page:5/The Grove Trial","src/data/storylines.ts:706","The old grove, roots breaking the flagstones","background","","0,1,2,3,4","REMAP","3","/scenes/story/cinematic/ashen-register-wall.webp","/scenes/story/cinematic/ashen-old-grove-trial.webp","Resolve this exact current story beat to retained, reviewed artwork."
"story-ashen-leaf-village-4-0:archive-0/page:5/The Grove Trial","src/data/storylines.ts:706","The old grove, roots breaking the flagstones","actor","Elder Mori","0,1,2,3,4","KEEP","5","/portraits/cinematic/elder-mori.webp?v=891202c8e","/portraits/cinematic/elder-mori.webp?v=891202c8e","Retain reviewed accurate artwork."
"story-ashen-leaf-village-4-0:archive-1/page:0/The Register Hall","src/data/storylines.ts:638","Register hall, morning light through cedar smoke","background","","0,1,2,3,4","KEEP","5","/scenes/story/cinematic/ashen-register-hall-wide.webp","/scenes/story/cinematic/ashen-register-hall-wide.webp","Retain reviewed accurate artwork."
"story-ashen-leaf-village-4-0:archive-1/page:0/The Register Hall","src/data/storylines.ts:638","Register hall, morning light through cedar smoke","actor","Toma Reed","0,1,2,3,4","KEEP","5","/portraits/cinematic/toma-reed.webp?v=891202c8e","/portraits/cinematic/toma-reed.webp?v=891202c8e","Retain reviewed accurate artwork."
"story-ashen-leaf-village-4-0:archive-1/page:1/The Fourth Question","src/data/storylines.ts:645","The Register wall, quill waiting","background","","0,1,2,3","KEEP","5","/scenes/story/cinematic/ashen-register-wall.webp","/scenes/story/cinematic/ashen-register-wall.webp","Retain reviewed accurate artwork."
"story-ashen-leaf-village-4-0:archive-1/page:2/The Strongest","src/data/storylines.ts:664","The Register wall","background","","0,1,2","KEEP","5","/scenes/story/cinematic/ashen-register-wall.webp","/scenes/story/cinematic/ashen-register-wall.webp","Retain reviewed accurate artwork."
"story-ashen-leaf-village-4-0:archive-1/page:2/The Strongest","src/data/storylines.ts:664","The Register wall","actor","Registry Duty Clerk","0,1,2","KEEP","5","/portraits/cinematic/registry-duty-clerk.webp?v=891202c8e","/portraits/cinematic/registry-duty-clerk.webp?v=891202c8e","Retain reviewed accurate artwork."
"story-ashen-leaf-village-4-0:archive-1/page:3/The Black Flower","src/data/storylines.ts:692","The Register wall, ink drying","background","","0,1","KEEP","5","/scenes/story/cinematic/ashen-register-wall.webp","/scenes/story/cinematic/ashen-register-wall.webp","Retain reviewed accurate artwork."
"story-ashen-leaf-village-4-0:archive-1/page:3/The Black Flower","src/data/storylines.ts:692","The Register wall, ink drying","actor","Toma Reed","0,1,2","KEEP","5","/portraits/cinematic/toma-reed.webp?v=891202c8e","/portraits/cinematic/toma-reed.webp?v=891202c8e","Retain reviewed accurate artwork."
"story-ashen-leaf-village-4-0:archive-1/page:3/The Black Flower","src/data/storylines.ts:692","The Register wall, ink drying","background","","2","REPLACE","3","/scenes/story/cinematic/ashen-register-wall.webp","/scenes/story/cinematic/ashen-black-flower-reveal-v2.webp","Integrated reviewed replacement: flowerGeneration. See production.json for reference lock and production brief."
"story-ashen-leaf-village-4-0:archive-1/page:4/Elder Mori","src/data/storylines.ts:697","The Register wall, a crowd gathering","background","","0,1,2,3,4","REPLACE","3","/scenes/story/cinematic/ashen-register-wall.webp","/scenes/story/cinematic/ashen-black-flower-reveal-v2.webp","Integrated reviewed replacement: flowerGeneration. See production.json for reference lock and production brief."
"story-ashen-leaf-village-4-0:archive-1/page:4/Elder Mori","src/data/storylines.ts:697","The Register wall, a crowd gathering","actor","Elder Mori","0,1,2,3,4","KEEP","5","/portraits/cinematic/elder-mori.webp?v=891202c8e","/portraits/cinematic/elder-mori.webp?v=891202c8e","Retain reviewed accurate artwork."
"story-ashen-leaf-village-4-0:archive-1/page:5/The Grove Trial","src/data/storylines.ts:706","The old grove, roots breaking the flagstones","background","","0,1,2,3,4","REMAP","3","/scenes/story/cinematic/ashen-register-wall.webp","/scenes/story/cinematic/ashen-old-grove-trial.webp","Resolve this exact current story beat to retained, reviewed artwork."
"story-ashen-leaf-village-4-0:archive-1/page:5/The Grove Trial","src/data/storylines.ts:706","The old grove, roots breaking the flagstones","actor","Elder Mori","0,1,2,3,4","KEEP","5","/portraits/cinematic/elder-mori.webp?v=891202c8e","/portraits/cinematic/elder-mori.webp?v=891202c8e","Retain reviewed accurate artwork."
"story-ashen-leaf-village-4-0:archive-2/page:0/The Register Hall","src/data/storylines.ts:638","Register hall, morning light through cedar smoke","background","","0,1,2,3,4","KEEP","5","/scenes/story/cinematic/ashen-register-hall-wide.webp","/scenes/story/cinematic/ashen-register-hall-wide.webp","Retain reviewed accurate artwork."
"story-ashen-leaf-village-4-0:archive-2/page:0/The Register Hall","src/data/storylines.ts:638","Register hall, morning light through cedar smoke","actor","Toma Reed","0,1,2,3,4","KEEP","5","/portraits/cinematic/toma-reed.webp?v=891202c8e","/portraits/cinematic/toma-reed.webp?v=891202c8e","Retain reviewed accurate artwork."
"story-ashen-leaf-village-4-0:archive-2/page:1/The Fourth Question","src/data/storylines.ts:645","The Register wall, quill waiting","background","","0,1,2,3","KEEP","5","/scenes/story/cinematic/ashen-register-wall.webp","/scenes/story/cinematic/ashen-register-wall.webp","Retain reviewed accurate artwork."
"story-ashen-leaf-village-4-0:archive-2/page:2/A Builder","src/data/storylines.ts:671","The Register wall","background","","0,1,2","KEEP","5","/scenes/story/cinematic/ashen-register-wall.webp","/scenes/story/cinematic/ashen-register-wall.webp","Retain reviewed accurate artwork."
"story-ashen-leaf-village-4-0:archive-2/page:2/A Builder","src/data/storylines.ts:671","The Register wall","actor","Registry Duty Clerk","0,1,2","KEEP","5","/portraits/cinematic/registry-duty-clerk.webp?v=891202c8e","/portraits/cinematic/registry-duty-clerk.webp?v=891202c8e","Retain reviewed accurate artwork."
"story-ashen-leaf-village-4-0:archive-2/page:3/The Black Flower","src/data/storylines.ts:692","The Register wall, ink drying","background","","0,1","KEEP","5","/scenes/story/cinematic/ashen-register-wall.webp","/scenes/story/cinematic/ashen-register-wall.webp","Retain reviewed accurate artwork."
"story-ashen-leaf-village-4-0:archive-2/page:3/The Black Flower","src/data/storylines.ts:692","The Register wall, ink drying","actor","Toma Reed","0,1,2","KEEP","5","/portraits/cinematic/toma-reed.webp?v=891202c8e","/portraits/cinematic/toma-reed.webp?v=891202c8e","Retain reviewed accurate artwork."
"story-ashen-leaf-village-4-0:archive-2/page:3/The Black Flower","src/data/storylines.ts:692","The Register wall, ink drying","background","","2","REPLACE","3","/scenes/story/cinematic/ashen-register-wall.webp","/scenes/story/cinematic/ashen-black-flower-reveal-v2.webp","Integrated reviewed replacement: flowerGeneration. See production.json for reference lock and production brief."
"story-ashen-leaf-village-4-0:archive-2/page:4/Elder Mori","src/data/storylines.ts:697","The Register wall, a crowd gathering","background","","0,1,2,3,4","REPLACE","3","/scenes/story/cinematic/ashen-register-wall.webp","/scenes/story/cinematic/ashen-black-flower-reveal-v2.webp","Integrated reviewed replacement: flowerGeneration. See production.json for reference lock and production brief."
"story-ashen-leaf-village-4-0:archive-2/page:4/Elder Mori","src/data/storylines.ts:697","The Register wall, a crowd gathering","actor","Elder Mori","0,1,2,3,4","KEEP","5","/portraits/cinematic/elder-mori.webp?v=891202c8e","/portraits/cinematic/elder-mori.webp?v=891202c8e","Retain reviewed accurate artwork."
"story-ashen-leaf-village-4-0:archive-2/page:5/The Grove Trial","src/data/storylines.ts:706","The old grove, roots breaking the flagstones","background","","0,1,2,3,4","REMAP","3","/scenes/story/cinematic/ashen-register-wall.webp","/scenes/story/cinematic/ashen-old-grove-trial.webp","Resolve this exact current story beat to retained, reviewed artwork."
"story-ashen-leaf-village-4-0:archive-2/page:5/The Grove Trial","src/data/storylines.ts:706","The old grove, roots breaking the flagstones","actor","Elder Mori","0,1,2,3,4","KEEP","5","/portraits/cinematic/elder-mori.webp?v=891202c8e","/portraits/cinematic/elder-mori.webp?v=891202c8e","Retain reviewed accurate artwork."
"story-ashen-leaf-village-4-0:archive-3/page:0/The Register Hall","src/data/storylines.ts:638","Register hall, morning light through cedar smoke","background","","0,1,2,3,4","KEEP","5","/scenes/story/cinematic/ashen-register-hall-wide.webp","/scenes/story/cinematic/ashen-register-hall-wide.webp","Retain reviewed accurate artwork."
"story-ashen-leaf-village-4-0:archive-3/page:0/The Register Hall","src/data/storylines.ts:638","Register hall, morning light through cedar smoke","actor","Toma Reed","0,1,2,3,4","KEEP","5","/portraits/cinematic/toma-reed.webp?v=891202c8e","/portraits/cinematic/toma-reed.webp?v=891202c8e","Retain reviewed accurate artwork."
"story-ashen-leaf-village-4-0:archive-3/page:1/The Fourth Question","src/data/storylines.ts:645","The Register wall, quill waiting","background","","0,1,2,3","KEEP","5","/scenes/story/cinematic/ashen-register-wall.webp","/scenes/story/cinematic/ashen-register-wall.webp","Retain reviewed accurate artwork."
"story-ashen-leaf-village-4-0:archive-3/page:2/A Seeker","src/data/storylines.ts:678","The Register wall","background","","0,1,2","KEEP","5","/scenes/story/cinematic/ashen-register-wall.webp","/scenes/story/cinematic/ashen-register-wall.webp","Retain reviewed accurate artwork."
"story-ashen-leaf-village-4-0:archive-3/page:2/A Seeker","src/data/storylines.ts:678","The Register wall","actor","Registry Duty Clerk","0,1,2","KEEP","5","/portraits/cinematic/registry-duty-clerk.webp?v=891202c8e","/portraits/cinematic/registry-duty-clerk.webp?v=891202c8e","Retain reviewed accurate artwork."
"story-ashen-leaf-village-4-0:archive-3/page:3/The Black Flower","src/data/storylines.ts:692","The Register wall, ink drying","background","","0,1","KEEP","5","/scenes/story/cinematic/ashen-register-wall.webp","/scenes/story/cinematic/ashen-register-wall.webp","Retain reviewed accurate artwork."
"story-ashen-leaf-village-4-0:archive-3/page:3/The Black Flower","src/data/storylines.ts:692","The Register wall, ink drying","actor","Toma Reed","0,1,2","KEEP","5","/portraits/cinematic/toma-reed.webp?v=891202c8e","/portraits/cinematic/toma-reed.webp?v=891202c8e","Retain reviewed accurate artwork."
"story-ashen-leaf-village-4-0:archive-3/page:3/The Black Flower","src/data/storylines.ts:692","The Register wall, ink drying","background","","2","REPLACE","3","/scenes/story/cinematic/ashen-register-wall.webp","/scenes/story/cinematic/ashen-black-flower-reveal-v2.webp","Integrated reviewed replacement: flowerGeneration. See production.json for reference lock and production brief."
"story-ashen-leaf-village-4-0:archive-3/page:4/Elder Mori","src/data/storylines.ts:697","The Register wall, a crowd gathering","background","","0,1,2,3,4","REPLACE","3","/scenes/story/cinematic/ashen-register-wall.webp","/scenes/story/cinematic/ashen-black-flower-reveal-v2.webp","Integrated reviewed replacement: flowerGeneration. See production.json for reference lock and production brief."
"story-ashen-leaf-village-4-0:archive-3/page:4/Elder Mori","src/data/storylines.ts:697","The Register wall, a crowd gathering","actor","Elder Mori","0,1,2,3,4","KEEP","5","/portraits/cinematic/elder-mori.webp?v=891202c8e","/portraits/cinematic/elder-mori.webp?v=891202c8e","Retain reviewed accurate artwork."
"story-ashen-leaf-village-4-0:archive-3/page:5/The Grove Trial","src/data/storylines.ts:706","The old grove, roots breaking the flagstones","background","","0,1,2,3,4","REMAP","3","/scenes/story/cinematic/ashen-register-wall.webp","/scenes/story/cinematic/ashen-old-grove-trial.webp","Resolve this exact current story beat to retained, reviewed artwork."
"story-ashen-leaf-village-4-0:archive-3/page:5/The Grove Trial","src/data/storylines.ts:706","The old grove, roots breaking the flagstones","actor","Elder Mori","0,1,2,3,4","KEEP","5","/portraits/cinematic/elder-mori.webp?v=891202c8e","/portraits/cinematic/elder-mori.webp?v=891202c8e","Retain reviewed accurate artwork."
"story-ashen-leaf-village-4-0:archive-4/page:0/The Register Hall","src/data/storylines.ts:638","Register hall, morning light through cedar smoke","background","","0,1,2,3,4","KEEP","5","/scenes/story/cinematic/ashen-register-hall-wide.webp","/scenes/story/cinematic/ashen-register-hall-wide.webp","Retain reviewed accurate artwork."
"story-ashen-leaf-village-4-0:archive-4/page:0/The Register Hall","src/data/storylines.ts:638","Register hall, morning light through cedar smoke","actor","Toma Reed","0,1,2,3,4","KEEP","5","/portraits/cinematic/toma-reed.webp?v=891202c8e","/portraits/cinematic/toma-reed.webp?v=891202c8e","Retain reviewed accurate artwork."
"story-ashen-leaf-village-4-0:archive-4/page:1/The Fourth Question","src/data/storylines.ts:645","The Register wall, quill waiting","background","","0,1,2,3","KEEP","5","/scenes/story/cinematic/ashen-register-wall.webp","/scenes/story/cinematic/ashen-register-wall.webp","Retain reviewed accurate artwork."
"story-ashen-leaf-village-4-0:archive-4/page:2/Not Yet","src/data/storylines.ts:685","The Register wall","background","","0,1,2","KEEP","5","/scenes/story/cinematic/ashen-register-wall.webp","/scenes/story/cinematic/ashen-register-wall.webp","Retain reviewed accurate artwork."
"story-ashen-leaf-village-4-0:archive-4/page:2/Not Yet","src/data/storylines.ts:685","The Register wall","actor","Registry Duty Clerk","0,1,2","KEEP","5","/portraits/cinematic/registry-duty-clerk.webp?v=891202c8e","/portraits/cinematic/registry-duty-clerk.webp?v=891202c8e","Retain reviewed accurate artwork."
"story-ashen-leaf-village-4-0:archive-4/page:3/The Black Flower","src/data/storylines.ts:692","The Register wall, ink drying","background","","0,1","KEEP","5","/scenes/story/cinematic/ashen-register-wall.webp","/scenes/story/cinematic/ashen-register-wall.webp","Retain reviewed accurate artwork."
"story-ashen-leaf-village-4-0:archive-4/page:3/The Black Flower","src/data/storylines.ts:692","The Register wall, ink drying","actor","Toma Reed","0,1,2","KEEP","5","/portraits/cinematic/toma-reed.webp?v=891202c8e","/portraits/cinematic/toma-reed.webp?v=891202c8e","Retain reviewed accurate artwork."
"story-ashen-leaf-village-4-0:archive-4/page:3/The Black Flower","src/data/storylines.ts:692","The Register wall, ink drying","background","","2","REPLACE","3","/scenes/story/cinematic/ashen-register-wall.webp","/scenes/story/cinematic/ashen-black-flower-reveal-v2.webp","Integrated reviewed replacement: flowerGeneration. See production.json for reference lock and production brief."
"story-ashen-leaf-village-4-0:archive-4/page:4/Elder Mori","src/data/storylines.ts:697","The Register wall, a crowd gathering","background","","0,1,2,3,4","REPLACE","3","/scenes/story/cinematic/ashen-register-wall.webp","/scenes/story/cinematic/ashen-black-flower-reveal-v2.webp","Integrated reviewed replacement: flowerGeneration. See production.json for reference lock and production brief."
"story-ashen-leaf-village-4-0:archive-4/page:4/Elder Mori","src/data/storylines.ts:697","The Register wall, a crowd gathering","actor","Elder Mori","0,1,2,3,4","KEEP","5","/portraits/cinematic/elder-mori.webp?v=891202c8e","/portraits/cinematic/elder-mori.webp?v=891202c8e","Retain reviewed accurate artwork."
"story-ashen-leaf-village-4-0:archive-4/page:5/The Grove Trial","src/data/storylines.ts:706","The old grove, roots breaking the flagstones","background","","0,1,2,3,4","REMAP","3","/scenes/story/cinematic/ashen-register-wall.webp","/scenes/story/cinematic/ashen-old-grove-trial.webp","Resolve this exact current story beat to retained, reviewed artwork."
"story-ashen-leaf-village-4-0:archive-4/page:5/The Grove Trial","src/data/storylines.ts:706","The old grove, roots breaking the flagstones","actor","Elder Mori","0,1,2,3,4","KEEP","5","/portraits/cinematic/elder-mori.webp?v=891202c8e","/portraits/cinematic/elder-mori.webp?v=891202c8e","Retain reviewed accurate artwork."
"story-frostfang-village-4-0/page:0/First Bell","src/data/storylines.ts:1343","The training yard at first bell, breath-fog in rows, lantern lines overhead","background","","0,1,2,3,4","VARIANT","3","/scenes/story/story-frostfang-village-4-0.webp","/scenes/story/cinematic/storywide/frostfang-roll-stone-v1.webp","Integrated supported story-state variant: frostIntake. See production.json for reference lock and production brief."
"story-frostfang-village-4-0/page:0/First Bell","src/data/storylines.ts:1343","The training yard at first bell, breath-fog in rows, lantern lines overhead","actor","Captain Yura","0,1,2,3,4","KEEP","5","/portraits/cinematic/storywide/captain-yura.webp?v=891202c8e","/portraits/cinematic/storywide/captain-yura.webp?v=891202c8e","Retain reviewed accurate artwork."
"story-frostfang-village-4-0/page:1/The Intake","src/data/storylines.ts:1350","The roll stone, Elder Sova with the Count book open","background","","0,1,2,3","VARIANT","3","/scenes/story/cinematic/storywide/frostfang-civic.webp","/scenes/story/cinematic/storywide/frostfang-roll-stone-v1.webp","Integrated supported story-state variant: frostIntake. See production.json for reference lock and production brief."
"story-frostfang-village-4-0/page:1/The Intake","src/data/storylines.ts:1350","The roll stone, Elder Sova with the Count book open","actor","Elder Sova","0,1,2,3","KEEP","5","/portraits/cinematic/storywide/elder-sova-canon.webp?v=891202c8e","/portraits/cinematic/storywide/elder-sova-canon.webp?v=891202c8e","Retain reviewed accurate artwork."
"story-frostfang-village-4-0/page:2/A Guard's Reason","src/data/storylines.ts:1362","The roll stone","background","","0,1,2","VARIANT","3","/scenes/story/cinematic/storywide/frostfang-civic.webp","/scenes/story/cinematic/storywide/frostfang-roll-stone-v1.webp","Integrated supported story-state variant: frostIntake. See production.json for reference lock and production brief."
"story-frostfang-village-4-0/page:2/A Guard's Reason","src/data/storylines.ts:1362","The roll stone","actor","Elder Sova","0,1,2","KEEP","5","/portraits/cinematic/storywide/elder-sova-canon.webp?v=891202c8e","/portraits/cinematic/storywide/elder-sova-canon.webp?v=891202c8e","Retain reviewed accurate artwork."
"story-frostfang-village-4-0/page:3/A Strong Back","src/data/storylines.ts:1369","The roll stone","background","","0,1,2","VARIANT","3","/scenes/story/cinematic/storywide/frostfang-aftermath.webp","/scenes/story/cinematic/storywide/frostfang-roll-stone-v1.webp","Integrated supported story-state variant: frostIntake. See production.json for reference lock and production brief."
"story-frostfang-village-4-0/page:3/A Strong Back","src/data/storylines.ts:1369","The roll stone","actor","Elder Sova","0,1,2","KEEP","5","/portraits/cinematic/storywide/elder-sova-canon.webp?v=891202c8e","/portraits/cinematic/storywide/elder-sova-canon.webp?v=891202c8e","Retain reviewed accurate artwork."
"story-frostfang-village-4-0/page:4/A Debt to Pay","src/data/storylines.ts:1376","The roll stone","background","","0,1,2","VARIANT","3","/scenes/story/cinematic/storywide/frostfang-civic.webp","/scenes/story/cinematic/storywide/frostfang-roll-stone-v1.webp","Integrated supported story-state variant: frostIntake. See production.json for reference lock and production brief."
"story-frostfang-village-4-0/page:4/A Debt to Pay","src/data/storylines.ts:1376","The roll stone","actor","Elder Sova","0,1,2","KEEP","5","/portraits/cinematic/storywide/elder-sova-canon.webp?v=891202c8e","/portraits/cinematic/storywide/elder-sova-canon.webp?v=891202c8e","Retain reviewed accurate artwork."
"story-frostfang-village-4-0/page:5/A Door That Closed","src/data/storylines.ts:1383","The roll stone","background","","0,1,2","VARIANT","3","/scenes/story/cinematic/storywide/frostfang-civic.webp","/scenes/story/cinematic/storywide/frostfang-roll-stone-v1.webp","Integrated supported story-state variant: frostIntake. See production.json for reference lock and production brief."
"story-frostfang-village-4-0/page:5/A Door That Closed","src/data/storylines.ts:1383","The roll stone","actor","Elder Sova","0,1,2","KEEP","5","/portraits/cinematic/storywide/elder-sova-canon.webp?v=891202c8e","/portraits/cinematic/storywide/elder-sova-canon.webp?v=891202c8e","Retain reviewed accurate artwork."
"story-frostfang-village-4-0/page:6/A Blank Line","src/data/storylines.ts:1390","The roll stone","background","","0,1,2","VARIANT","3","/scenes/story/cinematic/storywide/frostfang-civic.webp","/scenes/story/cinematic/storywide/frostfang-roll-stone-v1.webp","Integrated supported story-state variant: frostIntake. See production.json for reference lock and production brief."
"story-frostfang-village-4-0/page:6/A Blank Line","src/data/storylines.ts:1390","The roll stone","actor","Elder Sova","0,1,2","KEEP","5","/portraits/cinematic/storywide/elder-sova-canon.webp?v=891202c8e","/portraits/cinematic/storywide/elder-sova-canon.webp?v=891202c8e","Retain reviewed accurate artwork."
"story-frostfang-village-4-0/page:7/The Fogged Plate","src/data/storylines.ts:1397","The gate's mark plate, frost crawling where a wrist should read","background","","0,1,2,3","VARIANT","3","/scenes/story/cinematic/storywide/frostfang-threshold.webp","/scenes/story/cinematic/storywide/frostfang-mark-plate-v1.webp","Integrated supported story-state variant: frostPlate. See production.json for reference lock and production brief."
"story-frostfang-village-4-0/page:7/The Fogged Plate","src/data/storylines.ts:1397","The gate's mark plate, frost crawling where a wrist should read","actor","Captain Yura","0,1,2,3","KEEP","5","/portraits/cinematic/storywide/captain-yura.webp?v=891202c8e","/portraits/cinematic/storywide/captain-yura.webp?v=891202c8e","Retain reviewed accurate artwork."
"story-frostfang-village-4-0/page:8/Someone Long Gone","src/data/storylines.ts:1403","The gate, Sova's thumb on the fogged plate","background","","0,1,2,3","VARIANT","3","/scenes/story/cinematic/storywide/frostfang-threshold.webp","/scenes/story/cinematic/storywide/frostfang-mark-plate-v1.webp","Integrated supported story-state variant: frostPlate. See production.json for reference lock and production brief."
"story-frostfang-village-4-0/page:8/Someone Long Gone","src/data/storylines.ts:1403","The gate, Sova's thumb on the fogged plate","actor","Elder Sova","0,1,2,3","KEEP","5","/portraits/cinematic/storywide/elder-sova-canon.webp?v=891202c8e","/portraits/cinematic/storywide/elder-sova-canon.webp?v=891202c8e","Retain reviewed accurate artwork."
"story-frostfang-village-4-0/page:9/The Loose Warden","src/data/storylines.ts:1411","The yard, a Snow Warden Pup pacing the drill square, six recruits in line","background","","0,1,2,3","KEEP","5","/scenes/story/story-frostfang-village-4-0.webp","/scenes/story/story-frostfang-village-4-0.webp","Retain reviewed accurate artwork."
"story-frostfang-village-4-0/page:9/The Loose Warden","src/data/storylines.ts:1411","The yard, a Snow Warden Pup pacing the drill square, six recruits in line","actor","Captain Yura","0,1,2,3","KEEP","5","/portraits/cinematic/storywide/captain-yura.webp?v=891202c8e","/portraits/cinematic/storywide/captain-yura.webp?v=891202c8e","Retain reviewed accurate artwork."
"story-frostfang-village-15-1/page:0/Five Names Unanswered","src/data/storylines.ts:1423","The roll stone at third bell, snow starting, five names hanging","background","","0,1,2,3,4","VARIANT","3","/scenes/story/story-frostfang-village-15-1.webp","/scenes/story/cinematic/storywide/frostfang-roll-stone-v1.webp","Integrated supported story-state variant: frostIntake. See production.json for reference lock and production brief."
"story-frostfang-village-15-1/page:0/Five Names Unanswered","src/data/storylines.ts:1423","The roll stone at third bell, snow starting, five names hanging","actor","Captain Yura","0,1,2,3,4","KEEP","5","/portraits/cinematic/storywide/captain-yura.webp?v=891202c8e","/portraits/cinematic/storywide/captain-yura.webp?v=891202c8e","Retain reviewed accurate artwork."
"story-frostfang-village-15-1/page:1/The Kage in the Snow","src/data/storylines.ts:1430","The north gate, Kael Whitefang walking in out of the storm carrying a shepherd","background","","0,1,2,3,4,5","REMAP","3","/scenes/story/cinematic/storywide/frostfang-whiteout.webp","/scenes/story/story-frostfang-village-15-1.webp","Resolve this exact current story beat to retained, reviewed artwork."
"story-frostfang-village-15-1/page:1/The Kage in the Snow","src/data/storylines.ts:1430","The north gate, Kael Whitefang walking in out of the storm carrying a shepherd","actor","Kage Kael Whitefang","0,1,2,3,4,5","FIT/CACHE FIX","4","/portraits/cinematic/storywide/kage-kael-whitefang.webp?v=891202c8e","/portraits/cinematic/storywide/kage-kael-whitefang.webp?v=891202c8e","Retain source; use its reviewed focal point, non-mirrored orientation, or scoped cutout shadow. Existing revision contract remains intact."
"story-frostfang-village-15-1/page:2/What Yura Knows","src/data/storylines.ts:1438","The north road, snow thickening","background","","0,1,2,3","REMAP","3","/scenes/story/cinematic/storywide/frostfang-whiteout.webp","/scenes/story/story-frostfang-village-15-1.webp","Resolve this exact current story beat to retained, reviewed artwork."
"story-frostfang-village-15-1/page:2/What Yura Knows","src/data/storylines.ts:1438","The north road, snow thickening","actor","Captain Yura","0,1,2,3","KEEP","5","/portraits/cinematic/storywide/captain-yura.webp?v=891202c8e","/portraits/cinematic/storywide/captain-yura.webp?v=891202c8e","Retain reviewed accurate artwork."
"story-frostfang-village-15-1/page:3/Dain Comes Back","src/data/storylines.ts:1444","The road, a soldier walking out of the white with his hood down","background","","0,1,2,3","REMAP","3","/scenes/story/cinematic/storywide/frostfang-sanctum.webp","/scenes/story/story-frostfang-village-15-1.webp","Resolve this exact current story beat to retained, reviewed artwork."
"story-frostfang-village-15-1/page:3/Dain Comes Back","src/data/storylines.ts:1444","The road, a soldier walking out of the white with his hood down","actor","Frost Seal Echo","0,1,2,3","KEEP","5","/portraits/cinematic/storywide/frost-seal-echo.webp?v=891202c8e","/portraits/cinematic/storywide/frost-seal-echo.webp?v=891202c8e","Retain reviewed accurate artwork."
"story-frostfang-village-15-1/page:4/The Corrected Man","src/data/storylines.ts:1450","The road, Dain's hood down, frost in a script down his wrist","background","","0,1,2,3","KEEP","5","/scenes/story/story-frostfang-village-15-1.webp","/scenes/story/story-frostfang-village-15-1.webp","Retain reviewed accurate artwork."
"story-frostfang-village-15-1/page:4/The Corrected Man","src/data/storylines.ts:1450","The road, Dain's hood down, frost in a script down his wrist","actor","Captain Yura","0,1,2,3","KEEP","5","/portraits/cinematic/storywide/captain-yura.webp?v=891202c8e","/portraits/cinematic/storywide/captain-yura.webp?v=891202c8e","Retain reviewed accurate artwork."
"story-frostfang-village-25-2/page:0/Cut From the Ice","src/data/storylines.ts:1462","A ravine north of the line, three figures standing in cut ice like specimens","background","","0,1,2,3","KEEP","5","/scenes/story/story-frostfang-village-25-2.webp","/scenes/story/story-frostfang-village-25-2.webp","Retain reviewed accurate artwork."
"story-frostfang-village-25-2/page:0/Cut From the Ice","src/data/storylines.ts:1462","A ravine north of the line, three figures standing in cut ice like specimens","actor","Captain Yura","0,1,2,3","KEEP","5","/portraits/cinematic/storywide/captain-yura.webp?v=891202c8e","/portraits/cinematic/storywide/captain-yura.webp?v=891202c8e","Retain reviewed accurate artwork."
"story-frostfang-village-25-2/page:1/The Deep Script","src/data/storylines.ts:1468","The ravine, three soldiers thawing, wrists black with script to the elbow","background","","0,1,2,3","REMAP","3","/scenes/story/cinematic/storywide/frostfang-sanctum.webp","/scenes/story/story-frostfang-village-25-2.webp","Resolve this exact current story beat to retained, reviewed artwork."
"story-frostfang-village-25-2/page:2/The Seal's Voice","src/data/storylines.ts:1474","The ravine mouth, the Frost Seal Echo standing on the ice, guardian shapes forming under it","background","","0,1,2,3","REMAP","3","/scenes/story/cinematic/storywide/frostfang-sanctum.webp","/scenes/story/story-frostfang-village-25-2.webp","Resolve this exact current story beat to retained, reviewed artwork."
"story-frostfang-village-25-2/page:2/The Seal's Voice","src/data/storylines.ts:1474","The ravine mouth, the Frost Seal Echo standing on the ice, guardian shapes forming under it","actor","Frost Seal Echo","0,1,2,3","KEEP","5","/portraits/cinematic/storywide/frost-seal-echo.webp?v=891202c8e","/portraits/cinematic/storywide/frost-seal-echo.webp?v=891202c8e","Retain reviewed accurate artwork."
"story-frostfang-village-25-2/page:3/Terms of Service","src/data/storylines.ts:1483","The ravine mouth, the Echo's cadence stuttering","background","","0,1,2,3","REMAP","3","/scenes/story/cinematic/storywide/frostfang-sanctum.webp","/scenes/story/story-frostfang-village-25-2.webp","Resolve this exact current story beat to retained, reviewed artwork."
"story-frostfang-village-25-2/page:3/Terms of Service","src/data/storylines.ts:1483","The ravine mouth, the Echo's cadence stuttering","actor","Captain Yura","0,1,2,3","KEEP","5","/portraits/cinematic/storywide/captain-yura.webp?v=891202c8e","/portraits/cinematic/storywide/captain-yura.webp?v=891202c8e","Retain reviewed accurate artwork."
"story-frostfang-village-25-2/page:4/The Frost Seal Guardian","src/data/storylines.ts:1491","The ravine, a guardian of old ice rising between you and the road home","background","","0,1,2,3","KEEP","5","/scenes/story/story-frostfang-village-25-2.webp","/scenes/story/story-frostfang-village-25-2.webp","Retain reviewed accurate artwork."
"story-frostfang-village-25-2/page:4/The Frost Seal Guardian","src/data/storylines.ts:1491","The ravine, a guardian of old ice rising between you and the road home","actor","Captain Yura","0,1,2,3","KEEP","5","/portraits/cinematic/storywide/captain-yura.webp?v=891202c8e","/portraits/cinematic/storywide/captain-yura.webp?v=891202c8e","Retain reviewed accurate artwork."
"story-frostfang-village-35-3/page:0/The Struck Names","src/data/storylines.ts:1503","A rebel cavern in the glacier, forty-one people, no marks, warm fires","background","","0,1,2,3,4,5","KEEP","5","/scenes/story/cinematic/storywide/frostfang-pale-pack-cavern-interior.webp","/scenes/story/cinematic/storywide/frostfang-pale-pack-cavern-interior.webp","Retain reviewed accurate artwork."
"story-frostfang-village-35-3/page:0/The Struck Names","src/data/storylines.ts:1503","A rebel cavern in the glacier, forty-one people, no marks, warm fires","actor","Pale Pack Runner","0,1,2,3,4,5","KEEP","5","/portraits/cinematic/storywide/pale-pack-runner.webp?v=891202c8e","/portraits/cinematic/storywide/pale-pack-runner.webp?v=891202c8e","Retain reviewed accurate artwork."
"story-frostfang-village-35-3/page:1/Yura's Roster-Mate","src/data/storylines.ts:1511","The cavern fires, a big woman standing up slow","background","","0,1,2,3,4","KEEP","5","/scenes/story/cinematic/storywide/frostfang-pale-pack-cavern-interior.webp","/scenes/story/cinematic/storywide/frostfang-pale-pack-cavern-interior.webp","Retain reviewed accurate artwork."
"story-frostfang-village-35-3/page:1/Yura's Roster-Mate","src/data/storylines.ts:1511","The cavern fires, a big woman standing up slow","actor","Captain Yura","0,1,2,3,4","KEEP","5","/portraits/cinematic/storywide/captain-yura.webp?v=891202c8e","/portraits/cinematic/storywide/captain-yura.webp?v=891202c8e","Retain reviewed accurate artwork."
"story-frostfang-village-35-3/page:2/Returned to the Count","src/data/storylines.ts:1518","The cavern mouth, torchlight, a sealed recovery detail forming up outside","background","","0,1,2,3","KEEP","5","/scenes/story/cinematic/storywide/frostfang-pale-pack-cavern-mouth.webp","/scenes/story/cinematic/storywide/frostfang-pale-pack-cavern-mouth.webp","Retain reviewed accurate artwork."
"story-frostfang-village-35-3/page:3/The Captain's Arithmetic","src/data/storylines.ts:1527","The cavern mouth's shadow, Yura checking her gear by touch","background","","0,1,2,3","KEEP","5","/scenes/story/cinematic/storywide/frostfang-pale-pack-cavern-mouth.webp","/scenes/story/cinematic/storywide/frostfang-pale-pack-cavern-mouth.webp","Retain reviewed accurate artwork."
"story-frostfang-village-35-3/page:3/The Captain's Arithmetic","src/data/storylines.ts:1527","The cavern mouth's shadow, Yura checking her gear by touch","actor","Captain Yura","0,1,2,3","KEEP","5","/portraits/cinematic/storywide/captain-yura.webp?v=891202c8e","/portraits/cinematic/storywide/captain-yura.webp?v=891202c8e","Retain reviewed accurate artwork."
"story-frostfang-village-35-3/page:4/One Bell","src/data/storylines.ts:1535","The cavern mouth, the detail in formation, snow beginning","background","","0,1,2,3","KEEP","5","/scenes/story/cinematic/storywide/frostfang-pale-pack-cavern-mouth.webp","/scenes/story/cinematic/storywide/frostfang-pale-pack-cavern-mouth.webp","Retain reviewed accurate artwork."
"story-frostfang-village-35-3/page:4/One Bell","src/data/storylines.ts:1535","The cavern mouth, the detail in formation, snow beginning","actor","Pale Pack Runner","0,1,2,3","KEEP","5","/portraits/cinematic/storywide/pale-pack-runner.webp?v=891202c8e","/portraits/cinematic/storywide/pale-pack-runner.webp?v=891202c8e","Retain reviewed accurate artwork."
"story-frostfang-village-50-4/page:0/Both or Neither","src/data/storylines.ts:1547","The oath hall, a two-page scroll flat on the stone table","background","","0,1,2,3","REMAP","3","/scenes/story/story-frostfang-village-50-4.webp","/scenes/story/cinematic/storywide/frostfang-civic.webp","Resolve this exact current story beat to retained, reviewed artwork."
"story-frostfang-village-50-4/page:0/Both or Neither","src/data/storylines.ts:1547","The oath hall, a two-page scroll flat on the stone table","actor","Elder Sova","0,1,2,3","KEEP","5","/portraits/cinematic/storywide/elder-sova-canon.webp?v=891202c8e","/portraits/cinematic/storywide/elder-sova-canon.webp?v=891202c8e","Retain reviewed accurate artwork."
"story-frostfang-village-50-4/page:1/The Oath Is a Comfort","src/data/storylines.ts:1553","The oath hall, Kael by the brazier, hands out to the heat","background","","0,1,2,3","KEEP","5","/scenes/story/cinematic/storywide/frostfang-civic.webp","/scenes/story/cinematic/storywide/frostfang-civic.webp","Retain reviewed accurate artwork."
"story-frostfang-village-50-4/page:1/The Oath Is a Comfort","src/data/storylines.ts:1553","The oath hall, Kael by the brazier, hands out to the heat","actor","Kage Kael Whitefang","0,1,2,3","FIT/CACHE FIX","4","/portraits/cinematic/storywide/kage-kael-whitefang.webp?v=891202c8e","/portraits/cinematic/storywide/kage-kael-whitefang.webp?v=891202c8e","Retain source; use its reviewed focal point, non-mirrored orientation, or scoped cutout shadow. Existing revision contract remains intact."
"story-frostfang-village-50-4/page:2/What Doubt Weighs","src/data/storylines.ts:1562","The oath hall, the brazier crackling","background","","0,1,2,3","KEEP","5","/scenes/story/cinematic/storywide/frostfang-civic.webp","/scenes/story/cinematic/storywide/frostfang-civic.webp","Retain reviewed accurate artwork."
"story-frostfang-village-50-4/page:2/What Doubt Weighs","src/data/storylines.ts:1562","The oath hall, the brazier crackling","actor","Kage Kael Whitefang","0,1,2,3","FIT/CACHE FIX","4","/portraits/cinematic/storywide/kage-kael-whitefang.webp?v=891202c8e","/portraits/cinematic/storywide/kage-kael-whitefang.webp?v=891202c8e","Retain source; use its reviewed focal point, non-mirrored orientation, or scoped cutout shadow. Existing revision contract remains intact."
"story-frostfang-village-50-4/page:3/The Pen Gets Lighter","src/data/storylines.ts:1570","The hall's side door, Yura turning her own wrist in the brazier light","background","","0,1,2,3","KEEP","5","/scenes/story/cinematic/storywide/frostfang-civic.webp","/scenes/story/cinematic/storywide/frostfang-civic.webp","Retain reviewed accurate artwork."
"story-frostfang-village-50-4/page:3/The Pen Gets Lighter","src/data/storylines.ts:1570","The hall's side door, Yura turning her own wrist in the brazier light","actor","Captain Yura","0,1,2,3","REMAP","1","/portraits/cinematic/storywide/captain-yura.webp?v=891202c8e","/portraits/cinematic/storywide/captain-yura-defiant.webp?v=891202c8e","Resolve this exact current story beat to retained, reviewed artwork."
"story-frostfang-village-50-4/page:4/The Rank Trial","src/data/storylines.ts:1578","The proving floor, two glacier-pale duelists bowing as one","background","","0,1,2,3","REMAP","3","/scenes/story/story-frostfang-village-50-4.webp","/scenes/story/cinematic/storywide/frostfang-civic.webp","Resolve this exact current story beat to retained, reviewed artwork."
"story-frostfang-village-50-4/page:4/The Rank Trial","src/data/storylines.ts:1578","The proving floor, two glacier-pale duelists bowing as one","actor","Elder Sova","0,1,2,3","KEEP","5","/portraits/cinematic/storywide/elder-sova-canon.webp?v=891202c8e","/portraits/cinematic/storywide/elder-sova-canon.webp?v=891202c8e","Retain reviewed accurate artwork."
"story-frostfang-village-65-5/page:0/The Removal Order","src/data/storylines.ts:1590","The muster yard before dawn, an order pinned under a lamp","background","","0,1,2,3,4","KEEP","5","/scenes/story/story-frostfang-village-65-5.webp","/scenes/story/story-frostfang-village-65-5.webp","Retain reviewed accurate artwork."
"story-frostfang-village-65-5/page:0/The Removal Order","src/data/storylines.ts:1590","The muster yard before dawn, an order pinned under a lamp","actor","Captain Yura","0,1,2,3,4","KEEP","5","/portraits/cinematic/storywide/captain-yura.webp?v=891202c8e","/portraits/cinematic/storywide/captain-yura.webp?v=891202c8e","Retain reviewed accurate artwork."
"story-frostfang-village-65-5/page:1/From Inside","src/data/storylines.ts:1600","The muster yard, Yura buckling her kit slow","background","","0,1,2,3","REMAP","3","/scenes/story/cinematic/storywide/frostfang-threshold.webp","/scenes/story/story-frostfang-village-65-5.webp","Resolve this exact current story beat to retained, reviewed artwork."
"story-frostfang-village-65-5/page:1/From Inside","src/data/storylines.ts:1600","The muster yard, Yura buckling her kit slow","actor","Captain Yura","0,1,2,3","KEEP","5","/portraits/cinematic/storywide/captain-yura.webp?v=891202c8e","/portraits/cinematic/storywide/captain-yura.webp?v=891202c8e","Retain reviewed accurate artwork."
"story-frostfang-village-65-5/page:2/The Old Quarry","src/data/storylines.ts:1608","The quarry floor, tents against the cut walls, children's snow-forts by the pool","background","","0,1,2,3","VARIANT","3","/scenes/story/cinematic/storywide/frostfang-aftermath.webp","/scenes/story/cinematic/storywide/frostfang-old-quarry-predawn-v1.webp","Integrated supported story-state variant: frostQuarryNight. See production.json for reference lock and production brief."
"story-frostfang-village-65-5/page:2/The Old Quarry","src/data/storylines.ts:1608","The quarry floor, tents against the cut walls, children's snow-forts by the pool","actor","Pale Pack Runner","0,1,2,3","KEEP","5","/portraits/cinematic/storywide/pale-pack-runner.webp?v=891202c8e","/portraits/cinematic/storywide/pale-pack-runner.webp?v=891202c8e","Retain reviewed accurate artwork."
"story-frostfang-village-65-5/page:3/The Confiscated Kits","src/data/storylines.ts:1614","A dry cut in the quarry wall, crates of struck names' belongings stacked as a windbreak","background","","0,1,2,3","VARIANT","3","/scenes/story/cinematic/storywide/frostfang-whiteout.webp","/scenes/story/cinematic/storywide/frostfang-old-quarry-predawn-v1.webp","Integrated supported story-state variant: frostQuarryNight. See production.json for reference lock and production brief."
"story-frostfang-village-65-5/page:3/The Confiscated Kits","src/data/storylines.ts:1614","A dry cut in the quarry wall, crates of struck names' belongings stacked as a windbreak","actor","Captain Yura","0,1,2,3","KEEP","5","/portraits/cinematic/storywide/captain-yura.webp?v=891202c8e","/portraits/cinematic/storywide/captain-yura.webp?v=891202c8e","Retain reviewed accurate artwork."
"story-frostfang-village-65-5/page:4/Dawn Comes Anyway","src/data/storylines.ts:1624","The quarry rim at first light, twelve sealed silhouettes against the snow","background","","0,1,2,3","VARIANT","3","/scenes/story/cinematic/storywide/frostfang-sanctum.webp","/scenes/story/cinematic/storywide/frostfang-old-quarry-camp-v1.webp","Integrated supported story-state variant: frostQuarry. See production.json for reference lock and production brief."
"story-frostfang-village-65-5/page:5/Ranking Witness","src/data/storylines.ts:1630","The quarry rim, the purge unit forming its sweep line","background","","0,1,2,3","VARIANT","3","/scenes/story/story-frostfang-village-65-5.webp","/scenes/story/cinematic/storywide/frostfang-old-quarry-camp-v1.webp","Integrated supported story-state variant: frostQuarry. See production.json for reference lock and production brief."
"story-frostfang-village-65-5/page:5/Ranking Witness","src/data/storylines.ts:1630","The quarry rim, the purge unit forming its sweep line","actor","Captain Yura","0,1,2,3","KEEP","5","/portraits/cinematic/storywide/captain-yura.webp?v=891202c8e","/portraits/cinematic/storywide/captain-yura.webp?v=891202c8e","Retain reviewed accurate artwork."
"story-frostfang-village-75-6/page:0/Drill Fashion","src/data/storylines.ts:1642","The north tower before first light, Yura's kit laid out in perfect rows","background","","0,1,2,3","REMAP","3","/scenes/story/story-frostfang-village-75-6.webp","/scenes/story/cinematic/storywide/frostfang-intimate.webp","Resolve this exact current story beat to retained, reviewed artwork."
"story-frostfang-village-75-6/page:0/Drill Fashion","src/data/storylines.ts:1642","The north tower before first light, Yura's kit laid out in perfect rows","actor","Captain Yura","0,1,2,3","KEEP","5","/portraits/cinematic/storywide/captain-yura.webp?v=891202c8e","/portraits/cinematic/storywide/captain-yura.webp?v=891202c8e","Retain reviewed accurate artwork."
"story-frostfang-village-75-6/page:1/Line by Line","src/data/storylines.ts:1648","The tower room, lamplight, the work begun","background","","0,1,2,3","REMAP","3","/scenes/story/cinematic/storywide/frostfang-civic.webp","/scenes/story/cinematic/storywide/frostfang-intimate.webp","Resolve this exact current story beat to retained, reviewed artwork."
"story-frostfang-village-75-6/page:1/Line by Line","src/data/storylines.ts:1648","The tower room, lamplight, the work begun","actor","Captain Yura","0,1,2,3","KEEP","5","/portraits/cinematic/storywide/captain-yura.webp?v=891202c8e","/portraits/cinematic/storywide/captain-yura.webp?v=891202c8e","Retain reviewed accurate artwork."
"story-frostfang-village-75-6/page:2/The Same Hand","src/data/storylines.ts:207","The tower room, steam off the kettle","background","","0,1,2,3","REMAP","3","/scenes/story/cinematic/storywide/frostfang-whiteout.webp","/scenes/story/cinematic/storywide/frostfang-intimate.webp","Resolve this exact current story beat to retained, reviewed artwork."
"story-frostfang-village-75-6/page:2/The Same Hand","src/data/storylines.ts:207","The tower room, steam off the kettle","actor","Captain Yura","0,1,2,3","KEEP","5","/portraits/cinematic/storywide/captain-yura.webp?v=891202c8e","/portraits/cinematic/storywide/captain-yura.webp?v=891202c8e","Retain reviewed accurate artwork."
"story-frostfang-village-75-6/page:3/Self-Injury, Filed","src/data/storylines.ts:1665","The tower stair, a shape climbing with drill-perfect steps","background","","0,1,2,3","VARIANT","3","/scenes/story/cinematic/storywide/frostfang-aftermath.webp","/scenes/story/cinematic/storywide/frostfang-interior-tower-stair-v1.webp","Integrated supported story-state variant: frostStairClean. See production.json for reference lock and production brief."
"story-frostfang-village-75-6/page:3/Self-Injury, Filed","src/data/storylines.ts:1665","The tower stair, a shape climbing with drill-perfect steps","actor","Frost Seal Echo","0,1,2,3","KEEP","5","/portraits/cinematic/storywide/frost-seal-echo.webp?v=891202c8e","/portraits/cinematic/storywide/frost-seal-echo.webp?v=891202c8e","Retain reviewed accurate artwork."
"story-frostfang-village-75-6/page:4/Her Own Name","src/data/storylines.ts:1671","The tower room, Yura on her feet, wrist bound, eyes clear","background","","0,1,2,3","REMAP","3","/scenes/story/story-frostfang-village-75-6.webp","/scenes/story/cinematic/storywide/frostfang-intimate.webp","Resolve this exact current story beat to retained, reviewed artwork."
"story-frostfang-village-75-6/page:4/Her Own Name","src/data/storylines.ts:1671","The tower room, Yura on her feet, wrist bound, eyes clear","actor","Captain Yura","0,1,2,3","VARIANT","1","/portraits/cinematic/storywide/captain-yura.webp?v=891202c8e","/portraits/cinematic/storywide/captain-yura-wrist-bound-v1.webp?v=891202c8e","Integrated supported story-state variant: yuraBound. See production.json for reference lock and production brief."
"story-frostfang-village-85-7/page:0/The White Silence","src/data/storylines.ts:1683","The central square at dawn, forty-three citizens standing frozen in perfect rows","background","","0,1,2,3","KEEP","5","/scenes/story/story-frostfang-village-85-7.webp","/scenes/story/story-frostfang-village-85-7.webp","Retain reviewed accurate artwork."
"story-frostfang-village-85-7/page:1/What Harrow Sells","src/data/storylines.ts:1689","The icehouse, Harrow with her collar up and her ledger out","background","","0,1,2","VARIANT","3","/scenes/story/cinematic/storywide/frostfang-sanctum.webp","/scenes/story/cinematic/storywide/frostfang-forger-icehouse-v1.webp","Integrated supported story-state variant: frostIcehouse. See production.json for reference lock and production brief."
"story-frostfang-village-85-7/page:1/What Harrow Sells","src/data/storylines.ts:1689","The icehouse, Harrow with her collar up and her ledger out","actor","Kite Harrow","0,1,2","KEEP","5","/portraits/cinematic/kite-harrow.webp?v=891202c8e","/portraits/cinematic/kite-harrow.webp?v=891202c8e","Retain reviewed accurate artwork."
"story-frostfang-village-85-7/page:2/The Rhythm's Flaw","src/data/storylines.ts:1697","The icehouse, a forged mark plate between you on the ice table","background","","0,1,2,3","VARIANT","3","/scenes/story/cinematic/storywide/frostfang-intimate.webp","/scenes/story/cinematic/storywide/frostfang-forger-icehouse-v1.webp","Integrated supported story-state variant: frostIcehouse. See production.json for reference lock and production brief."
"story-frostfang-village-85-7/page:2/The Rhythm's Flaw","src/data/storylines.ts:1697","The icehouse, a forged mark plate between you on the ice table","actor","Kite Harrow","0,1,2,3","KEEP","5","/portraits/cinematic/kite-harrow.webp?v=891202c8e","/portraits/cinematic/kite-harrow.webp?v=891202c8e","Retain reviewed accurate artwork."
"story-frostfang-village-85-7/page:3/The Quartermaster of Doubt","src/data/storylines.ts:1705","The vault hall, warm as a hearth, Kael at a table of tally boards","background","","0,1,2,3,4","REMAP","3","/scenes/story/cinematic/storywide/frostfang-whiteout.webp","/scenes/story/cinematic/storywide/frostfang-civic.webp","Resolve this exact current story beat to retained, reviewed artwork."
"story-frostfang-village-85-7/page:3/The Quartermaster of Doubt","src/data/storylines.ts:1705","The vault hall, warm as a hearth, Kael at a table of tally boards","actor","Kage Kael Whitefang","0,1,2,3,4","FIT/CACHE FIX","4","/portraits/cinematic/storywide/kage-kael-whitefang.webp?v=891202c8e","/portraits/cinematic/storywide/kage-kael-whitefang.webp?v=891202c8e","Retain source; use its reviewed focal point, non-mirrored orientation, or scoped cutout shadow. Existing revision contract remains intact."
"story-frostfang-village-85-7/page:4/The Alpha Guard","src/data/storylines.ts:1714","The vault hall doors, the oldest sealed soldier in the village unfolding to full height","background","","0,1,2,3","VARIANT","3","/scenes/story/story-frostfang-village-85-7.webp","/scenes/story/cinematic/storywide/frostfang-vault-antechamber-v1.webp","Integrated supported story-state variant: frostAnte. See production.json for reference lock and production brief."
"story-frostfang-village-100-8/page:0/The Open Ledgers","src/data/storylines.ts:1726","The vault stair, Sova's records room standing open, lamps lit, no keeper","background","","0,1,2,3","REPLACE","3","/scenes/story/story-frostfang-village-100-8.webp","/scenes/story/cinematic/storywide/frostfang-records-room-v1.webp","Integrated reviewed replacement: sovaRecordsCrop. See production.json for reference lock and production brief."
"story-frostfang-village-100-8/page:1/The Unclosed Door","src/data/storylines.ts:1732","The vault antechamber, Sergeant Essen on post by a door ajar","background","","0,1,2,3","VARIANT","3","/scenes/story/cinematic/storywide/frostfang-sanctum.webp","/scenes/story/cinematic/storywide/frostfang-vault-antechamber-v1.webp","Integrated supported story-state variant: frostAnte. See production.json for reference lock and production brief."
"story-frostfang-village-100-8/page:2/The Pack Comes Down","src/data/storylines.ts:1740","The vault forecourt, unmarked figures standing in falling snow","background","","0,1,2,3","REMAP","3","/scenes/story/cinematic/storywide/frostfang-sanctum.webp","/scenes/story/cinematic/storywide/frostfang-threshold.webp","Resolve this exact current story beat to retained, reviewed artwork."
"story-frostfang-village-100-8/page:2/The Pack Comes Down","src/data/storylines.ts:1740","The vault forecourt, unmarked figures standing in falling snow","actor","Pale Pack Runner","0,1,2,3","KEEP","5","/portraits/cinematic/storywide/pale-pack-runner.webp?v=891202c8e","/portraits/cinematic/storywide/pale-pack-runner.webp?v=891202c8e","Retain reviewed accurate artwork."
"story-frostfang-village-100-8/page:3/The Stair Held by Choice","src/data/storylines.ts:1748","The vault stair, Yura at the landing, bare wrist bandaged, standing easy","background","","0,1,2,3","VARIANT","3","/scenes/story/cinematic/storywide/frostfang-sanctum.webp","/scenes/story/cinematic/storywide/frostfang-interior-tower-stair-v1.webp","Integrated supported story-state variant: frostStairClean. See production.json for reference lock and production brief."
"story-frostfang-village-100-8/page:3/The Stair Held by Choice","src/data/storylines.ts:1748","The vault stair, Yura at the landing, bare wrist bandaged, standing easy","actor","Captain Yura","0,1,2,3","VARIANT","1","/portraits/cinematic/storywide/captain-yura-injured.webp?v=891202c8e","/portraits/cinematic/storywide/captain-yura-wrist-bound-v1.webp?v=891202c8e","Integrated supported story-state variant: yuraBound. See production.json for reference lock and production brief."
"story-frostfang-village-100-8/page:4/The Man Fused to the Door","src/data/storylines.ts:1756","The vault floor: a wall of ancient ice, a meter running backward, Kael before it","background","","0,1,2,3","REMAP","3","/scenes/story/cinematic/storywide/frostfang-sanctum.webp","/scenes/story/cinematic/storywide/frostfang-climax-meter-zero.webp","Resolve this exact current story beat to retained, reviewed artwork."
"story-frostfang-village-100-8/page:4/The Man Fused to the Door","src/data/storylines.ts:1756","The vault floor: a wall of ancient ice, a meter running backward, Kael before it","actor","Kage Kael Whitefang","0,1,2,3","FIT/CACHE FIX","4","/portraits/cinematic/storywide/kage-kael-whitefang.webp?v=891202c8e","/portraits/cinematic/storywide/kage-kael-whitefang.webp?v=891202c8e","Retain source; use its reviewed focal point, non-mirrored orientation, or scoped cutout shadow. Existing revision contract remains intact."
"story-frostfang-village-100-8/page:5/The Gate Tax","src/data/storylines.ts:1764","The vault's blue-white flame steady above, and beneath the grate a darker pull downward","background","","0,1,2,3,4","REMAP","3","/scenes/story/cinematic/storywide/frostfang-sanctum.webp","/scenes/story/cinematic/storywide/frostfang-climax-meter-zero.webp","Resolve this exact current story beat to retained, reviewed artwork."
"story-frostfang-village-100-8/page:5/The Gate Tax","src/data/storylines.ts:1764","The vault's blue-white flame steady above, and beneath the grate a darker pull downward","actor","Kage Kael Whitefang","0,1,2,3,4","FIT/CACHE FIX","4","/portraits/cinematic/storywide/kage-kael-whitefang.webp?v=891202c8e","/portraits/cinematic/storywide/kage-kael-whitefang.webp?v=891202c8e","Retain source; use its reviewed focal point, non-mirrored orientation, or scoped cutout shadow. Existing revision contract remains intact."
"story-frostfang-village-100-8/page:6/The Better Roll","src/data/storylines.ts:1773","The vault floor, Dren's lantern plans unrolled against the ice","background","","0,1,2,3","REMAP","3","/scenes/story/cinematic/storywide/frostfang-sanctum.webp","/scenes/story/cinematic/storywide/frostfang-climax-meter-zero.webp","Resolve this exact current story beat to retained, reviewed artwork."
"story-frostfang-village-100-8/page:6/The Better Roll","src/data/storylines.ts:1773","The vault floor, Dren's lantern plans unrolled against the ice","actor","Kage Kael Whitefang","0,1,2,3","FIT/CACHE FIX","4","/portraits/cinematic/storywide/kage-kael-whitefang.webp?v=891202c8e","/portraits/cinematic/storywide/kage-kael-whitefang.webp?v=891202c8e","Retain source; use its reviewed focal point, non-mirrored orientation, or scoped cutout shadow. Existing revision contract remains intact."
"story-frostfang-village-100-8/page:7/What the Rows Saw","src/data/storylines.ts:1784","The vault floor, the meter's light unsteady","background","","0,1,2,3","REMAP","3","/scenes/story/cinematic/storywide/frostfang-sanctum.webp","/scenes/story/cinematic/storywide/frostfang-climax-meter-zero.webp","Resolve this exact current story beat to retained, reviewed artwork."
"story-frostfang-village-100-8/page:7/What the Rows Saw","src/data/storylines.ts:1784","The vault floor, the meter's light unsteady","actor","Kage Kael Whitefang","0,1,2,3","FIT/CACHE FIX","4","/portraits/cinematic/storywide/kage-kael-whitefang.webp?v=891202c8e","/portraits/cinematic/storywide/kage-kael-whitefang.webp?v=891202c8e","Retain source; use its reviewed focal point, non-mirrored orientation, or scoped cutout shadow. Existing revision contract remains intact."
"story-frostfang-village-100-8/page:8/The Countersigned Log","src/data/storylines.ts:1792","The vault floor, the drill log flat against the ice wall","background","","0,1,2,3","REMAP","3","/scenes/story/cinematic/storywide/frostfang-sanctum.webp","/scenes/story/cinematic/storywide/frostfang-climax-meter-zero.webp","Resolve this exact current story beat to retained, reviewed artwork."
"story-frostfang-village-100-8/page:8/The Countersigned Log","src/data/storylines.ts:1792","The vault floor, the drill log flat against the ice wall","actor","Kage Kael Whitefang","0,1,2,3","FIT/CACHE FIX","4","/portraits/cinematic/storywide/kage-kael-whitefang.webp?v=891202c8e","/portraits/cinematic/storywide/kage-kael-whitefang.webp?v=891202c8e","Retain source; use its reviewed focal point, non-mirrored orientation, or scoped cutout shadow. Existing revision contract remains intact."
"story-frostfang-village-100-8/page:9/His Own Wardens","src/data/storylines.ts:1800","The vault floor, a warden's report unfolded between you","background","","0,1,2,3","REMAP","3","/scenes/story/cinematic/storywide/frostfang-sanctum.webp","/scenes/story/cinematic/storywide/frostfang-climax-meter-zero.webp","Resolve this exact current story beat to retained, reviewed artwork."
"story-frostfang-village-100-8/page:9/His Own Wardens","src/data/storylines.ts:1800","The vault floor, a warden's report unfolded between you","actor","Kage Kael Whitefang","0,1,2,3","FIT/CACHE FIX","4","/portraits/cinematic/storywide/kage-kael-whitefang.webp?v=891202c8e","/portraits/cinematic/storywide/kage-kael-whitefang.webp?v=891202c8e","Retain source; use its reviewed focal point, non-mirrored orientation, or scoped cutout shadow. Existing revision contract remains intact."
"story-frostfang-village-100-8/page:10/The Lantern on the Meter","src/data/storylines.ts:1808","The vault floor, one lantern burning against a wall of banked exits","background","","0,1,2,3","REMAP","3","/scenes/story/cinematic/storywide/frostfang-aftermath.webp","/scenes/story/cinematic/storywide/frostfang-climax-meter-zero.webp","Resolve this exact current story beat to retained, reviewed artwork."
"story-frostfang-village-100-8/page:10/The Lantern on the Meter","src/data/storylines.ts:1808","The vault floor, one lantern burning against a wall of banked exits","actor","Kage Kael Whitefang","0,1,2,3","FIT/CACHE FIX","4","/portraits/cinematic/storywide/kage-kael-whitefang.webp?v=891202c8e","/portraits/cinematic/storywide/kage-kael-whitefang.webp?v=891202c8e","Retain source; use its reviewed focal point, non-mirrored orientation, or scoped cutout shadow. Existing revision contract remains intact."
"story-frostfang-village-100-8/page:11/She Answers His Roll","src/data/storylines.ts:1816","The vault stair door opening, Yura coming down with the letter","background","","0,1,2,3","REMAP","3","/scenes/story/cinematic/storywide/frostfang-sanctum.webp","/scenes/story/cinematic/storywide/frostfang-climax-meter-zero.webp","Resolve this exact current story beat to retained, reviewed artwork."
"story-frostfang-village-100-8/page:11/She Answers His Roll","src/data/storylines.ts:1816","The vault stair door opening, Yura coming down with the letter","actor","Captain Yura","0,1,2,3","VARIANT","1","/portraits/cinematic/storywide/captain-yura.webp?v=891202c8e","/portraits/cinematic/storywide/captain-yura-wrist-bound-v1.webp?v=891202c8e","Integrated supported story-state variant: yuraBound. See production.json for reference lock and production brief."
"story-frostfang-village-100-8/page:12/The Door, Answered","src/data/storylines.ts:1824","The vault floor, the meter's hum faltering","background","","0,1,2,3","REMAP","3","/scenes/story/cinematic/storywide/frostfang-sanctum.webp","/scenes/story/cinematic/storywide/frostfang-climax-meter-zero.webp","Resolve this exact current story beat to retained, reviewed artwork."
"story-frostfang-village-100-8/page:12/The Door, Answered","src/data/storylines.ts:1824","The vault floor, the meter's hum faltering","actor","Kage Kael Whitefang","0,1,2,3","FIT/CACHE FIX","4","/portraits/cinematic/storywide/kage-kael-whitefang.webp?v=891202c8e","/portraits/cinematic/storywide/kage-kael-whitefang.webp?v=891202c8e","Retain source; use its reviewed focal point, non-mirrored orientation, or scoped cutout shadow. Existing revision contract remains intact."
"story-frostfang-village-100-8/page:13/A Roll Without a Name","src/data/storylines.ts:1832","The vault floor, the drill figures chalked on slate, no letter behind them","background","","0,1,2,3","REMAP","3","/scenes/story/cinematic/storywide/frostfang-whiteout.webp","/scenes/story/cinematic/storywide/frostfang-climax-meter-zero.webp","Resolve this exact current story beat to retained, reviewed artwork."
"story-frostfang-village-100-8/page:13/A Roll Without a Name","src/data/storylines.ts:1832","The vault floor, the drill figures chalked on slate, no letter behind them","actor","Kage Kael Whitefang","0,1,2,3","FIT/CACHE FIX","4","/portraits/cinematic/storywide/kage-kael-whitefang.webp?v=891202c8e","/portraits/cinematic/storywide/kage-kael-whitefang.webp?v=891202c8e","Retain source; use its reviewed focal point, non-mirrored orientation, or scoped cutout shadow. Existing revision contract remains intact."
"story-frostfang-village-100-8/page:14/The Undelivered Letter","src/data/storylines.ts:1840","Dren's letter in Kael's scarred hands, unopened","background","","0,1,2,3","REMAP","3","/scenes/story/cinematic/storywide/frostfang-sanctum.webp","/scenes/story/cinematic/storywide/frostfang-climax-meter-zero.webp","Resolve this exact current story beat to retained, reviewed artwork."
"story-frostfang-village-100-8/page:14/The Undelivered Letter","src/data/storylines.ts:1840","Dren's letter in Kael's scarred hands, unopened","actor","Kage Kael Whitefang","0,1,2,3","FIT/CACHE FIX","4","/portraits/cinematic/storywide/kage-kael-whitefang.webp?v=891202c8e","/portraits/cinematic/storywide/kage-kael-whitefang.webp?v=891202c8e","Retain source; use its reviewed focal point, non-mirrored orientation, or scoped cutout shadow. Existing revision contract remains intact."
"story-frostfang-village-100-8/page:15/The Litany, Backwards","src/data/storylines.ts:1848","The vault floor, Sova on the stair with the Count book held open outward","background","","0,1,2,3","REMAP","3","/scenes/story/cinematic/storywide/frostfang-sanctum.webp","/scenes/story/cinematic/storywide/frostfang-climax-meter-zero.webp","Resolve this exact current story beat to retained, reviewed artwork."
"story-frostfang-village-100-8/page:15/The Litany, Backwards","src/data/storylines.ts:1848","The vault floor, Sova on the stair with the Count book held open outward","actor","Elder Sova","0,1,2,3","REMAP","1","/portraits/cinematic/storywide/elder-sova-canon.webp?v=891202c8e","/portraits/cinematic/storywide/elder-sova-solemn-canon.webp?v=891202c8e","Resolve this exact current story beat to retained, reviewed artwork."
"story-frostfang-village-100-8/page:16/What's Left","src/data/storylines.ts:1856","The vault floor, Kael looking from the proof to the meter","background","","0,1","REMAP","3","/scenes/story/cinematic/storywide/frostfang-sanctum.webp","/scenes/story/cinematic/storywide/frostfang-climax-meter-zero.webp","Resolve this exact current story beat to retained, reviewed artwork."
"story-frostfang-village-100-8/page:16/What's Left","src/data/storylines.ts:1856","The vault floor, Kael looking from the proof to the meter","actor","Kage Kael Whitefang","0,1","FIT/CACHE FIX","4","/portraits/cinematic/storywide/kage-kael-whitefang.webp?v=891202c8e","/portraits/cinematic/storywide/kage-kael-whitefang.webp?v=891202c8e","Retain source; use its reviewed focal point, non-mirrored orientation, or scoped cutout shadow. Existing revision contract remains intact."
"story-frostfang-village-100-8/page:17/Answer for the exemption. You stood outside the Count like Sova.","src/data/storylines.ts:1862","The reckoning","background","","0,1,2","REMAP","3","/scenes/story/cinematic/storywide/frostfang-sanctum.webp","/scenes/story/cinematic/storywide/frostfang-climax-meter-zero.webp","Resolve this exact current story beat to retained, reviewed artwork."
"story-frostfang-village-100-8/page:17/Answer for the exemption. You stood outside the Count like Sova.","src/data/storylines.ts:1862","The reckoning","actor","Kage Kael Whitefang","0,1,2","FIT/CACHE FIX","4","/portraits/cinematic/storywide/kage-kael-whitefang.webp?v=891202c8e","/portraits/cinematic/storywide/kage-kael-whitefang.webp?v=891202c8e","Retain source; use its reviewed focal point, non-mirrored orientation, or scoped cutout shadow. Existing revision contract remains intact."
"story-frostfang-village-100-8/page:18/Answer for my plate. It read someone long gone.","src/data/storylines.ts:1869","The reckoning","background","","0,1,2,3","REMAP","3","/scenes/story/cinematic/storywide/frostfang-sanctum.webp","/scenes/story/cinematic/storywide/frostfang-climax-meter-zero.webp","Resolve this exact current story beat to retained, reviewed artwork."
"story-frostfang-village-100-8/page:18/Answer for my plate. It read someone long gone.","src/data/storylines.ts:1869","The reckoning","actor","Kage Kael Whitefang","0,1,2,3","FIT/CACHE FIX","4","/portraits/cinematic/storywide/kage-kael-whitefang.webp?v=891202c8e","/portraits/cinematic/storywide/kage-kael-whitefang.webp?v=891202c8e","Retain source; use its reviewed focal point, non-mirrored orientation, or scoped cutout shadow. Existing revision contract remains intact."
"story-frostfang-village-100-8/page:19/Answer for Dren Coldewe. His lanterns are lit on your ridge.","src/data/storylines.ts:1877","The reckoning","background","","0,1,2","REMAP","3","/scenes/story/cinematic/storywide/frostfang-whiteout.webp","/scenes/story/cinematic/storywide/frostfang-climax-meter-zero.webp","Resolve this exact current story beat to retained, reviewed artwork."
"story-frostfang-village-100-8/page:19/Answer for Dren Coldewe. His lanterns are lit on your ridge.","src/data/storylines.ts:1877","The reckoning","actor","Kage Kael Whitefang","0,1,2","FIT/CACHE FIX","4","/portraits/cinematic/storywide/kage-kael-whitefang.webp?v=891202c8e","/portraits/cinematic/storywide/kage-kael-whitefang.webp?v=891202c8e","Retain source; use its reviewed focal point, non-mirrored orientation, or scoped cutout shadow. Existing revision contract remains intact."
"story-frostfang-village-100-8/page:20/The Meter at Zero","src/data/storylines.ts:1884","The vault floor, the payment due, Kael's script reaching his jaw","background","","0,1,2,3","KEEP","5","/scenes/story/cinematic/storywide/frostfang-climax-meter-zero.webp","/scenes/story/cinematic/storywide/frostfang-climax-meter-zero.webp","Retain reviewed accurate artwork."
"story-frostfang-village-100-8/page:20/The Meter at Zero","src/data/storylines.ts:1884","The vault floor, the payment due, Kael's script reaching his jaw","actor","Kage Kael Whitefang","0,1,2,3","FIT/CACHE FIX","4","/portraits/cinematic/storywide/kage-kael-whitefang-hollow.webp?v=891202c8e","/portraits/cinematic/storywide/kage-kael-whitefang-hollow.webp?v=891202c8e","Retain source; use its reviewed focal point, non-mirrored orientation, or scoped cutout shadow. Existing revision contract remains intact."
"story-frostfang-village-4-0:archive-0/page:0/First Bell","src/data/storylines.ts:1343","The training yard at first bell, breath-fog in rows, lantern lines overhead","background","","0,1,2,3,4","VARIANT","3","/scenes/story/story-frostfang-village-4-0.webp","/scenes/story/cinematic/storywide/frostfang-roll-stone-v1.webp","Integrated supported story-state variant: frostIntake. See production.json for reference lock and production brief."
"story-frostfang-village-4-0:archive-0/page:0/First Bell","src/data/storylines.ts:1343","The training yard at first bell, breath-fog in rows, lantern lines overhead","actor","Captain Yura","0,1,2,3,4","KEEP","5","/portraits/cinematic/storywide/captain-yura.webp?v=891202c8e","/portraits/cinematic/storywide/captain-yura.webp?v=891202c8e","Retain reviewed accurate artwork."
"story-frostfang-village-4-0:archive-0/page:1/The Intake","src/data/storylines.ts:1350","The roll stone, Elder Sova with the Count book open","background","","0,1,2,3","VARIANT","3","/scenes/story/cinematic/storywide/frostfang-civic.webp","/scenes/story/cinematic/storywide/frostfang-roll-stone-v1.webp","Integrated supported story-state variant: frostIntake. See production.json for reference lock and production brief."
"story-frostfang-village-4-0:archive-0/page:1/The Intake","src/data/storylines.ts:1350","The roll stone, Elder Sova with the Count book open","actor","Elder Sova","0,1,2,3","KEEP","5","/portraits/cinematic/storywide/elder-sova-canon.webp?v=891202c8e","/portraits/cinematic/storywide/elder-sova-canon.webp?v=891202c8e","Retain reviewed accurate artwork."
"story-frostfang-village-4-0:archive-0/page:2/A Guard's Reason","src/data/storylines.ts:1362","The roll stone","background","","0,1,2","VARIANT","3","/scenes/story/cinematic/storywide/frostfang-civic.webp","/scenes/story/cinematic/storywide/frostfang-roll-stone-v1.webp","Integrated supported story-state variant: frostIntake. See production.json for reference lock and production brief."
"story-frostfang-village-4-0:archive-0/page:2/A Guard's Reason","src/data/storylines.ts:1362","The roll stone","actor","Elder Sova","0,1,2","KEEP","5","/portraits/cinematic/storywide/elder-sova-canon.webp?v=891202c8e","/portraits/cinematic/storywide/elder-sova-canon.webp?v=891202c8e","Retain reviewed accurate artwork."
"story-frostfang-village-4-0:archive-0/page:3/The Fogged Plate","src/data/storylines.ts:1397","The gate's mark plate, frost crawling where a wrist should read","background","","0,1,2,3","VARIANT","3","/scenes/story/cinematic/storywide/frostfang-threshold.webp","/scenes/story/cinematic/storywide/frostfang-mark-plate-v1.webp","Integrated supported story-state variant: frostPlate. See production.json for reference lock and production brief."
"story-frostfang-village-4-0:archive-0/page:3/The Fogged Plate","src/data/storylines.ts:1397","The gate's mark plate, frost crawling where a wrist should read","actor","Captain Yura","0,1,2,3","KEEP","5","/portraits/cinematic/storywide/captain-yura.webp?v=891202c8e","/portraits/cinematic/storywide/captain-yura.webp?v=891202c8e","Retain reviewed accurate artwork."
"story-frostfang-village-4-0:archive-0/page:4/Someone Long Gone","src/data/storylines.ts:1403","The gate, Sova's thumb on the fogged plate","background","","0,1,2,3","VARIANT","3","/scenes/story/cinematic/storywide/frostfang-threshold.webp","/scenes/story/cinematic/storywide/frostfang-mark-plate-v1.webp","Integrated supported story-state variant: frostPlate. See production.json for reference lock and production brief."
"story-frostfang-village-4-0:archive-0/page:4/Someone Long Gone","src/data/storylines.ts:1403","The gate, Sova's thumb on the fogged plate","actor","Elder Sova","0,1,2,3","KEEP","5","/portraits/cinematic/storywide/elder-sova-canon.webp?v=891202c8e","/portraits/cinematic/storywide/elder-sova-canon.webp?v=891202c8e","Retain reviewed accurate artwork."
"story-frostfang-village-4-0:archive-0/page:5/The Loose Warden","src/data/storylines.ts:1411","The yard, a Snow Warden Pup pacing the drill square, six recruits in line","background","","0,1,2,3,4","KEEP","5","/scenes/story/story-frostfang-village-4-0.webp","/scenes/story/story-frostfang-village-4-0.webp","Retain reviewed accurate artwork."
"story-frostfang-village-4-0:archive-0/page:5/The Loose Warden","src/data/storylines.ts:1411","The yard, a Snow Warden Pup pacing the drill square, six recruits in line","actor","Captain Yura","0,1,2,3,4","KEEP","5","/portraits/cinematic/storywide/captain-yura.webp?v=891202c8e","/portraits/cinematic/storywide/captain-yura.webp?v=891202c8e","Retain reviewed accurate artwork."
"story-frostfang-village-4-0:archive-1/page:0/First Bell","src/data/storylines.ts:1343","The training yard at first bell, breath-fog in rows, lantern lines overhead","background","","0,1,2,3,4","VARIANT","3","/scenes/story/story-frostfang-village-4-0.webp","/scenes/story/cinematic/storywide/frostfang-roll-stone-v1.webp","Integrated supported story-state variant: frostIntake. See production.json for reference lock and production brief."
"story-frostfang-village-4-0:archive-1/page:0/First Bell","src/data/storylines.ts:1343","The training yard at first bell, breath-fog in rows, lantern lines overhead","actor","Captain Yura","0,1,2,3,4","KEEP","5","/portraits/cinematic/storywide/captain-yura.webp?v=891202c8e","/portraits/cinematic/storywide/captain-yura.webp?v=891202c8e","Retain reviewed accurate artwork."
"story-frostfang-village-4-0:archive-1/page:1/The Intake","src/data/storylines.ts:1350","The roll stone, Elder Sova with the Count book open","background","","0,1,2,3","VARIANT","3","/scenes/story/cinematic/storywide/frostfang-civic.webp","/scenes/story/cinematic/storywide/frostfang-roll-stone-v1.webp","Integrated supported story-state variant: frostIntake. See production.json for reference lock and production brief."
"story-frostfang-village-4-0:archive-1/page:1/The Intake","src/data/storylines.ts:1350","The roll stone, Elder Sova with the Count book open","actor","Elder Sova","0,1,2,3","KEEP","5","/portraits/cinematic/storywide/elder-sova-canon.webp?v=891202c8e","/portraits/cinematic/storywide/elder-sova-canon.webp?v=891202c8e","Retain reviewed accurate artwork."
"story-frostfang-village-4-0:archive-1/page:2/A Strong Back","src/data/storylines.ts:1369","The roll stone","background","","0,1,2","VARIANT","3","/scenes/story/cinematic/storywide/frostfang-aftermath.webp","/scenes/story/cinematic/storywide/frostfang-roll-stone-v1.webp","Integrated supported story-state variant: frostIntake. See production.json for reference lock and production brief."
"story-frostfang-village-4-0:archive-1/page:2/A Strong Back","src/data/storylines.ts:1369","The roll stone","actor","Elder Sova","0,1,2","KEEP","5","/portraits/cinematic/storywide/elder-sova-canon.webp?v=891202c8e","/portraits/cinematic/storywide/elder-sova-canon.webp?v=891202c8e","Retain reviewed accurate artwork."
"story-frostfang-village-4-0:archive-1/page:3/The Fogged Plate","src/data/storylines.ts:1397","The gate's mark plate, frost crawling where a wrist should read","background","","0,1,2,3","VARIANT","3","/scenes/story/cinematic/storywide/frostfang-threshold.webp","/scenes/story/cinematic/storywide/frostfang-mark-plate-v1.webp","Integrated supported story-state variant: frostPlate. See production.json for reference lock and production brief."
"story-frostfang-village-4-0:archive-1/page:3/The Fogged Plate","src/data/storylines.ts:1397","The gate's mark plate, frost crawling where a wrist should read","actor","Captain Yura","0,1,2,3","KEEP","5","/portraits/cinematic/storywide/captain-yura.webp?v=891202c8e","/portraits/cinematic/storywide/captain-yura.webp?v=891202c8e","Retain reviewed accurate artwork."
"story-frostfang-village-4-0:archive-1/page:4/Someone Long Gone","src/data/storylines.ts:1403","The gate, Sova's thumb on the fogged plate","background","","0,1,2,3","VARIANT","3","/scenes/story/cinematic/storywide/frostfang-threshold.webp","/scenes/story/cinematic/storywide/frostfang-mark-plate-v1.webp","Integrated supported story-state variant: frostPlate. See production.json for reference lock and production brief."
"story-frostfang-village-4-0:archive-1/page:4/Someone Long Gone","src/data/storylines.ts:1403","The gate, Sova's thumb on the fogged plate","actor","Elder Sova","0,1,2,3","KEEP","5","/portraits/cinematic/storywide/elder-sova-canon.webp?v=891202c8e","/portraits/cinematic/storywide/elder-sova-canon.webp?v=891202c8e","Retain reviewed accurate artwork."
"story-frostfang-village-4-0:archive-1/page:5/The Loose Warden","src/data/storylines.ts:1411","The yard, a Snow Warden Pup pacing the drill square, six recruits in line","background","","0,1,2,3,4","KEEP","5","/scenes/story/story-frostfang-village-4-0.webp","/scenes/story/story-frostfang-village-4-0.webp","Retain reviewed accurate artwork."
"story-frostfang-village-4-0:archive-1/page:5/The Loose Warden","src/data/storylines.ts:1411","The yard, a Snow Warden Pup pacing the drill square, six recruits in line","actor","Captain Yura","0,1,2,3,4","KEEP","5","/portraits/cinematic/storywide/captain-yura.webp?v=891202c8e","/portraits/cinematic/storywide/captain-yura.webp?v=891202c8e","Retain reviewed accurate artwork."
"story-frostfang-village-4-0:archive-2/page:0/First Bell","src/data/storylines.ts:1343","The training yard at first bell, breath-fog in rows, lantern lines overhead","background","","0,1,2,3,4","VARIANT","3","/scenes/story/story-frostfang-village-4-0.webp","/scenes/story/cinematic/storywide/frostfang-roll-stone-v1.webp","Integrated supported story-state variant: frostIntake. See production.json for reference lock and production brief."
"story-frostfang-village-4-0:archive-2/page:0/First Bell","src/data/storylines.ts:1343","The training yard at first bell, breath-fog in rows, lantern lines overhead","actor","Captain Yura","0,1,2,3,4","KEEP","5","/portraits/cinematic/storywide/captain-yura.webp?v=891202c8e","/portraits/cinematic/storywide/captain-yura.webp?v=891202c8e","Retain reviewed accurate artwork."
"story-frostfang-village-4-0:archive-2/page:1/The Intake","src/data/storylines.ts:1350","The roll stone, Elder Sova with the Count book open","background","","0,1,2,3","VARIANT","3","/scenes/story/cinematic/storywide/frostfang-civic.webp","/scenes/story/cinematic/storywide/frostfang-roll-stone-v1.webp","Integrated supported story-state variant: frostIntake. See production.json for reference lock and production brief."
"story-frostfang-village-4-0:archive-2/page:1/The Intake","src/data/storylines.ts:1350","The roll stone, Elder Sova with the Count book open","actor","Elder Sova","0,1,2,3","KEEP","5","/portraits/cinematic/storywide/elder-sova-canon.webp?v=891202c8e","/portraits/cinematic/storywide/elder-sova-canon.webp?v=891202c8e","Retain reviewed accurate artwork."
"story-frostfang-village-4-0:archive-2/page:2/A Debt to Pay","src/data/storylines.ts:1376","The roll stone","background","","0,1,2","VARIANT","3","/scenes/story/cinematic/storywide/frostfang-civic.webp","/scenes/story/cinematic/storywide/frostfang-roll-stone-v1.webp","Integrated supported story-state variant: frostIntake. See production.json for reference lock and production brief."
"story-frostfang-village-4-0:archive-2/page:2/A Debt to Pay","src/data/storylines.ts:1376","The roll stone","actor","Elder Sova","0,1,2","KEEP","5","/portraits/cinematic/storywide/elder-sova-canon.webp?v=891202c8e","/portraits/cinematic/storywide/elder-sova-canon.webp?v=891202c8e","Retain reviewed accurate artwork."
"story-frostfang-village-4-0:archive-2/page:3/The Fogged Plate","src/data/storylines.ts:1397","The gate's mark plate, frost crawling where a wrist should read","background","","0,1,2,3","VARIANT","3","/scenes/story/cinematic/storywide/frostfang-threshold.webp","/scenes/story/cinematic/storywide/frostfang-mark-plate-v1.webp","Integrated supported story-state variant: frostPlate. See production.json for reference lock and production brief."
"story-frostfang-village-4-0:archive-2/page:3/The Fogged Plate","src/data/storylines.ts:1397","The gate's mark plate, frost crawling where a wrist should read","actor","Captain Yura","0,1,2,3","KEEP","5","/portraits/cinematic/storywide/captain-yura.webp?v=891202c8e","/portraits/cinematic/storywide/captain-yura.webp?v=891202c8e","Retain reviewed accurate artwork."
"story-frostfang-village-4-0:archive-2/page:4/Someone Long Gone","src/data/storylines.ts:1403","The gate, Sova's thumb on the fogged plate","background","","0,1,2,3","VARIANT","3","/scenes/story/cinematic/storywide/frostfang-threshold.webp","/scenes/story/cinematic/storywide/frostfang-mark-plate-v1.webp","Integrated supported story-state variant: frostPlate. See production.json for reference lock and production brief."
"story-frostfang-village-4-0:archive-2/page:4/Someone Long Gone","src/data/storylines.ts:1403","The gate, Sova's thumb on the fogged plate","actor","Elder Sova","0,1,2,3","KEEP","5","/portraits/cinematic/storywide/elder-sova-canon.webp?v=891202c8e","/portraits/cinematic/storywide/elder-sova-canon.webp?v=891202c8e","Retain reviewed accurate artwork."
"story-frostfang-village-4-0:archive-2/page:5/The Loose Warden","src/data/storylines.ts:1411","The yard, a Snow Warden Pup pacing the drill square, six recruits in line","background","","0,1,2,3,4","KEEP","5","/scenes/story/story-frostfang-village-4-0.webp","/scenes/story/story-frostfang-village-4-0.webp","Retain reviewed accurate artwork."
"story-frostfang-village-4-0:archive-2/page:5/The Loose Warden","src/data/storylines.ts:1411","The yard, a Snow Warden Pup pacing the drill square, six recruits in line","actor","Captain Yura","0,1,2,3,4","KEEP","5","/portraits/cinematic/storywide/captain-yura.webp?v=891202c8e","/portraits/cinematic/storywide/captain-yura.webp?v=891202c8e","Retain reviewed accurate artwork."
"story-frostfang-village-4-0:archive-3/page:0/First Bell","src/data/storylines.ts:1343","The training yard at first bell, breath-fog in rows, lantern lines overhead","background","","0,1,2,3,4","VARIANT","3","/scenes/story/story-frostfang-village-4-0.webp","/scenes/story/cinematic/storywide/frostfang-roll-stone-v1.webp","Integrated supported story-state variant: frostIntake. See production.json for reference lock and production brief."
"story-frostfang-village-4-0:archive-3/page:0/First Bell","src/data/storylines.ts:1343","The training yard at first bell, breath-fog in rows, lantern lines overhead","actor","Captain Yura","0,1,2,3,4","KEEP","5","/portraits/cinematic/storywide/captain-yura.webp?v=891202c8e","/portraits/cinematic/storywide/captain-yura.webp?v=891202c8e","Retain reviewed accurate artwork."
"story-frostfang-village-4-0:archive-3/page:1/The Intake","src/data/storylines.ts:1350","The roll stone, Elder Sova with the Count book open","background","","0,1,2,3","VARIANT","3","/scenes/story/cinematic/storywide/frostfang-civic.webp","/scenes/story/cinematic/storywide/frostfang-roll-stone-v1.webp","Integrated supported story-state variant: frostIntake. See production.json for reference lock and production brief."
"story-frostfang-village-4-0:archive-3/page:1/The Intake","src/data/storylines.ts:1350","The roll stone, Elder Sova with the Count book open","actor","Elder Sova","0,1,2,3","KEEP","5","/portraits/cinematic/storywide/elder-sova-canon.webp?v=891202c8e","/portraits/cinematic/storywide/elder-sova-canon.webp?v=891202c8e","Retain reviewed accurate artwork."
"story-frostfang-village-4-0:archive-3/page:2/A Door That Closed","src/data/storylines.ts:1383","The roll stone","background","","0,1,2","VARIANT","3","/scenes/story/cinematic/storywide/frostfang-civic.webp","/scenes/story/cinematic/storywide/frostfang-roll-stone-v1.webp","Integrated supported story-state variant: frostIntake. See production.json for reference lock and production brief."
"story-frostfang-village-4-0:archive-3/page:2/A Door That Closed","src/data/storylines.ts:1383","The roll stone","actor","Elder Sova","0,1,2","KEEP","5","/portraits/cinematic/storywide/elder-sova-canon.webp?v=891202c8e","/portraits/cinematic/storywide/elder-sova-canon.webp?v=891202c8e","Retain reviewed accurate artwork."
"story-frostfang-village-4-0:archive-3/page:3/The Fogged Plate","src/data/storylines.ts:1397","The gate's mark plate, frost crawling where a wrist should read","background","","0,1,2,3","VARIANT","3","/scenes/story/cinematic/storywide/frostfang-threshold.webp","/scenes/story/cinematic/storywide/frostfang-mark-plate-v1.webp","Integrated supported story-state variant: frostPlate. See production.json for reference lock and production brief."
"story-frostfang-village-4-0:archive-3/page:3/The Fogged Plate","src/data/storylines.ts:1397","The gate's mark plate, frost crawling where a wrist should read","actor","Captain Yura","0,1,2,3","KEEP","5","/portraits/cinematic/storywide/captain-yura.webp?v=891202c8e","/portraits/cinematic/storywide/captain-yura.webp?v=891202c8e","Retain reviewed accurate artwork."
"story-frostfang-village-4-0:archive-3/page:4/Someone Long Gone","src/data/storylines.ts:1403","The gate, Sova's thumb on the fogged plate","background","","0,1,2,3","VARIANT","3","/scenes/story/cinematic/storywide/frostfang-threshold.webp","/scenes/story/cinematic/storywide/frostfang-mark-plate-v1.webp","Integrated supported story-state variant: frostPlate. See production.json for reference lock and production brief."
"story-frostfang-village-4-0:archive-3/page:4/Someone Long Gone","src/data/storylines.ts:1403","The gate, Sova's thumb on the fogged plate","actor","Elder Sova","0,1,2,3","KEEP","5","/portraits/cinematic/storywide/elder-sova-canon.webp?v=891202c8e","/portraits/cinematic/storywide/elder-sova-canon.webp?v=891202c8e","Retain reviewed accurate artwork."
"story-frostfang-village-4-0:archive-3/page:5/The Loose Warden","src/data/storylines.ts:1411","The yard, a Snow Warden Pup pacing the drill square, six recruits in line","background","","0,1,2,3,4","KEEP","5","/scenes/story/story-frostfang-village-4-0.webp","/scenes/story/story-frostfang-village-4-0.webp","Retain reviewed accurate artwork."
"story-frostfang-village-4-0:archive-3/page:5/The Loose Warden","src/data/storylines.ts:1411","The yard, a Snow Warden Pup pacing the drill square, six recruits in line","actor","Captain Yura","0,1,2,3,4","KEEP","5","/portraits/cinematic/storywide/captain-yura.webp?v=891202c8e","/portraits/cinematic/storywide/captain-yura.webp?v=891202c8e","Retain reviewed accurate artwork."
"story-frostfang-village-4-0:archive-4/page:0/First Bell","src/data/storylines.ts:1343","The training yard at first bell, breath-fog in rows, lantern lines overhead","background","","0,1,2,3,4","VARIANT","3","/scenes/story/story-frostfang-village-4-0.webp","/scenes/story/cinematic/storywide/frostfang-roll-stone-v1.webp","Integrated supported story-state variant: frostIntake. See production.json for reference lock and production brief."
"story-frostfang-village-4-0:archive-4/page:0/First Bell","src/data/storylines.ts:1343","The training yard at first bell, breath-fog in rows, lantern lines overhead","actor","Captain Yura","0,1,2,3,4","KEEP","5","/portraits/cinematic/storywide/captain-yura.webp?v=891202c8e","/portraits/cinematic/storywide/captain-yura.webp?v=891202c8e","Retain reviewed accurate artwork."
"story-frostfang-village-4-0:archive-4/page:1/The Intake","src/data/storylines.ts:1350","The roll stone, Elder Sova with the Count book open","background","","0,1,2,3","VARIANT","3","/scenes/story/cinematic/storywide/frostfang-civic.webp","/scenes/story/cinematic/storywide/frostfang-roll-stone-v1.webp","Integrated supported story-state variant: frostIntake. See production.json for reference lock and production brief."
"story-frostfang-village-4-0:archive-4/page:1/The Intake","src/data/storylines.ts:1350","The roll stone, Elder Sova with the Count book open","actor","Elder Sova","0,1,2,3","KEEP","5","/portraits/cinematic/storywide/elder-sova-canon.webp?v=891202c8e","/portraits/cinematic/storywide/elder-sova-canon.webp?v=891202c8e","Retain reviewed accurate artwork."
"story-frostfang-village-4-0:archive-4/page:2/A Blank Line","src/data/storylines.ts:1390","The roll stone","background","","0,1,2","VARIANT","3","/scenes/story/cinematic/storywide/frostfang-civic.webp","/scenes/story/cinematic/storywide/frostfang-roll-stone-v1.webp","Integrated supported story-state variant: frostIntake. See production.json for reference lock and production brief."
"story-frostfang-village-4-0:archive-4/page:2/A Blank Line","src/data/storylines.ts:1390","The roll stone","actor","Elder Sova","0,1,2","KEEP","5","/portraits/cinematic/storywide/elder-sova-canon.webp?v=891202c8e","/portraits/cinematic/storywide/elder-sova-canon.webp?v=891202c8e","Retain reviewed accurate artwork."
"story-frostfang-village-4-0:archive-4/page:3/The Fogged Plate","src/data/storylines.ts:1397","The gate's mark plate, frost crawling where a wrist should read","background","","0,1,2,3","VARIANT","3","/scenes/story/cinematic/storywide/frostfang-threshold.webp","/scenes/story/cinematic/storywide/frostfang-mark-plate-v1.webp","Integrated supported story-state variant: frostPlate. See production.json for reference lock and production brief."
"story-frostfang-village-4-0:archive-4/page:3/The Fogged Plate","src/data/storylines.ts:1397","The gate's mark plate, frost crawling where a wrist should read","actor","Captain Yura","0,1,2,3","KEEP","5","/portraits/cinematic/storywide/captain-yura.webp?v=891202c8e","/portraits/cinematic/storywide/captain-yura.webp?v=891202c8e","Retain reviewed accurate artwork."
"story-frostfang-village-4-0:archive-4/page:4/Someone Long Gone","src/data/storylines.ts:1403","The gate, Sova's thumb on the fogged plate","background","","0,1,2,3","VARIANT","3","/scenes/story/cinematic/storywide/frostfang-threshold.webp","/scenes/story/cinematic/storywide/frostfang-mark-plate-v1.webp","Integrated supported story-state variant: frostPlate. See production.json for reference lock and production brief."
"story-frostfang-village-4-0:archive-4/page:4/Someone Long Gone","src/data/storylines.ts:1403","The gate, Sova's thumb on the fogged plate","actor","Elder Sova","0,1,2,3","KEEP","5","/portraits/cinematic/storywide/elder-sova-canon.webp?v=891202c8e","/portraits/cinematic/storywide/elder-sova-canon.webp?v=891202c8e","Retain reviewed accurate artwork."
"story-frostfang-village-4-0:archive-4/page:5/The Loose Warden","src/data/storylines.ts:1411","The yard, a Snow Warden Pup pacing the drill square, six recruits in line","background","","0,1,2,3,4","KEEP","5","/scenes/story/story-frostfang-village-4-0.webp","/scenes/story/story-frostfang-village-4-0.webp","Retain reviewed accurate artwork."
"story-frostfang-village-4-0:archive-4/page:5/The Loose Warden","src/data/storylines.ts:1411","The yard, a Snow Warden Pup pacing the drill square, six recruits in line","actor","Captain Yura","0,1,2,3,4","KEEP","5","/portraits/cinematic/storywide/captain-yura.webp?v=891202c8e","/portraits/cinematic/storywide/captain-yura.webp?v=891202c8e","Retain reviewed accurate artwork."
"story-moonshadow-village-4-0/page:0/Two Names","src/data/storylines.ts:1907","The registry booth at moonrise, violet lanterns on the canal","background","","0,1,2,3","REPLACE","3","/scenes/story/story-moonshadow-village-4-0.webp","/scenes/story/cinematic/storywide/moonshadow-registry-booth-v1.webp","Integrated reviewed replacement: moonBooth. See production.json for reference lock and production brief."
"story-moonshadow-village-4-0/page:0/Two Names","src/data/storylines.ts:1907","The registry booth at moonrise, violet lanterns on the canal","actor","Shade Master Iro","0,1,2,3","FIT/CACHE FIX","4","/portraits/cinematic/storywide/shade-master-iro.webp?v=891202c8e","/portraits/cinematic/storywide/shade-master-iro.webp?v=891202c8e","Retain source; use its reviewed focal point, non-mirrored orientation, or scoped cutout shadow. Existing revision contract remains intact."
"story-moonshadow-village-4-0/page:1/The First Trade","src/data/storylines.ts:1913","The registry booth, Iro's pen waiting over the intake book","background","","0,1","REPLACE","3","/scenes/story/cinematic/storywide/moonshadow-civic.webp","/scenes/story/cinematic/storywide/moonshadow-registry-booth-v1.webp","Integrated reviewed replacement: moonBooth. See production.json for reference lock and production brief."
"story-moonshadow-village-4-0/page:1/The First Trade","src/data/storylines.ts:1913","The registry booth, Iro's pen waiting over the intake book","actor","Shade Master Iro","0,1","FIT/CACHE FIX","4","/portraits/cinematic/storywide/shade-master-iro.webp?v=891202c8e","/portraits/cinematic/storywide/shade-master-iro.webp?v=891202c8e","Retain source; use its reviewed focal point, non-mirrored orientation, or scoped cutout shadow. Existing revision contract remains intact."
"story-moonshadow-village-4-0/page:2/A Guardian's Answer","src/data/storylines.ts:1923","The registry booth","background","","0,1,2","REPLACE","3","/scenes/story/cinematic/storywide/moonshadow-civic.webp","/scenes/story/cinematic/storywide/moonshadow-registry-booth-v1.webp","Integrated reviewed replacement: moonBooth. See production.json for reference lock and production brief."
"story-moonshadow-village-4-0/page:2/A Guardian's Answer","src/data/storylines.ts:1923","The registry booth","actor","Shade Master Iro","0,1,2","REMAP","1","/portraits/cinematic/storywide/shade-master-iro-tense.webp?v=891202c8e","/portraits/cinematic/storywide/shade-master-iro.webp?v=891202c8e","Resolve this exact current story beat to retained, reviewed artwork."
"story-moonshadow-village-4-0/page:3/A Buyer's Answer","src/data/storylines.ts:1930","The registry booth","background","","0,1,2","REPLACE","3","/scenes/story/cinematic/storywide/moonshadow-civic.webp","/scenes/story/cinematic/storywide/moonshadow-registry-booth-v1.webp","Integrated reviewed replacement: moonBooth. See production.json for reference lock and production brief."
"story-moonshadow-village-4-0/page:3/A Buyer's Answer","src/data/storylines.ts:1930","The registry booth","actor","Shade Master Iro","0,1,2","FIT/CACHE FIX","4","/portraits/cinematic/storywide/shade-master-iro.webp?v=891202c8e","/portraits/cinematic/storywide/shade-master-iro.webp?v=891202c8e","Retain source; use its reviewed focal point, non-mirrored orientation, or scoped cutout shadow. Existing revision contract remains intact."
"story-moonshadow-village-4-0/page:4/A Debtor's Answer","src/data/storylines.ts:1937","The registry booth","background","","0,1,2","REPLACE","3","/scenes/story/cinematic/storywide/moonshadow-civic.webp","/scenes/story/cinematic/storywide/moonshadow-registry-booth-v1.webp","Integrated reviewed replacement: moonBooth. See production.json for reference lock and production brief."
"story-moonshadow-village-4-0/page:4/A Debtor's Answer","src/data/storylines.ts:1937","The registry booth","actor","Shade Master Iro","0,1,2","FIT/CACHE FIX","4","/portraits/cinematic/storywide/shade-master-iro.webp?v=891202c8e","/portraits/cinematic/storywide/shade-master-iro.webp?v=891202c8e","Retain source; use its reviewed focal point, non-mirrored orientation, or scoped cutout shadow. Existing revision contract remains intact."
"story-moonshadow-village-4-0/page:5/A Listener's Answer","src/data/storylines.ts:1944","The registry booth","background","","0,1,2","REPLACE","3","/scenes/story/cinematic/storywide/moonshadow-civic.webp","/scenes/story/cinematic/storywide/moonshadow-registry-booth-v1.webp","Integrated reviewed replacement: moonBooth. See production.json for reference lock and production brief."
"story-moonshadow-village-4-0/page:5/A Listener's Answer","src/data/storylines.ts:1944","The registry booth","actor","Shade Master Iro","0,1,2","FIT/CACHE FIX","4","/portraits/cinematic/storywide/shade-master-iro.webp?v=891202c8e","/portraits/cinematic/storywide/shade-master-iro.webp?v=891202c8e","Retain source; use its reviewed focal point, non-mirrored orientation, or scoped cutout shadow. Existing revision contract remains intact."
"story-moonshadow-village-4-0/page:6/An Open Answer","src/data/storylines.ts:1951","The registry booth","background","","0,1,2","REPLACE","3","/scenes/story/cinematic/storywide/moonshadow-civic.webp","/scenes/story/cinematic/storywide/moonshadow-registry-booth-v1.webp","Integrated reviewed replacement: moonBooth. See production.json for reference lock and production brief."
"story-moonshadow-village-4-0/page:6/An Open Answer","src/data/storylines.ts:1951","The registry booth","actor","Shade Master Iro","0,1,2","FIT/CACHE FIX","4","/portraits/cinematic/storywide/shade-master-iro.webp?v=891202c8e","/portraits/cinematic/storywide/shade-master-iro.webp?v=891202c8e","Retain source; use its reviewed focal point, non-mirrored orientation, or scoped cutout shadow. Existing revision contract remains intact."
"story-moonshadow-village-4-0/page:7/Half a Second Late","src/data/storylines.ts:1958","The Mirror registry: a disc of still black water that shows every newcomer their true reflection","background","","0,1,2,3","REPLACE","3","/scenes/story/cinematic/storywide/moonshadow-sanctum.webp","/scenes/story/cinematic/storywide/moonshadow-registry-water-v1.webp","Integrated reviewed replacement: moonMirror. See production.json for reference lock and production brief."
"story-moonshadow-village-4-0/page:8/Line Five","src/data/storylines.ts:1964","The canal steps outside, a sharp-eyed woman flipping a coin that isn't a coin","background","","0,1,2,3","REMAP","3","/scenes/story/cinematic/storywide/moonshadow-civic.webp","/scenes/story/cinematic/storywide/moonshadow-threshold.webp","Resolve this exact current story beat to retained, reviewed artwork."
"story-moonshadow-village-4-0/page:8/Line Five","src/data/storylines.ts:1964","The canal steps outside, a sharp-eyed woman flipping a coin that isn't a coin","actor","Nyx","0,1,2,3","FIT/CACHE FIX","4","/portraits/cinematic/storywide/nyx-neutral.webp?v=891202c8e","/portraits/cinematic/storywide/nyx-neutral.webp?v=891202c8e","Retain source; use its reviewed focal point, non-mirrored orientation, or scoped cutout shadow. Existing revision contract remains intact."
"story-moonshadow-village-4-0/page:9/The Silent Yard","src/data/storylines.ts:1972","The silk-house yard at moonrise, a veteran trainee unfolding from the shadows","background","","0,1,2,3","REPLACE","3","/scenes/story/story-moonshadow-village-4-0.webp","/scenes/story/cinematic/storywide/moonshadow-silent-yard-v1.webp","Integrated reviewed replacement: moonSilentYard. See production.json for reference lock and production brief."
"story-moonshadow-village-15-1/page:0/Inside a Locked Room","src/data/storylines.ts:1984","Your quarters, door still bolted, a cipher scroll on the pillow","background","","0,1,2,3","KEEP","5","/scenes/story/story-moonshadow-village-15-1.webp","/scenes/story/story-moonshadow-village-15-1.webp","Retain reviewed accurate artwork."
"story-moonshadow-village-15-1/page:1/The Money That Sits","src/data/storylines.ts:1990","Nyx's stall over the dye canal, the scroll flat between you","background","","0,1,2,3","REPLACE","3","/scenes/story/cinematic/storywide/moonshadow-civic.webp","/scenes/story/cinematic/storywide/moonshadow-registry-booth-v1.webp","Integrated reviewed replacement: moonBooth. See production.json for reference lock and production brief."
"story-moonshadow-village-15-1/page:1/The Money That Sits","src/data/storylines.ts:1990","Nyx's stall over the dye canal, the scroll flat between you","actor","Nyx","0,1,2,3","FIT/CACHE FIX","4","/portraits/cinematic/storywide/nyx-neutral.webp?v=891202c8e","/portraits/cinematic/storywide/nyx-neutral.webp?v=891202c8e","Retain source; use its reviewed focal point, non-mirrored orientation, or scoped cutout shadow. Existing revision contract remains intact."
"story-moonshadow-village-15-1/page:2/The Kage's Mercy","src/data/storylines.ts:1996","The canal walk at midnight, Sable Nocturne feeding a lantern flame, alone","background","","0,1,2,3","REMAP","3","/scenes/story/cinematic/storywide/moonshadow-blackout.webp","/scenes/story/cinematic/storywide/moonshadow-threshold.webp","Resolve this exact current story beat to retained, reviewed artwork."
"story-moonshadow-village-15-1/page:2/The Kage's Mercy","src/data/storylines.ts:1996","The canal walk at midnight, Sable Nocturne feeding a lantern flame, alone","actor","Kage Sable Nocturne","0,1,2,3","FIT/CACHE FIX","4","/portraits/cinematic/storywide/kage-sable-nocturne-readable.webp?v=891202c8e","/portraits/cinematic/storywide/kage-sable-nocturne-readable.webp?v=891202c8e","Retain source; use its reviewed focal point, non-mirrored orientation, or scoped cutout shadow. Existing revision contract remains intact."
"story-moonshadow-village-15-1/page:3/The Doorway","src/data/storylines.ts:2002","Your quarters again, and this time the doorway is occupied","background","","0,1,2,3","REMAP","3","/scenes/story/cinematic/storywide/moonshadow-civic.webp","/scenes/story/story-moonshadow-village-15-1.webp","Resolve this exact current story beat to retained, reviewed artwork."
"story-moonshadow-village-15-1/page:3/The Doorway","src/data/storylines.ts:2002","Your quarters again, and this time the doorway is occupied","actor","Veiled Hand Collector","0,1,2,3","FIT/CACHE FIX","4","/portraits/cinematic/storywide/veiled-hand-collector.webp?v=891202c8e","/portraits/cinematic/storywide/veiled-hand-collector.webp?v=891202c8e","Retain source; use its reviewed focal point, non-mirrored orientation, or scoped cutout shadow. Existing revision contract remains intact."
"story-moonshadow-village-15-1/page:4/Assessment","src/data/storylines.ts:2008","The quarters, the Collector's veils drifting like ink in water","background","","0,1,2,3","KEEP","5","/scenes/story/story-moonshadow-village-15-1.webp","/scenes/story/story-moonshadow-village-15-1.webp","Retain reviewed accurate artwork."
"story-moonshadow-village-25-2/page:0/The Cellar Auction","src/data/storylines.ts:2020","Under the whisper market: a lantern-lit cellar, lots on velvet, buyers in masks","background","","0,1,2,3","REPLACE","3","/scenes/story/story-moonshadow-village-25-2.webp","/scenes/story/cinematic/storywide/moonshadow-cellar-auction-v1.webp","Integrated reviewed replacement: moonAuction. See production.json for reference lock and production brief."
"story-moonshadow-village-25-2/page:0/The Cellar Auction","src/data/storylines.ts:2020","Under the whisper market: a lantern-lit cellar, lots on velvet, buyers in masks","actor","Nyx","0,1,2,3","FIT/CACHE FIX","4","/portraits/cinematic/storywide/nyx-neutral.webp?v=891202c8e","/portraits/cinematic/storywide/nyx-neutral.webp?v=891202c8e","Retain source; use its reviewed focal point, non-mirrored orientation, or scoped cutout shadow. Existing revision contract remains intact."
"story-moonshadow-village-25-2/page:1/The Prepaid Buyer","src/data/storylines.ts:2026","The cellar floor, an empty chair with a standing bid","background","","0,1,2,3","REPLACE","3","/scenes/story/cinematic/storywide/moonshadow-sanctum.webp","/scenes/story/cinematic/storywide/moonshadow-cellar-auction-v1.webp","Integrated reviewed replacement: moonAuction. See production.json for reference lock and production brief."
"story-moonshadow-village-25-2/page:1/The Prepaid Buyer","src/data/storylines.ts:2026","The cellar floor, an empty chair with a standing bid","actor","Nyx","0,1,2,3","FIT/CACHE FIX","4","/portraits/cinematic/storywide/nyx-neutral.webp?v=891202c8e","/portraits/cinematic/storywide/nyx-neutral.webp?v=891202c8e","Retain source; use its reviewed focal point, non-mirrored orientation, or scoped cutout shadow. Existing revision contract remains intact."
"story-moonshadow-village-25-2/page:2/The Appraiser's Trace","src/data/storylines.ts:2035","The cellar's shadowed gallery, Harrow already there, because of course she is","background","","0,1,2,3","REPLACE","3","/scenes/story/cinematic/storywide/moonshadow-sanctum.webp","/scenes/story/cinematic/storywide/moonshadow-cellar-auction-v1.webp","Integrated reviewed replacement: moonAuction. See production.json for reference lock and production brief."
"story-moonshadow-village-25-2/page:2/The Appraiser's Trace","src/data/storylines.ts:2035","The cellar's shadowed gallery, Harrow already there, because of course she is","actor","Kite Harrow","0,1,2,3","FIT/CACHE FIX","4","/portraits/cinematic/kite-harrow.webp?v=891202c8e","/portraits/cinematic/kite-harrow.webp?v=891202c8e","Retain source; use its reviewed focal point, non-mirrored orientation, or scoped cutout shadow. Existing revision contract remains intact."
"story-moonshadow-village-25-2/page:3/No White Invitation","src/data/storylines.ts:2043","The cellar floor, the auctioneer's hand pausing, every mask turning","background","","0,1,2,3","REPLACE","3","/scenes/story/cinematic/storywide/moonshadow-sanctum.webp","/scenes/story/cinematic/storywide/moonshadow-cellar-auction-v1.webp","Integrated reviewed replacement: moonAuction. See production.json for reference lock and production brief."
"story-moonshadow-village-25-2/page:4/The House Rules","src/data/storylines.ts:2049","The cellar, the Masked Auction Enforcer rolling its shoulders","background","","0,1,2,3","REPLACE","3","/scenes/story/story-moonshadow-village-25-2.webp","/scenes/story/cinematic/storywide/moonshadow-cellar-auction-v1.webp","Integrated reviewed replacement: moonAuction. See production.json for reference lock and production brief."
"story-moonshadow-village-25-2/page:4/The House Rules","src/data/storylines.ts:2049","The cellar, the Masked Auction Enforcer rolling its shoulders","actor","Nyx","0,1,2,3","FIT/CACHE FIX","4","/portraits/cinematic/storywide/nyx-neutral.webp?v=891202c8e","/portraits/cinematic/storywide/nyx-neutral.webp?v=891202c8e","Retain source; use its reviewed focal point, non-mirrored orientation, or scoped cutout shadow. Existing revision contract remains intact."
"story-moonshadow-village-35-3/page:0/The Bleeding Page","src/data/storylines.ts:2061","A safe room over the canal, a contract that darkens in moonlight","background","","0,1,2,3","REMAP","3","/scenes/story/story-moonshadow-village-35-3.webp","/scenes/story/cinematic/storywide/moonshadow-intimate.webp","Resolve this exact current story beat to retained, reviewed artwork."
"story-moonshadow-village-35-3/page:0/The Bleeding Page","src/data/storylines.ts:2061","A safe room over the canal, a contract that darkens in moonlight","actor","Nyx","0,1,2,3","REMAP","1","/portraits/cinematic/storywide/nyx.webp?v=891202c8e","/portraits/cinematic/storywide/nyx-neutral.webp?v=891202c8e","Resolve this exact current story beat to retained, reviewed artwork."
"story-moonshadow-village-35-3/page:1/The Kept No","src/data/storylines.ts:2070","The safe room, the contract pinned under a lamp it doesn't like","background","","0,1,2,3","KEEP","5","/scenes/story/cinematic/storywide/moonshadow-intimate.webp","/scenes/story/cinematic/storywide/moonshadow-intimate.webp","Retain reviewed accurate artwork."
"story-moonshadow-village-35-3/page:1/The Kept No","src/data/storylines.ts:2070","The safe room, the contract pinned under a lamp it doesn't like","actor","Nyx","0,1,2,3","FIT/CACHE FIX","4","/portraits/cinematic/storywide/nyx-neutral.webp?v=891202c8e","/portraits/cinematic/storywide/nyx-neutral.webp?v=891202c8e","Retain source; use its reviewed focal point, non-mirrored orientation, or scoped cutout shadow. Existing revision contract remains intact."
"story-moonshadow-village-35-3/page:2/The Counterparty","src/data/storylines.ts:2078","The safe room, the lamp's light bending toward the wall like a bow","background","","0,1,2,3","REMAP","3","/scenes/story/cinematic/storywide/moonshadow-sanctum.webp","/scenes/story/cinematic/storywide/moonshadow-intimate.webp","Resolve this exact current story beat to retained, reviewed artwork."
"story-moonshadow-village-35-3/page:2/The Counterparty","src/data/storylines.ts:2078","The safe room, the lamp's light bending toward the wall like a bow","actor","Hollow Moon","0,1,2,3","FIT/CACHE FIX","4","/portraits/cinematic/storywide/hollow-moon.webp?v=891202c8e","/portraits/cinematic/storywide/hollow-moon.webp?v=891202c8e","Retain source; use its reviewed focal point, non-mirrored orientation, or scoped cutout shadow. Existing revision contract remains intact."
"story-moonshadow-village-35-3/page:3/The Contract's Guard","src/data/storylines.ts:2084","The safe room, a shadow detaching from the contract itself","background","","0,1,2,3","REMAP","3","/scenes/story/story-moonshadow-village-35-3.webp","/scenes/story/cinematic/storywide/moonshadow-intimate.webp","Resolve this exact current story beat to retained, reviewed artwork."
"story-moonshadow-village-35-3/page:3/The Contract's Guard","src/data/storylines.ts:2084","The safe room, a shadow detaching from the contract itself","actor","Nyx","0,1,2,3","FIT/CACHE FIX","4","/portraits/cinematic/storywide/nyx-neutral.webp?v=891202c8e","/portraits/cinematic/storywide/nyx-neutral.webp?v=891202c8e","Retain source; use its reviewed focal point, non-mirrored orientation, or scoped cutout shadow. Existing revision contract remains intact."
"story-moonshadow-village-50-4/page:0/The Mirrored Chamber","src/data/storylines.ts:2096","The tower's mirrored chamber, a hundred reflections, one Kage","background","","0,1,2,3","REPLACE","3","/scenes/story/story-moonshadow-village-50-4.webp","/scenes/story/cinematic/storywide/moonshadow-mirrored-chamber-v1.webp","Integrated reviewed replacement: moonMirrors. See production.json for reference lock and production brief."
"story-moonshadow-village-50-4/page:0/The Mirrored Chamber","src/data/storylines.ts:2096","The tower's mirrored chamber, a hundred reflections, one Kage","actor","Kage Sable Nocturne","0,1,2,3","FIT/CACHE FIX","4","/portraits/cinematic/storywide/kage-sable-nocturne-readable.webp?v=891202c8e","/portraits/cinematic/storywide/kage-sable-nocturne-readable.webp?v=891202c8e","Retain source; use its reviewed focal point, non-mirrored orientation, or scoped cutout shadow. Existing revision contract remains intact."
"story-moonshadow-village-50-4/page:1/The Report She Kept","src/data/storylines.ts:2105","The mirrored chamber, Sable drawing one page from her sleeve","background","","0,1,2,3","REPLACE","3","/scenes/story/cinematic/storywide/moonshadow-sanctum.webp","/scenes/story/cinematic/storywide/moonshadow-mirrored-chamber-v1.webp","Integrated reviewed replacement: moonMirrors. See production.json for reference lock and production brief."
"story-moonshadow-village-50-4/page:1/The Report She Kept","src/data/storylines.ts:2105","The mirrored chamber, Sable drawing one page from her sleeve","actor","Kage Sable Nocturne","0,1,2,3","FIT/CACHE FIX","4","/portraits/cinematic/storywide/kage-sable-nocturne-readable.webp?v=891202c8e","/portraits/cinematic/storywide/kage-sable-nocturne-readable.webp?v=891202c8e","Retain source; use its reviewed focal point, non-mirrored orientation, or scoped cutout shadow. Existing revision contract remains intact."
"story-moonshadow-village-50-4/page:2/Collateral That Reports","src/data/storylines.ts:2113","The tower corridor, Nyx leaning where the guards pretend not to see her","background","","0,1,2,3","REPLACE","3","/scenes/story/cinematic/storywide/moonshadow-sanctum.webp","/scenes/story/cinematic/storywide/moonshadow-mirrored-chamber-v1.webp","Integrated reviewed replacement: moonMirrors. See production.json for reference lock and production brief."
"story-moonshadow-village-50-4/page:2/Collateral That Reports","src/data/storylines.ts:2113","The tower corridor, Nyx leaning where the guards pretend not to see her","actor","Nyx","0,1,2,3","FIT/CACHE FIX","4","/portraits/cinematic/storywide/nyx-neutral.webp?v=891202c8e","/portraits/cinematic/storywide/nyx-neutral.webp?v=891202c8e","Retain source; use its reviewed focal point, non-mirrored orientation, or scoped cutout shadow. Existing revision contract remains intact."
"story-moonshadow-village-50-4/page:3/The Mirror Assassin","src/data/storylines.ts:2121","The trial floor beneath the chamber, your own reflection stepping out of the glass","background","","0,1,2,3","REMAP","3","/scenes/story/story-moonshadow-village-50-4.webp","/scenes/story/cinematic/storywide/moonshadow-sanctum.webp","Resolve this exact current story beat to retained, reviewed artwork."
"story-moonshadow-village-50-4/page:3/The Mirror Assassin","src/data/storylines.ts:2121","The trial floor beneath the chamber, your own reflection stepping out of the glass","actor","Kage Sable Nocturne","0,1,2,3","FIT/CACHE FIX","4","/portraits/cinematic/storywide/kage-sable-nocturne-readable.webp?v=891202c8e","/portraits/cinematic/storywide/kage-sable-nocturne-readable.webp?v=891202c8e","Retain source; use its reviewed focal point, non-mirrored orientation, or scoped cutout shadow. Existing revision contract remains intact."
"story-moonshadow-village-65-5/page:0/The Unwritten Order","src/data/storylines.ts:2133","The tower's night office, an errand delivered as a whisper, nothing on paper","background","","0,1,2,3","REMAP","3","/scenes/story/story-moonshadow-village-65-5.webp","/scenes/story/cinematic/storywide/moonshadow-intimate.webp","Resolve this exact current story beat to retained, reviewed artwork."
"story-moonshadow-village-65-5/page:1/The Copied Names","src/data/storylines.ts:2139","The canal shrine, an old keeper laying pages flat with shaking hands","background","","0,1,2,3","REPLACE","3","/scenes/story/cinematic/storywide/moonshadow-sanctum.webp","/scenes/story/cinematic/storywide/moonshadow-canal-shrine-records-v1.webp","Integrated reviewed replacement: moonCanalShrineInterior. See production.json for reference lock and production brief."
"story-moonshadow-village-65-5/page:1/The Copied Names","src/data/storylines.ts:2139","The canal shrine, an old keeper laying pages flat with shaking hands","actor","Shrine Witness","0,1,2,3","FIT/CACHE FIX","4","/portraits/cinematic/storywide/shrine-witness.webp?v=891202c8e","/portraits/cinematic/storywide/shrine-witness.webp?v=891202c8e","Retain source; use its reviewed focal point, non-mirrored orientation, or scoped cutout shadow. Existing revision contract remains intact."
"story-moonshadow-village-65-5/page:2/The Third Page","src/data/storylines.ts:2147","The shrine, one page under the low lamp","background","","0,1,2,3","REPLACE","3","/scenes/story/cinematic/storywide/moonshadow-sanctum.webp","/scenes/story/cinematic/storywide/moonshadow-canal-shrine-records-v1.webp","Integrated reviewed replacement: moonCanalShrineInterior. See production.json for reference lock and production brief."
"story-moonshadow-village-65-5/page:3/The Second Knife","src/data/storylines.ts:2157","The shrine door, a second figure arriving with excellent manners","background","","0,1,2,3","REPLACE","3","/scenes/story/cinematic/storywide/moonshadow-sanctum.webp","/scenes/story/cinematic/storywide/moonshadow-canal-shrine-door-v1.webp","Integrated reviewed replacement: moonCanalShrineDoor. See production.json for reference lock and production brief."
"story-moonshadow-village-65-5/page:3/The Second Knife","src/data/storylines.ts:2157","The shrine door, a second figure arriving with excellent manners","actor","Veil Adaza","0,1,2,3","REPLACE","1","/portraits/cinematic/storywide/veil-adaza.webp?v=891202c8e","/portraits/cinematic/storywide/veil-adaza-clean-alpha-v1.webp?v=891202c8e","Integrated reviewed replacement: adazaCleanAlpha. See production.json for reference lock and production brief."
"story-moonshadow-village-65-5/page:4/The Executioner's Patience","src/data/storylines.ts:2166","The shrine yard, the Veiled Hand Executioner unfolding from the dark","background","","0,1,2,3","REPLACE","3","/scenes/story/story-moonshadow-village-65-5.webp","/scenes/story/cinematic/storywide/moonshadow-canal-shrine-door-v1.webp","Integrated reviewed replacement: moonCanalShrineDoor. See production.json for reference lock and production brief."
"story-moonshadow-village-65-5/page:4/The Executioner's Patience","src/data/storylines.ts:2166","The shrine yard, the Veiled Hand Executioner unfolding from the dark","actor","Veil Adaza","0,1,2,3","REPLACE","1","/portraits/cinematic/storywide/veil-adaza.webp?v=891202c8e","/portraits/cinematic/storywide/veil-adaza-clean-alpha-v1.webp?v=891202c8e","Integrated reviewed replacement: adazaCleanAlpha. See production.json for reference lock and production brief."
"story-moonshadow-village-75-6/page:0/The Red Moon Ledger","src/data/storylines.ts:2178","A rooftop over the whisper market, red moon, Nyx's ledger open to a page of shame","background","","0,1,2,3","KEEP","5","/scenes/story/story-moonshadow-village-75-6.webp","/scenes/story/story-moonshadow-village-75-6.webp","Retain reviewed accurate artwork."
"story-moonshadow-village-75-6/page:0/The Red Moon Ledger","src/data/storylines.ts:2178","A rooftop over the whisper market, red moon, Nyx's ledger open to a page of shame","actor","Nyx","0,1,2,3","FIT/CACHE FIX","4","/portraits/cinematic/storywide/nyx-neutral.webp?v=891202c8e","/portraits/cinematic/storywide/nyx-neutral.webp?v=891202c8e","Retain source; use its reviewed focal point, non-mirrored orientation, or scoped cutout shadow. Existing revision contract remains intact."
"story-moonshadow-village-75-6/page:1/The Free Envelope","src/data/storylines.ts:2184","The rooftop, one envelope on the tiles between you, unpriced","background","","0,1,2,3","REMAP","3","/scenes/story/cinematic/storywide/moonshadow-civic.webp","/scenes/story/story-moonshadow-village-75-6.webp","Resolve this exact current story beat to retained, reviewed artwork."
"story-moonshadow-village-75-6/page:1/The Free Envelope","src/data/storylines.ts:2184","The rooftop, one envelope on the tiles between you, unpriced","actor","Nyx","0,1,2,3","FIT/CACHE FIX","4","/portraits/cinematic/storywide/nyx-neutral.webp?v=891202c8e","/portraits/cinematic/storywide/nyx-neutral.webp?v=891202c8e","Retain source; use its reviewed focal point, non-mirrored orientation, or scoped cutout shadow. Existing revision contract remains intact."
"story-moonshadow-village-75-6/page:2/Naming It","src/data/storylines.ts:2194","The rooftop, the red moon deepening","background","","0,1,2,3","REMAP","3","/scenes/story/cinematic/storywide/moonshadow-civic.webp","/scenes/story/story-moonshadow-village-75-6.webp","Resolve this exact current story beat to retained, reviewed artwork."
"story-moonshadow-village-75-6/page:2/Naming It","src/data/storylines.ts:2194","The rooftop, the red moon deepening","actor","Nyx","0,1,2,3","REMAP","1","/portraits/cinematic/storywide/nyx-neutral.webp?v=891202c8e","/portraits/cinematic/storywide/nyx-resolute.webp?v=891202c8e","Resolve this exact current story beat to retained, reviewed artwork."
"story-moonshadow-village-75-6/page:3/The Lecture","src/data/storylines.ts:2202","The rooftop, the red moonlight pooling into a standing shape","background","","0,1,2,3","REMAP","3","/scenes/story/cinematic/storywide/moonshadow-civic.webp","/scenes/story/story-moonshadow-village-75-6.webp","Resolve this exact current story beat to retained, reviewed artwork."
"story-moonshadow-village-75-6/page:3/The Lecture","src/data/storylines.ts:2202","The rooftop, the red moonlight pooling into a standing shape","actor","Hollow Moon","0,1,2,3","FIT/CACHE FIX","4","/portraits/cinematic/storywide/hollow-moon.webp?v=891202c8e","/portraits/cinematic/storywide/hollow-moon.webp?v=891202c8e","Retain source; use its reviewed focal point, non-mirrored orientation, or scoped cutout shadow. Existing revision contract remains intact."
"story-moonshadow-village-75-6/page:4/The Shadow Network Hunter","src/data/storylines.ts:2208","The rooftop, shapes rising from every drain and gutter the market owns","background","","0,1,2,3","KEEP","5","/scenes/story/story-moonshadow-village-75-6.webp","/scenes/story/story-moonshadow-village-75-6.webp","Retain reviewed accurate artwork."
"story-moonshadow-village-75-6/page:4/The Shadow Network Hunter","src/data/storylines.ts:2208","The rooftop, shapes rising from every drain and gutter the market owns","actor","Nyx","0,1,2,3","REMAP","1","/portraits/cinematic/storywide/nyx.webp?v=891202c8e","/portraits/cinematic/storywide/nyx-neutral.webp?v=891202c8e","Resolve this exact current story beat to retained, reviewed artwork."
"story-moonshadow-village-85-7/page:0/The Night of Open Files","src/data/storylines.ts:2220","The whisper market at dawn, forty years of intake dumped on every doorstep","background","","0,1,2,3","REPLACE","3","/scenes/story/story-moonshadow-village-85-7.webp","/scenes/story/cinematic/storywide/moonshadow-returned-files-dawn-v1.webp","Integrated reviewed replacement: moonReturnedCanal. See production.json for reference lock and production brief."
"story-moonshadow-village-85-7/page:1/The Controlled Burn","src/data/storylines.ts:2226","Nyx's stall, shutters up, her own returned file unopened on the counter","background","","0,1,2,3","VARIANT","3","/scenes/story/cinematic/storywide/moonshadow-sanctum.webp","/scenes/story/cinematic/storywide/moonshadow-stall-returned-file-v1.webp","Integrated supported story-state variant: moonBoothDawn. See production.json for reference lock and production brief."
"story-moonshadow-village-85-7/page:1/The Controlled Burn","src/data/storylines.ts:2226","Nyx's stall, shutters up, her own returned file unopened on the counter","actor","Nyx","0,1,2,3","FIT/CACHE FIX","4","/portraits/cinematic/storywide/nyx-neutral.webp?v=891202c8e","/portraits/cinematic/storywide/nyx-neutral.webp?v=891202c8e","Retain source; use its reviewed focal point, non-mirrored orientation, or scoped cutout shadow. Existing revision contract remains intact."
"story-moonshadow-village-85-7/page:2/The Buyer's Name","src/data/storylines.ts:2235","The stall's back room, Harrow arriving with her collar up and her license folded away","background","","0,1,2,3","REMAP","3","/scenes/story/cinematic/storywide/moonshadow-sanctum.webp","/scenes/story/cinematic/storywide/moonshadow-intimate.webp","Resolve this exact current story beat to retained, reviewed artwork."
"story-moonshadow-village-85-7/page:2/The Buyer's Name","src/data/storylines.ts:2235","The stall's back room, Harrow arriving with her collar up and her license folded away","actor","Kite Harrow","0,1,2,3","FIT/CACHE FIX","4","/portraits/cinematic/kite-harrow.webp?v=891202c8e","/portraits/cinematic/kite-harrow.webp?v=891202c8e","Retain source; use its reviewed focal point, non-mirrored orientation, or scoped cutout shadow. Existing revision contract remains intact."
"story-moonshadow-village-85-7/page:3/The Empty Archive","src/data/storylines.ts:2243","The tower archive, stripped to bare shelves, Sable alone in the wreck of her life's work","background","","0,1,2,3","VARIANT","3","/scenes/story/cinematic/storywide/moonshadow-sanctum.webp","/scenes/story/cinematic/storywide/moonshadow-empty-tower-archive-v1.webp","Integrated supported story-state variant: moonEmptyArchive. See production.json for reference lock and production brief."
"story-moonshadow-village-85-7/page:3/The Empty Archive","src/data/storylines.ts:2243","The tower archive, stripped to bare shelves, Sable alone in the wreck of her life's work","actor","Kage Sable Nocturne","0,1,2,3","FIT/CACHE FIX","4","/portraits/cinematic/storywide/kage-sable-nocturne-readable.webp?v=891202c8e","/portraits/cinematic/storywide/kage-sable-nocturne-readable.webp?v=891202c8e","Retain source; use its reviewed focal point, non-mirrored orientation, or scoped cutout shadow. Existing revision contract remains intact."
"story-moonshadow-village-85-7/page:4/The Veiled Hand Grandmaster","src/data/storylines.ts:2252","The tower stair, the eldest Veiled Hand unfolding from the shadows it taught","background","","0,1,2,3","REPLACE","3","/scenes/story/story-moonshadow-village-85-7.webp","/scenes/story/cinematic/storywide/moonshadow-interior-tower-stair-v1.webp","Integrated reviewed replacement: moonStair. See production.json for reference lock and production brief."
"story-moonshadow-village-100-8/page:0/The Black Moon","src/data/storylines.ts:2264","The tower summit stair, the moon overhead gone black as the Mirror","background","","0,1,2,3,4","KEEP","5","/scenes/story/story-moonshadow-village-100-8.webp","/scenes/story/story-moonshadow-village-100-8.webp","Retain reviewed accurate artwork."
"story-moonshadow-village-100-8/page:1/At the Chamber Door","src/data/storylines.ts:2271","The summit door, Nyx with her returned file tucked unopened in her coat","background","","0,1,2,3","REMAP","3","/scenes/story/cinematic/storywide/moonshadow-sanctum.webp","/scenes/story/story-moonshadow-village-100-8.webp","Resolve this exact current story beat to retained, reviewed artwork."
"story-moonshadow-village-100-8/page:1/At the Chamber Door","src/data/storylines.ts:2271","The summit door, Nyx with her returned file tucked unopened in her coat","actor","Nyx","0,1,2,3","FIT/CACHE FIX","4","/portraits/cinematic/storywide/nyx-neutral.webp?v=891202c8e","/portraits/cinematic/storywide/nyx-neutral.webp?v=891202c8e","Retain source; use its reviewed focal point, non-mirrored orientation, or scoped cutout shadow. Existing revision contract remains intact."
"story-moonshadow-village-100-8/page:2/The Woman and the Tank","src/data/storylines.ts:2279","The Mirror chamber, the black glass vast and still, Sable's shadow no longer matching her","background","","0,1,2,3,4","REMAP","3","/scenes/story/cinematic/storywide/moonshadow-sanctum.webp","/scenes/story/cinematic/storywide/moonshadow-climax-black-glass.webp","Resolve this exact current story beat to retained, reviewed artwork."
"story-moonshadow-village-100-8/page:2/The Woman and the Tank","src/data/storylines.ts:2279","The Mirror chamber, the black glass vast and still, Sable's shadow no longer matching her","actor","Kage Sable Nocturne","0,1,2,3,4","FIT/CACHE FIX","4","/portraits/cinematic/storywide/kage-sable-nocturne-readable.webp?v=891202c8e","/portraits/cinematic/storywide/kage-sable-nocturne-readable.webp?v=891202c8e","Retain source; use its reviewed focal point, non-mirrored orientation, or scoped cutout shadow. Existing revision contract remains intact."
"story-moonshadow-village-100-8/page:3/The Better Truth","src/data/storylines.ts:2288","The Mirror chamber, the Returning's receipts fanned on the black glass","background","","0,1,2,3","REMAP","3","/scenes/story/cinematic/storywide/moonshadow-sanctum.webp","/scenes/story/cinematic/storywide/moonshadow-climax-black-glass.webp","Resolve this exact current story beat to retained, reviewed artwork."
"story-moonshadow-village-100-8/page:3/The Better Truth","src/data/storylines.ts:2288","The Mirror chamber, the Returning's receipts fanned on the black glass","actor","Kage Sable Nocturne","0,1,2,3","FIT/CACHE FIX","4","/portraits/cinematic/storywide/kage-sable-nocturne-readable.webp?v=891202c8e","/portraits/cinematic/storywide/kage-sable-nocturne-readable.webp?v=891202c8e","Retain source; use its reviewed focal point, non-mirrored orientation, or scoped cutout shadow. Existing revision contract remains intact."
"story-moonshadow-village-100-8/page:4/What the Market Saw","src/data/storylines.ts:2299","The chamber, the black glass showing the market's lanterns far below","background","","0,1,2","REMAP","3","/scenes/story/cinematic/storywide/moonshadow-sanctum.webp","/scenes/story/cinematic/storywide/moonshadow-climax-black-glass.webp","Resolve this exact current story beat to retained, reviewed artwork."
"story-moonshadow-village-100-8/page:4/What the Market Saw","src/data/storylines.ts:2299","The chamber, the black glass showing the market's lanterns far below","actor","Kage Sable Nocturne","0,1,2","FIT/CACHE FIX","4","/portraits/cinematic/storywide/kage-sable-nocturne-readable.webp?v=891202c8e","/portraits/cinematic/storywide/kage-sable-nocturne-readable.webp?v=891202c8e","Retain source; use its reviewed focal point, non-mirrored orientation, or scoped cutout shadow. Existing revision contract remains intact."
"story-moonshadow-village-100-8/page:5/The Countersigned Receipts","src/data/storylines.ts:2306","The chamber, receipts flat on the glass, her finger moving line to line","background","","0,1,2,3","REMAP","3","/scenes/story/cinematic/storywide/moonshadow-sanctum.webp","/scenes/story/cinematic/storywide/moonshadow-climax-black-glass.webp","Resolve this exact current story beat to retained, reviewed artwork."
"story-moonshadow-village-100-8/page:5/The Countersigned Receipts","src/data/storylines.ts:2306","The chamber, receipts flat on the glass, her finger moving line to line","actor","Kage Sable Nocturne","0,1,2,3","FIT/CACHE FIX","4","/portraits/cinematic/storywide/kage-sable-nocturne-readable.webp?v=891202c8e","/portraits/cinematic/storywide/kage-sable-nocturne-readable.webp?v=891202c8e","Retain source; use its reviewed focal point, non-mirrored orientation, or scoped cutout shadow. Existing revision contract remains intact."
"story-moonshadow-village-100-8/page:6/The Market's Own Arithmetic","src/data/storylines.ts:2314","The chamber, a booth's price-slate held up to the glass","background","","0,1,2","REMAP","3","/scenes/story/cinematic/storywide/moonshadow-sanctum.webp","/scenes/story/cinematic/storywide/moonshadow-climax-black-glass.webp","Resolve this exact current story beat to retained, reviewed artwork."
"story-moonshadow-village-100-8/page:6/The Market's Own Arithmetic","src/data/storylines.ts:2314","The chamber, a booth's price-slate held up to the glass","actor","Kage Sable Nocturne","0,1,2","FIT/CACHE FIX","4","/portraits/cinematic/storywide/kage-sable-nocturne-readable.webp?v=891202c8e","/portraits/cinematic/storywide/kage-sable-nocturne-readable.webp?v=891202c8e","Retain source; use its reviewed focal point, non-mirrored orientation, or scoped cutout shadow. Existing revision contract remains intact."
"story-moonshadow-village-100-8/page:7/The Unopened File","src/data/storylines.ts:2321","The chamber, one file on the black glass, still closed","background","","0,1,2,3","REMAP","3","/scenes/story/cinematic/storywide/moonshadow-sanctum.webp","/scenes/story/cinematic/storywide/moonshadow-climax-black-glass.webp","Resolve this exact current story beat to retained, reviewed artwork."
"story-moonshadow-village-100-8/page:7/The Unopened File","src/data/storylines.ts:2321","The chamber, one file on the black glass, still closed","actor","Kage Sable Nocturne","0,1,2,3","FIT/CACHE FIX","4","/portraits/cinematic/storywide/kage-sable-nocturne-readable.webp?v=891202c8e","/portraits/cinematic/storywide/kage-sable-nocturne-readable.webp?v=891202c8e","Retain source; use its reviewed focal point, non-mirrored orientation, or scoped cutout shadow. Existing revision contract remains intact."
"story-moonshadow-village-100-8/page:8/The Names in the Glass","src/data/storylines.ts:2329","The Mirror chamber, the receipts against the tank, the reflection changing","background","","0,1,2,3","REMAP","3","/scenes/story/cinematic/storywide/moonshadow-sanctum.webp","/scenes/story/cinematic/storywide/moonshadow-climax-black-glass.webp","Resolve this exact current story beat to retained, reviewed artwork."
"story-moonshadow-village-100-8/page:9/Her Own Name","src/data/storylines.ts:1671","The chamber door opening, Nyx crossing the black glass floor","background","","0,1,2,3","REMAP","3","/scenes/story/cinematic/storywide/moonshadow-sanctum.webp","/scenes/story/cinematic/storywide/moonshadow-climax-black-glass.webp","Resolve this exact current story beat to retained, reviewed artwork."
"story-moonshadow-village-100-8/page:9/Her Own Name","src/data/storylines.ts:1671","The chamber door opening, Nyx crossing the black glass floor","actor","Nyx","0,1,2,3","REMAP","1","/portraits/cinematic/storywide/nyx-neutral.webp?v=891202c8e","/portraits/cinematic/storywide/nyx-resolute.webp?v=891202c8e","Resolve this exact current story beat to retained, reviewed artwork."
"story-moonshadow-village-100-8/page:10/The Oldest Rule Answers","src/data/storylines.ts:2345","The Mirror chamber, one clear line crossing the black tank from end to end","background","","0,1,2,3","REMAP","3","/scenes/story/cinematic/storywide/moonshadow-sanctum.webp","/scenes/story/cinematic/storywide/moonshadow-climax-black-glass.webp","Resolve this exact current story beat to retained, reviewed artwork."
"story-moonshadow-village-100-8/page:11/The Tank Hears a Name","src/data/storylines.ts:2353","The chamber, the Mirror's stillness broken by one slow ripple","background","","0,1,2,3","REMAP","3","/scenes/story/cinematic/storywide/moonshadow-sanctum.webp","/scenes/story/cinematic/storywide/moonshadow-climax-black-glass.webp","Resolve this exact current story beat to retained, reviewed artwork."
"story-moonshadow-village-100-8/page:11/The Tank Hears a Name","src/data/storylines.ts:2353","The chamber, the Mirror's stillness broken by one slow ripple","actor","Kage Sable Nocturne","0,1,2,3","FIT/CACHE FIX","4","/portraits/cinematic/storywide/kage-sable-nocturne-readable.webp?v=891202c8e","/portraits/cinematic/storywide/kage-sable-nocturne-readable.webp?v=891202c8e","Retain source; use its reviewed focal point, non-mirrored orientation, or scoped cutout shadow. Existing revision contract remains intact."
"story-moonshadow-village-100-8/page:12/Unlisted","src/data/storylines.ts:2361","The Mirror chamber, Sable's shadow finishing its departure","background","","0,1","REMAP","3","/scenes/story/cinematic/storywide/moonshadow-sanctum.webp","/scenes/story/cinematic/storywide/moonshadow-climax-black-glass.webp","Resolve this exact current story beat to retained, reviewed artwork."
"story-moonshadow-village-100-8/page:12/Unlisted","src/data/storylines.ts:2361","The Mirror chamber, Sable's shadow finishing its departure","actor","Kage Sable Nocturne","0,1","FIT/CACHE FIX","4","/portraits/cinematic/storywide/kage-sable-nocturne-readable.webp?v=891202c8e","/portraits/cinematic/storywide/kage-sable-nocturne-readable.webp?v=891202c8e","Retain source; use its reviewed focal point, non-mirrored orientation, or scoped cutout shadow. Existing revision contract remains intact."
"story-moonshadow-village-100-8/page:13/Returns Without Names","src/data/storylines.ts:2367","The chamber, the return figures chalked plain, no receipts behind them","background","","0,1,2","REMAP","3","/scenes/story/cinematic/storywide/moonshadow-sanctum.webp","/scenes/story/cinematic/storywide/moonshadow-climax-black-glass.webp","Resolve this exact current story beat to retained, reviewed artwork."
"story-moonshadow-village-100-8/page:13/Returns Without Names","src/data/storylines.ts:2367","The chamber, the return figures chalked plain, no receipts behind them","actor","Kage Sable Nocturne","0,1,2","FIT/CACHE FIX","4","/portraits/cinematic/storywide/kage-sable-nocturne-readable.webp?v=891202c8e","/portraits/cinematic/storywide/kage-sable-nocturne-readable.webp?v=891202c8e","Retain source; use its reviewed focal point, non-mirrored orientation, or scoped cutout shadow. Existing revision contract remains intact."
"story-moonshadow-village-100-8/page:14/The File in Your Coat","src/data/storylines.ts:2374","Nyx's file in Sable's hands, hers to weigh, unopened","background","","0,1,2,3","REMAP","3","/scenes/story/cinematic/storywide/moonshadow-sanctum.webp","/scenes/story/cinematic/storywide/moonshadow-climax-black-glass.webp","Resolve this exact current story beat to retained, reviewed artwork."
"story-moonshadow-village-100-8/page:14/The File in Your Coat","src/data/storylines.ts:2374","Nyx's file in Sable's hands, hers to weigh, unopened","actor","Kage Sable Nocturne","0,1,2,3","FIT/CACHE FIX","4","/portraits/cinematic/storywide/kage-sable-nocturne-readable.webp?v=891202c8e","/portraits/cinematic/storywide/kage-sable-nocturne-readable.webp?v=891202c8e","Retain source; use its reviewed focal point, non-mirrored orientation, or scoped cutout shadow. Existing revision contract remains intact."
"story-moonshadow-village-100-8/page:15/From the Door","src/data/storylines.ts:2382","The chamber threshold, Nyx one step inside, not crossing the black glass","background","","0,1","REMAP","3","/scenes/story/cinematic/storywide/moonshadow-sanctum.webp","/scenes/story/cinematic/storywide/moonshadow-climax-black-glass.webp","Resolve this exact current story beat to retained, reviewed artwork."
"story-moonshadow-village-100-8/page:15/From the Door","src/data/storylines.ts:2382","The chamber threshold, Nyx one step inside, not crossing the black glass","actor","Nyx","0,1","FIT/CACHE FIX","4","/portraits/cinematic/storywide/nyx-neutral.webp?v=891202c8e","/portraits/cinematic/storywide/nyx-neutral.webp?v=891202c8e","Retain source; use its reviewed focal point, non-mirrored orientation, or scoped cutout shadow. Existing revision contract remains intact."
"story-moonshadow-village-100-8/page:16/Iro Reads the Manifest","src/data/storylines.ts:2388","The chamber stair, Iro arriving with the buyer's manifest and an expression nobody has ever purchased","background","","0,1,2,3","REMAP","3","/scenes/story/cinematic/storywide/moonshadow-sanctum.webp","/scenes/story/cinematic/storywide/moonshadow-climax-black-glass.webp","Resolve this exact current story beat to retained, reviewed artwork."
"story-moonshadow-village-100-8/page:16/Iro Reads the Manifest","src/data/storylines.ts:2388","The chamber stair, Iro arriving with the buyer's manifest and an expression nobody has ever purchased","actor","Shade Master Iro","0,1,2,3","REMAP","1","/portraits/cinematic/storywide/shade-master-iro.webp?v=891202c8e","/portraits/cinematic/storywide/shade-master-iro-solemn.webp?v=891202c8e","Resolve this exact current story beat to retained, reviewed artwork."
"story-moonshadow-village-100-8/page:17/The Blank Line","src/data/storylines.ts:2396","The Mirror chamber, the founding lease unrolled on the black glass, older than the tank","background","","0,1,2,3","REMAP","3","/scenes/story/cinematic/storywide/moonshadow-sanctum.webp","/scenes/story/cinematic/storywide/moonshadow-climax-black-glass.webp","Resolve this exact current story beat to retained, reviewed artwork."
"story-moonshadow-village-100-8/page:17/The Blank Line","src/data/storylines.ts:2396","The Mirror chamber, the founding lease unrolled on the black glass, older than the tank","actor","Kage Sable Nocturne","0,1,2,3","FIT/CACHE FIX","4","/portraits/cinematic/storywide/kage-sable-nocturne-readable.webp?v=891202c8e","/portraits/cinematic/storywide/kage-sable-nocturne-readable.webp?v=891202c8e","Retain source; use its reviewed focal point, non-mirrored orientation, or scoped cutout shadow. Existing revision contract remains intact."
"story-moonshadow-village-100-8/page:18/Answer for the shelf. You've been paying its fee for seasons.","src/data/storylines.ts:2404","The reckoning","background","","0,1,2","REMAP","3","/scenes/story/cinematic/storywide/moonshadow-sanctum.webp","/scenes/story/cinematic/storywide/moonshadow-climax-black-glass.webp","Resolve this exact current story beat to retained, reviewed artwork."
"story-moonshadow-village-100-8/page:18/Answer for the shelf. You've been paying its fee for seasons.","src/data/storylines.ts:2404","The reckoning","actor","Kage Sable Nocturne","0,1,2","FIT/CACHE FIX","4","/portraits/cinematic/storywide/kage-sable-nocturne-readable.webp?v=891202c8e","/portraits/cinematic/storywide/kage-sable-nocturne-readable.webp?v=891202c8e","Retain source; use its reviewed focal point, non-mirrored orientation, or scoped cutout shadow. Existing revision contract remains intact."
"story-moonshadow-village-100-8/page:19/Answer for my file. I burned the delivered copy.","src/data/storylines.ts:2411","The reckoning","background","","0,1,2","REMAP","3","/scenes/story/cinematic/storywide/moonshadow-sanctum.webp","/scenes/story/cinematic/storywide/moonshadow-climax-black-glass.webp","Resolve this exact current story beat to retained, reviewed artwork."
"story-moonshadow-village-100-8/page:19/Answer for my file. I burned the delivered copy.","src/data/storylines.ts:2411","The reckoning","actor","Kage Sable Nocturne","0,1,2","FIT/CACHE FIX","4","/portraits/cinematic/storywide/kage-sable-nocturne-readable.webp?v=891202c8e","/portraits/cinematic/storywide/kage-sable-nocturne-readable.webp?v=891202c8e","Retain source; use its reviewed focal point, non-mirrored orientation, or scoped cutout shadow. Existing revision contract remains intact."
"story-moonshadow-village-100-8/page:20/Answer for Nerissa Vale. Her name comes home tonight.","src/data/storylines.ts:2418","The reckoning","background","","0,1,2","REMAP","3","/scenes/story/cinematic/storywide/moonshadow-sanctum.webp","/scenes/story/cinematic/storywide/moonshadow-climax-black-glass.webp","Resolve this exact current story beat to retained, reviewed artwork."
"story-moonshadow-village-100-8/page:20/Answer for Nerissa Vale. Her name comes home tonight.","src/data/storylines.ts:2418","The reckoning","actor","Kage Sable Nocturne","0,1,2","FIT/CACHE FIX","4","/portraits/cinematic/storywide/kage-sable-nocturne-readable.webp?v=891202c8e","/portraits/cinematic/storywide/kage-sable-nocturne-readable.webp?v=891202c8e","Retain source; use its reviewed focal point, non-mirrored orientation, or scoped cutout shadow. Existing revision contract remains intact."
"story-moonshadow-village-100-8/page:21/Answer for the night name you would not write.","src/data/storylines.ts:2425","The reckoning","background","","0,1","REMAP","3","/scenes/story/cinematic/storywide/moonshadow-sanctum.webp","/scenes/story/cinematic/storywide/moonshadow-climax-black-glass.webp","Resolve this exact current story beat to retained, reviewed artwork."
"story-moonshadow-village-100-8/page:21/Answer for the night name you would not write.","src/data/storylines.ts:2425","The reckoning","actor","Kage Sable Nocturne","0,1","FIT/CACHE FIX","4","/portraits/cinematic/storywide/kage-sable-nocturne-readable.webp?v=891202c8e","/portraits/cinematic/storywide/kage-sable-nocturne-readable.webp?v=891202c8e","Retain source; use its reviewed focal point, non-mirrored orientation, or scoped cutout shadow. Existing revision contract remains intact."
"story-moonshadow-village-100-8/page:22/Answer for the night name that is yours alone.","src/data/storylines.ts:2431","The reckoning","background","","0,1","REMAP","3","/scenes/story/cinematic/storywide/moonshadow-sanctum.webp","/scenes/story/cinematic/storywide/moonshadow-climax-black-glass.webp","Resolve this exact current story beat to retained, reviewed artwork."
"story-moonshadow-village-100-8/page:22/Answer for the night name that is yours alone.","src/data/storylines.ts:2431","The reckoning","actor","Kage Sable Nocturne","0,1","FIT/CACHE FIX","4","/portraits/cinematic/storywide/kage-sable-nocturne-readable.webp?v=891202c8e","/portraits/cinematic/storywide/kage-sable-nocturne-readable.webp?v=891202c8e","Retain source; use its reviewed focal point, non-mirrored orientation, or scoped cutout shadow. Existing revision contract remains intact."
"story-moonshadow-village-100-8/page:23/Answer for the leaf you tore out of your own file.","src/data/storylines.ts:2437","The reckoning","background","","0,1","REMAP","3","/scenes/story/cinematic/storywide/moonshadow-sanctum.webp","/scenes/story/cinematic/storywide/moonshadow-climax-black-glass.webp","Resolve this exact current story beat to retained, reviewed artwork."
"story-moonshadow-village-100-8/page:23/Answer for the leaf you tore out of your own file.","src/data/storylines.ts:2437","The reckoning","actor","Kage Sable Nocturne","0,1","FIT/CACHE FIX","4","/portraits/cinematic/storywide/kage-sable-nocturne-readable.webp?v=891202c8e","/portraits/cinematic/storywide/kage-sable-nocturne-readable.webp?v=891202c8e","Retain source; use its reviewed focal point, non-mirrored orientation, or scoped cutout shadow. Existing revision contract remains intact."
"story-moonshadow-village-100-8/page:24/Answer for the night name you wrote to shield someone else.","src/data/storylines.ts:2443","The reckoning","background","","0,1","REMAP","3","/scenes/story/cinematic/storywide/moonshadow-sanctum.webp","/scenes/story/cinematic/storywide/moonshadow-climax-black-glass.webp","Resolve this exact current story beat to retained, reviewed artwork."
"story-moonshadow-village-100-8/page:24/Answer for the night name you wrote to shield someone else.","src/data/storylines.ts:2443","The reckoning","actor","Kage Sable Nocturne","0,1","FIT/CACHE FIX","4","/portraits/cinematic/storywide/kage-sable-nocturne-readable.webp?v=891202c8e","/portraits/cinematic/storywide/kage-sable-nocturne-readable.webp?v=891202c8e","Retain source; use its reviewed focal point, non-mirrored orientation, or scoped cutout shadow. Existing revision contract remains intact."
"story-moonshadow-village-100-8/page:25/The Glass and the Notice","src/data/storylines.ts:2449","The Mirror chamber, the black moon at zenith, Sable's shadow finishing its departure","background","","0,1,2,3,4","KEEP","5","/scenes/story/cinematic/storywide/moonshadow-climax-black-glass.webp","/scenes/story/cinematic/storywide/moonshadow-climax-black-glass.webp","Retain reviewed accurate artwork."
"story-moonshadow-village-100-8/page:25/The Glass and the Notice","src/data/storylines.ts:2449","The Mirror chamber, the black moon at zenith, Sable's shadow finishing its departure","actor","Kage Sable Nocturne","0,1,2,3,4","FIT/CACHE FIX","4","/portraits/cinematic/storywide/kage-sable-nocturne-hollow.webp?v=891202c8e","/portraits/cinematic/storywide/kage-sable-nocturne-hollow.webp?v=891202c8e","Retain source; use its reviewed focal point, non-mirrored orientation, or scoped cutout shadow. Existing revision contract remains intact."
"story-moonshadow-village-4-0:archive-0/page:0/Two Names","src/data/storylines.ts:1907","The registry booth at moonrise, violet lanterns on the canal","background","","0,1,2,3","REPLACE","3","/scenes/story/story-moonshadow-village-4-0.webp","/scenes/story/cinematic/storywide/moonshadow-registry-booth-v1.webp","Integrated reviewed replacement: moonBooth. See production.json for reference lock and production brief."
"story-moonshadow-village-4-0:archive-0/page:0/Two Names","src/data/storylines.ts:1907","The registry booth at moonrise, violet lanterns on the canal","actor","Shade Master Iro","0,1,2,3","FIT/CACHE FIX","4","/portraits/cinematic/storywide/shade-master-iro.webp?v=891202c8e","/portraits/cinematic/storywide/shade-master-iro.webp?v=891202c8e","Retain source; use its reviewed focal point, non-mirrored orientation, or scoped cutout shadow. Existing revision contract remains intact."
"story-moonshadow-village-4-0:archive-0/page:1/The First Trade","src/data/storylines.ts:1913","The registry booth, Iro's pen waiting over the intake book","background","","0,1","REPLACE","3","/scenes/story/cinematic/storywide/moonshadow-civic.webp","/scenes/story/cinematic/storywide/moonshadow-registry-booth-v1.webp","Integrated reviewed replacement: moonBooth. See production.json for reference lock and production brief."
"story-moonshadow-village-4-0:archive-0/page:1/The First Trade","src/data/storylines.ts:1913","The registry booth, Iro's pen waiting over the intake book","actor","Shade Master Iro","0,1","FIT/CACHE FIX","4","/portraits/cinematic/storywide/shade-master-iro.webp?v=891202c8e","/portraits/cinematic/storywide/shade-master-iro.webp?v=891202c8e","Retain source; use its reviewed focal point, non-mirrored orientation, or scoped cutout shadow. Existing revision contract remains intact."
"story-moonshadow-village-4-0:archive-0/page:2/A Guardian's Answer","src/data/storylines.ts:1923","The registry booth","background","","0,1,2","REPLACE","3","/scenes/story/cinematic/storywide/moonshadow-civic.webp","/scenes/story/cinematic/storywide/moonshadow-registry-booth-v1.webp","Integrated reviewed replacement: moonBooth. See production.json for reference lock and production brief."
"story-moonshadow-village-4-0:archive-0/page:2/A Guardian's Answer","src/data/storylines.ts:1923","The registry booth","actor","Shade Master Iro","0,1,2","REMAP","1","/portraits/cinematic/storywide/shade-master-iro-tense.webp?v=891202c8e","/portraits/cinematic/storywide/shade-master-iro.webp?v=891202c8e","Resolve this exact current story beat to retained, reviewed artwork."
"story-moonshadow-village-4-0:archive-0/page:3/Half a Second Late","src/data/storylines.ts:1958","The Mirror registry: a disc of still black water that shows every newcomer their true reflection","background","","0,1,2,3","REPLACE","3","/scenes/story/cinematic/storywide/moonshadow-sanctum.webp","/scenes/story/cinematic/storywide/moonshadow-registry-water-v1.webp","Integrated reviewed replacement: moonMirror. See production.json for reference lock and production brief."
"story-moonshadow-village-4-0:archive-0/page:4/Line Five","src/data/storylines.ts:1964","The canal steps outside, a sharp-eyed woman flipping a coin that isn't a coin","background","","0,1,2,3","REMAP","3","/scenes/story/cinematic/storywide/moonshadow-civic.webp","/scenes/story/cinematic/storywide/moonshadow-threshold.webp","Resolve this exact current story beat to retained, reviewed artwork."
"story-moonshadow-village-4-0:archive-0/page:4/Line Five","src/data/storylines.ts:1964","The canal steps outside, a sharp-eyed woman flipping a coin that isn't a coin","actor","Nyx","0,1,2,3","FIT/CACHE FIX","4","/portraits/cinematic/storywide/nyx-neutral.webp?v=891202c8e","/portraits/cinematic/storywide/nyx-neutral.webp?v=891202c8e","Retain source; use its reviewed focal point, non-mirrored orientation, or scoped cutout shadow. Existing revision contract remains intact."
"story-moonshadow-village-4-0:archive-0/page:5/The Silent Yard","src/data/storylines.ts:1972","The silk-house yard at moonrise, a veteran trainee unfolding from the shadows","background","","0,1,2,3,4","REPLACE","3","/scenes/story/story-moonshadow-village-4-0.webp","/scenes/story/cinematic/storywide/moonshadow-silent-yard-v1.webp","Integrated reviewed replacement: moonSilentYard. See production.json for reference lock and production brief."
"story-moonshadow-village-4-0:archive-1/page:0/Two Names","src/data/storylines.ts:1907","The registry booth at moonrise, violet lanterns on the canal","background","","0,1,2,3","REPLACE","3","/scenes/story/story-moonshadow-village-4-0.webp","/scenes/story/cinematic/storywide/moonshadow-registry-booth-v1.webp","Integrated reviewed replacement: moonBooth. See production.json for reference lock and production brief."
"story-moonshadow-village-4-0:archive-1/page:0/Two Names","src/data/storylines.ts:1907","The registry booth at moonrise, violet lanterns on the canal","actor","Shade Master Iro","0,1,2,3","FIT/CACHE FIX","4","/portraits/cinematic/storywide/shade-master-iro.webp?v=891202c8e","/portraits/cinematic/storywide/shade-master-iro.webp?v=891202c8e","Retain source; use its reviewed focal point, non-mirrored orientation, or scoped cutout shadow. Existing revision contract remains intact."
"story-moonshadow-village-4-0:archive-1/page:1/The First Trade","src/data/storylines.ts:1913","The registry booth, Iro's pen waiting over the intake book","background","","0,1","REPLACE","3","/scenes/story/cinematic/storywide/moonshadow-civic.webp","/scenes/story/cinematic/storywide/moonshadow-registry-booth-v1.webp","Integrated reviewed replacement: moonBooth. See production.json for reference lock and production brief."
"story-moonshadow-village-4-0:archive-1/page:1/The First Trade","src/data/storylines.ts:1913","The registry booth, Iro's pen waiting over the intake book","actor","Shade Master Iro","0,1","FIT/CACHE FIX","4","/portraits/cinematic/storywide/shade-master-iro.webp?v=891202c8e","/portraits/cinematic/storywide/shade-master-iro.webp?v=891202c8e","Retain source; use its reviewed focal point, non-mirrored orientation, or scoped cutout shadow. Existing revision contract remains intact."
"story-moonshadow-village-4-0:archive-1/page:2/A Buyer's Answer","src/data/storylines.ts:1930","The registry booth","background","","0,1,2","REPLACE","3","/scenes/story/cinematic/storywide/moonshadow-civic.webp","/scenes/story/cinematic/storywide/moonshadow-registry-booth-v1.webp","Integrated reviewed replacement: moonBooth. See production.json for reference lock and production brief."
"story-moonshadow-village-4-0:archive-1/page:2/A Buyer's Answer","src/data/storylines.ts:1930","The registry booth","actor","Shade Master Iro","0,1,2","FIT/CACHE FIX","4","/portraits/cinematic/storywide/shade-master-iro.webp?v=891202c8e","/portraits/cinematic/storywide/shade-master-iro.webp?v=891202c8e","Retain source; use its reviewed focal point, non-mirrored orientation, or scoped cutout shadow. Existing revision contract remains intact."
"story-moonshadow-village-4-0:archive-1/page:3/Half a Second Late","src/data/storylines.ts:1958","The Mirror registry: a disc of still black water that shows every newcomer their true reflection","background","","0,1,2,3","REPLACE","3","/scenes/story/cinematic/storywide/moonshadow-sanctum.webp","/scenes/story/cinematic/storywide/moonshadow-registry-water-v1.webp","Integrated reviewed replacement: moonMirror. See production.json for reference lock and production brief."
"story-moonshadow-village-4-0:archive-1/page:4/Line Five","src/data/storylines.ts:1964","The canal steps outside, a sharp-eyed woman flipping a coin that isn't a coin","background","","0,1,2,3","REMAP","3","/scenes/story/cinematic/storywide/moonshadow-civic.webp","/scenes/story/cinematic/storywide/moonshadow-threshold.webp","Resolve this exact current story beat to retained, reviewed artwork."
"story-moonshadow-village-4-0:archive-1/page:4/Line Five","src/data/storylines.ts:1964","The canal steps outside, a sharp-eyed woman flipping a coin that isn't a coin","actor","Nyx","0,1,2,3","FIT/CACHE FIX","4","/portraits/cinematic/storywide/nyx-neutral.webp?v=891202c8e","/portraits/cinematic/storywide/nyx-neutral.webp?v=891202c8e","Retain source; use its reviewed focal point, non-mirrored orientation, or scoped cutout shadow. Existing revision contract remains intact."
"story-moonshadow-village-4-0:archive-1/page:5/The Silent Yard","src/data/storylines.ts:1972","The silk-house yard at moonrise, a veteran trainee unfolding from the shadows","background","","0,1,2,3,4","REPLACE","3","/scenes/story/story-moonshadow-village-4-0.webp","/scenes/story/cinematic/storywide/moonshadow-silent-yard-v1.webp","Integrated reviewed replacement: moonSilentYard. See production.json for reference lock and production brief."
"story-moonshadow-village-4-0:archive-2/page:0/Two Names","src/data/storylines.ts:1907","The registry booth at moonrise, violet lanterns on the canal","background","","0,1,2,3","REPLACE","3","/scenes/story/story-moonshadow-village-4-0.webp","/scenes/story/cinematic/storywide/moonshadow-registry-booth-v1.webp","Integrated reviewed replacement: moonBooth. See production.json for reference lock and production brief."
"story-moonshadow-village-4-0:archive-2/page:0/Two Names","src/data/storylines.ts:1907","The registry booth at moonrise, violet lanterns on the canal","actor","Shade Master Iro","0,1,2,3","FIT/CACHE FIX","4","/portraits/cinematic/storywide/shade-master-iro.webp?v=891202c8e","/portraits/cinematic/storywide/shade-master-iro.webp?v=891202c8e","Retain source; use its reviewed focal point, non-mirrored orientation, or scoped cutout shadow. Existing revision contract remains intact."
"story-moonshadow-village-4-0:archive-2/page:1/The First Trade","src/data/storylines.ts:1913","The registry booth, Iro's pen waiting over the intake book","background","","0,1","REPLACE","3","/scenes/story/cinematic/storywide/moonshadow-civic.webp","/scenes/story/cinematic/storywide/moonshadow-registry-booth-v1.webp","Integrated reviewed replacement: moonBooth. See production.json for reference lock and production brief."
"story-moonshadow-village-4-0:archive-2/page:1/The First Trade","src/data/storylines.ts:1913","The registry booth, Iro's pen waiting over the intake book","actor","Shade Master Iro","0,1","FIT/CACHE FIX","4","/portraits/cinematic/storywide/shade-master-iro.webp?v=891202c8e","/portraits/cinematic/storywide/shade-master-iro.webp?v=891202c8e","Retain source; use its reviewed focal point, non-mirrored orientation, or scoped cutout shadow. Existing revision contract remains intact."
"story-moonshadow-village-4-0:archive-2/page:2/A Debtor's Answer","src/data/storylines.ts:1937","The registry booth","background","","0,1,2","REPLACE","3","/scenes/story/cinematic/storywide/moonshadow-civic.webp","/scenes/story/cinematic/storywide/moonshadow-registry-booth-v1.webp","Integrated reviewed replacement: moonBooth. See production.json for reference lock and production brief."
"story-moonshadow-village-4-0:archive-2/page:2/A Debtor's Answer","src/data/storylines.ts:1937","The registry booth","actor","Shade Master Iro","0,1,2","FIT/CACHE FIX","4","/portraits/cinematic/storywide/shade-master-iro.webp?v=891202c8e","/portraits/cinematic/storywide/shade-master-iro.webp?v=891202c8e","Retain source; use its reviewed focal point, non-mirrored orientation, or scoped cutout shadow. Existing revision contract remains intact."
"story-moonshadow-village-4-0:archive-2/page:3/Half a Second Late","src/data/storylines.ts:1958","The Mirror registry: a disc of still black water that shows every newcomer their true reflection","background","","0,1,2,3","REPLACE","3","/scenes/story/cinematic/storywide/moonshadow-sanctum.webp","/scenes/story/cinematic/storywide/moonshadow-registry-water-v1.webp","Integrated reviewed replacement: moonMirror. See production.json for reference lock and production brief."
"story-moonshadow-village-4-0:archive-2/page:4/Line Five","src/data/storylines.ts:1964","The canal steps outside, a sharp-eyed woman flipping a coin that isn't a coin","background","","0,1,2,3","REMAP","3","/scenes/story/cinematic/storywide/moonshadow-civic.webp","/scenes/story/cinematic/storywide/moonshadow-threshold.webp","Resolve this exact current story beat to retained, reviewed artwork."
"story-moonshadow-village-4-0:archive-2/page:4/Line Five","src/data/storylines.ts:1964","The canal steps outside, a sharp-eyed woman flipping a coin that isn't a coin","actor","Nyx","0,1,2,3","FIT/CACHE FIX","4","/portraits/cinematic/storywide/nyx-neutral.webp?v=891202c8e","/portraits/cinematic/storywide/nyx-neutral.webp?v=891202c8e","Retain source; use its reviewed focal point, non-mirrored orientation, or scoped cutout shadow. Existing revision contract remains intact."
"story-moonshadow-village-4-0:archive-2/page:5/The Silent Yard","src/data/storylines.ts:1972","The silk-house yard at moonrise, a veteran trainee unfolding from the shadows","background","","0,1,2,3,4","REPLACE","3","/scenes/story/story-moonshadow-village-4-0.webp","/scenes/story/cinematic/storywide/moonshadow-silent-yard-v1.webp","Integrated reviewed replacement: moonSilentYard. See production.json for reference lock and production brief."
"story-moonshadow-village-4-0:archive-3/page:0/Two Names","src/data/storylines.ts:1907","The registry booth at moonrise, violet lanterns on the canal","background","","0,1,2,3","REPLACE","3","/scenes/story/story-moonshadow-village-4-0.webp","/scenes/story/cinematic/storywide/moonshadow-registry-booth-v1.webp","Integrated reviewed replacement: moonBooth. See production.json for reference lock and production brief."
"story-moonshadow-village-4-0:archive-3/page:0/Two Names","src/data/storylines.ts:1907","The registry booth at moonrise, violet lanterns on the canal","actor","Shade Master Iro","0,1,2,3","FIT/CACHE FIX","4","/portraits/cinematic/storywide/shade-master-iro.webp?v=891202c8e","/portraits/cinematic/storywide/shade-master-iro.webp?v=891202c8e","Retain source; use its reviewed focal point, non-mirrored orientation, or scoped cutout shadow. Existing revision contract remains intact."
"story-moonshadow-village-4-0:archive-3/page:1/The First Trade","src/data/storylines.ts:1913","The registry booth, Iro's pen waiting over the intake book","background","","0,1","REPLACE","3","/scenes/story/cinematic/storywide/moonshadow-civic.webp","/scenes/story/cinematic/storywide/moonshadow-registry-booth-v1.webp","Integrated reviewed replacement: moonBooth. See production.json for reference lock and production brief."
"story-moonshadow-village-4-0:archive-3/page:1/The First Trade","src/data/storylines.ts:1913","The registry booth, Iro's pen waiting over the intake book","actor","Shade Master Iro","0,1","FIT/CACHE FIX","4","/portraits/cinematic/storywide/shade-master-iro.webp?v=891202c8e","/portraits/cinematic/storywide/shade-master-iro.webp?v=891202c8e","Retain source; use its reviewed focal point, non-mirrored orientation, or scoped cutout shadow. Existing revision contract remains intact."
"story-moonshadow-village-4-0:archive-3/page:2/A Listener's Answer","src/data/storylines.ts:1944","The registry booth","background","","0,1,2","REPLACE","3","/scenes/story/cinematic/storywide/moonshadow-civic.webp","/scenes/story/cinematic/storywide/moonshadow-registry-booth-v1.webp","Integrated reviewed replacement: moonBooth. See production.json for reference lock and production brief."
"story-moonshadow-village-4-0:archive-3/page:2/A Listener's Answer","src/data/storylines.ts:1944","The registry booth","actor","Shade Master Iro","0,1,2","FIT/CACHE FIX","4","/portraits/cinematic/storywide/shade-master-iro.webp?v=891202c8e","/portraits/cinematic/storywide/shade-master-iro.webp?v=891202c8e","Retain source; use its reviewed focal point, non-mirrored orientation, or scoped cutout shadow. Existing revision contract remains intact."
"story-moonshadow-village-4-0:archive-3/page:3/Half a Second Late","src/data/storylines.ts:1958","The Mirror registry: a disc of still black water that shows every newcomer their true reflection","background","","0,1,2,3","REPLACE","3","/scenes/story/cinematic/storywide/moonshadow-sanctum.webp","/scenes/story/cinematic/storywide/moonshadow-registry-water-v1.webp","Integrated reviewed replacement: moonMirror. See production.json for reference lock and production brief."
"story-moonshadow-village-4-0:archive-3/page:4/Line Five","src/data/storylines.ts:1964","The canal steps outside, a sharp-eyed woman flipping a coin that isn't a coin","background","","0,1,2,3","REMAP","3","/scenes/story/cinematic/storywide/moonshadow-civic.webp","/scenes/story/cinematic/storywide/moonshadow-threshold.webp","Resolve this exact current story beat to retained, reviewed artwork."
"story-moonshadow-village-4-0:archive-3/page:4/Line Five","src/data/storylines.ts:1964","The canal steps outside, a sharp-eyed woman flipping a coin that isn't a coin","actor","Nyx","0,1,2,3","FIT/CACHE FIX","4","/portraits/cinematic/storywide/nyx-neutral.webp?v=891202c8e","/portraits/cinematic/storywide/nyx-neutral.webp?v=891202c8e","Retain source; use its reviewed focal point, non-mirrored orientation, or scoped cutout shadow. Existing revision contract remains intact."
"story-moonshadow-village-4-0:archive-3/page:5/The Silent Yard","src/data/storylines.ts:1972","The silk-house yard at moonrise, a veteran trainee unfolding from the shadows","background","","0,1,2,3,4","REPLACE","3","/scenes/story/story-moonshadow-village-4-0.webp","/scenes/story/cinematic/storywide/moonshadow-silent-yard-v1.webp","Integrated reviewed replacement: moonSilentYard. See production.json for reference lock and production brief."
"story-moonshadow-village-4-0:archive-4/page:0/Two Names","src/data/storylines.ts:1907","The registry booth at moonrise, violet lanterns on the canal","background","","0,1,2,3","REPLACE","3","/scenes/story/story-moonshadow-village-4-0.webp","/scenes/story/cinematic/storywide/moonshadow-registry-booth-v1.webp","Integrated reviewed replacement: moonBooth. See production.json for reference lock and production brief."
"story-moonshadow-village-4-0:archive-4/page:0/Two Names","src/data/storylines.ts:1907","The registry booth at moonrise, violet lanterns on the canal","actor","Shade Master Iro","0,1,2,3","FIT/CACHE FIX","4","/portraits/cinematic/storywide/shade-master-iro.webp?v=891202c8e","/portraits/cinematic/storywide/shade-master-iro.webp?v=891202c8e","Retain source; use its reviewed focal point, non-mirrored orientation, or scoped cutout shadow. Existing revision contract remains intact."
"story-moonshadow-village-4-0:archive-4/page:1/The First Trade","src/data/storylines.ts:1913","The registry booth, Iro's pen waiting over the intake book","background","","0,1","REPLACE","3","/scenes/story/cinematic/storywide/moonshadow-civic.webp","/scenes/story/cinematic/storywide/moonshadow-registry-booth-v1.webp","Integrated reviewed replacement: moonBooth. See production.json for reference lock and production brief."
"story-moonshadow-village-4-0:archive-4/page:1/The First Trade","src/data/storylines.ts:1913","The registry booth, Iro's pen waiting over the intake book","actor","Shade Master Iro","0,1","FIT/CACHE FIX","4","/portraits/cinematic/storywide/shade-master-iro.webp?v=891202c8e","/portraits/cinematic/storywide/shade-master-iro.webp?v=891202c8e","Retain source; use its reviewed focal point, non-mirrored orientation, or scoped cutout shadow. Existing revision contract remains intact."
"story-moonshadow-village-4-0:archive-4/page:2/An Open Answer","src/data/storylines.ts:1951","The registry booth","background","","0,1,2","REPLACE","3","/scenes/story/cinematic/storywide/moonshadow-civic.webp","/scenes/story/cinematic/storywide/moonshadow-registry-booth-v1.webp","Integrated reviewed replacement: moonBooth. See production.json for reference lock and production brief."
"story-moonshadow-village-4-0:archive-4/page:2/An Open Answer","src/data/storylines.ts:1951","The registry booth","actor","Shade Master Iro","0,1,2","FIT/CACHE FIX","4","/portraits/cinematic/storywide/shade-master-iro.webp?v=891202c8e","/portraits/cinematic/storywide/shade-master-iro.webp?v=891202c8e","Retain source; use its reviewed focal point, non-mirrored orientation, or scoped cutout shadow. Existing revision contract remains intact."
"story-moonshadow-village-4-0:archive-4/page:3/Half a Second Late","src/data/storylines.ts:1958","The Mirror registry: a disc of still black water that shows every newcomer their true reflection","background","","0,1,2,3","REPLACE","3","/scenes/story/cinematic/storywide/moonshadow-sanctum.webp","/scenes/story/cinematic/storywide/moonshadow-registry-water-v1.webp","Integrated reviewed replacement: moonMirror. See production.json for reference lock and production brief."
"story-moonshadow-village-4-0:archive-4/page:4/Line Five","src/data/storylines.ts:1964","The canal steps outside, a sharp-eyed woman flipping a coin that isn't a coin","background","","0,1,2,3","REMAP","3","/scenes/story/cinematic/storywide/moonshadow-civic.webp","/scenes/story/cinematic/storywide/moonshadow-threshold.webp","Resolve this exact current story beat to retained, reviewed artwork."
"story-moonshadow-village-4-0:archive-4/page:4/Line Five","src/data/storylines.ts:1964","The canal steps outside, a sharp-eyed woman flipping a coin that isn't a coin","actor","Nyx","0,1,2,3","FIT/CACHE FIX","4","/portraits/cinematic/storywide/nyx-neutral.webp?v=891202c8e","/portraits/cinematic/storywide/nyx-neutral.webp?v=891202c8e","Retain source; use its reviewed focal point, non-mirrored orientation, or scoped cutout shadow. Existing revision contract remains intact."
"story-moonshadow-village-4-0:archive-4/page:5/The Silent Yard","src/data/storylines.ts:1972","The silk-house yard at moonrise, a veteran trainee unfolding from the shadows","background","","0,1,2,3,4","REPLACE","3","/scenes/story/story-moonshadow-village-4-0.webp","/scenes/story/cinematic/storywide/moonshadow-silent-yard-v1.webp","Integrated reviewed replacement: moonSilentYard. See production.json for reference lock and production brief."
"story-interlude-stormveil-village-20/page:0/Eight Hundred to Lose","src/data/story-interludes.ts:72","The arena rim, a hired fighter dismantling a local favorite","background","","0,1,2,3","KEEP","5","/scenes/story/story-interlude-stormveil-village-20.webp","/scenes/story/story-interlude-stormveil-village-20.webp","Retain reviewed accurate artwork."
"story-interlude-stormveil-village-20/page:0/Eight Hundred to Lose","src/data/story-interludes.ts:72","The arena rim, a hired fighter dismantling a local favorite","actor","Mira Volt","0,1,2,3","REMAP","1","/portraits/cinematic/storywide/mira-volt.webp?v=891202c8e","/portraits/cinematic/storywide/mira-volt-neutral.webp?v=891202c8e","Resolve this exact current story beat to retained, reviewed artwork."
"story-interlude-stormveil-village-20/page:1/The Coast Gate","src/data/story-interludes.ts:77","The coast gate at dusk, Harrow counting her fee unhurried","background","","0,1,2,3","REMAP","3","/scenes/story/cinematic/storywide/stormveil-civic.webp","/scenes/story/cinematic/storywide/stormveil-threshold.webp","Resolve this exact current story beat to retained, reviewed artwork."
"story-interlude-stormveil-village-20/page:1/The Coast Gate","src/data/story-interludes.ts:77","The coast gate at dusk, Harrow counting her fee unhurried","actor","Kite Harrow","0,1,2,3","KEEP","5","/portraits/cinematic/kite-harrow.webp?v=891202c8e","/portraits/cinematic/kite-harrow.webp?v=891202c8e","Retain reviewed accurate artwork."
"story-interlude-stormveil-village-20/page:2/An Appraiser's Receipt","src/data/story-interludes.ts:87","The coast gate, lanterns coming on along the water","background","","0,1,2,3","REMAP","3","/scenes/story/story-interlude-stormveil-village-20.webp","/scenes/story/cinematic/storywide/stormveil-threshold.webp","Resolve this exact current story beat to retained, reviewed artwork."
"story-interlude-stormveil-village-20/page:2/An Appraiser's Receipt","src/data/story-interludes.ts:87","The coast gate, lanterns coming on along the water","actor","Kite Harrow","0,1,2,3","KEEP","5","/portraits/cinematic/kite-harrow.webp?v=891202c8e","/portraits/cinematic/kite-harrow.webp?v=891202c8e","Retain reviewed accurate artwork."
"story-interlude-stormveil-village-30/page:0/The Rooftop","src/data/story-interludes.ts:98","Mira's rooftop at night, cables like a harp overhead, a packed bag by the hatch","background","","0,1,2,3","KEEP","5","/scenes/story/story-interlude-stormveil-village-30.webp","/scenes/story/story-interlude-stormveil-village-30.webp","Retain reviewed accurate artwork."
"story-interlude-stormveil-village-30/page:0/The Rooftop","src/data/story-interludes.ts:98","Mira's rooftop at night, cables like a harp overhead, a packed bag by the hatch","actor","Mira Volt","0,1,2,3","REMAP","1","/portraits/cinematic/storywide/mira-volt.webp?v=891202c8e","/portraits/cinematic/storywide/mira-volt-neutral.webp?v=891202c8e","Resolve this exact current story beat to retained, reviewed artwork."
"story-interlude-stormveil-village-30/page:1/The Week Won","src/data/story-interludes.ts:107","The rooftop, Mira turning her mother's gloves over in her hands","background","","0,1,2,3","REMAP","3","/scenes/story/cinematic/storywide/stormveil-blackout.webp","/scenes/story/story-interlude-stormveil-village-30.webp","Resolve this exact current story beat to retained, reviewed artwork."
"story-interlude-stormveil-village-30/page:1/The Week Won","src/data/story-interludes.ts:107","The rooftop, Mira turning her mother's gloves over in her hands","actor","Mira Volt","0,1,2,3","REMAP","1","/portraits/cinematic/storywide/mira-volt.webp?v=891202c8e","/portraits/cinematic/storywide/mira-volt-neutral.webp?v=891202c8e","Resolve this exact current story beat to retained, reviewed artwork."
"story-interlude-stormveil-village-30/page:2/The Loose Signal","src/data/story-interludes.ts:112","The same rooftop, a signal cable tapping against the gutter","background","","0,1,2,3","REMAP","3","/scenes/story/cinematic/storywide/stormveil-blackout.webp","/scenes/story/story-interlude-stormveil-village-30.webp","Resolve this exact current story beat to retained, reviewed artwork."
"story-interlude-stormveil-village-30/page:2/The Loose Signal","src/data/story-interludes.ts:112","The same rooftop, a signal cable tapping against the gutter","actor","Mira Volt","0,1,2,3","REMAP","1","/portraits/cinematic/storywide/mira-volt.webp?v=891202c8e","/portraits/cinematic/storywide/mira-volt-neutral.webp?v=891202c8e","Resolve this exact current story beat to retained, reviewed artwork."
"story-interlude-stormveil-village-30/page:3/One True Thing","src/data/story-interludes.ts:117","The rooftop, the harbor lights below, the bag by the hatch","background","","0,1,2,3","KEEP","5","/scenes/story/story-interlude-stormveil-village-30.webp","/scenes/story/story-interlude-stormveil-village-30.webp","Retain reviewed accurate artwork."
"story-interlude-stormveil-village-30/page:3/One True Thing","src/data/story-interludes.ts:117","The rooftop, the harbor lights below, the bag by the hatch","actor","Mira Volt","0,1,2,3","REMAP","1","/portraits/cinematic/storywide/mira-volt.webp?v=891202c8e","/portraits/cinematic/storywide/mira-volt-neutral.webp?v=891202c8e","Resolve this exact current story beat to retained, reviewed artwork."
"story-interlude-stormveil-village-42/page:0/The Harlan Bout","src/data/story-interludes.ts:128","The arena at night bell, two brothers settling six years of feud","background","","0,1,2,3","KEEP","5","/scenes/story/story-interlude-stormveil-village-42.webp","/scenes/story/story-interlude-stormveil-village-42.webp","Retain reviewed accurate artwork."
"story-interlude-stormveil-village-42/page:1/Under the Sand","src/data/story-interludes.ts:133","The emptying arena, the fight floor from the rail","background","","0,1,2,3","REMAP","3","/scenes/story/cinematic/storywide/stormveil-intimate.webp","/scenes/story/story-interlude-stormveil-village-42.webp","Resolve this exact current story beat to retained, reviewed artwork."
"story-interlude-stormveil-village-42/page:2/The Bookmaker's Confession","src/data/story-interludes.ts:138","The rail, Vanta not looking away from the dark floor","background","","0,1,2,3","KEEP","5","/scenes/story/story-interlude-stormveil-village-42.webp","/scenes/story/story-interlude-stormveil-village-42.webp","Retain reviewed accurate artwork."
"story-interlude-stormveil-village-42/page:2/The Bookmaker's Confession","src/data/story-interludes.ts:138","The rail, Vanta not looking away from the dark floor","actor","Elder Vanta","0,1,2,3","KEEP","5","/portraits/cinematic/storywide/elder-vanta.webp?v=891202c8e","/portraits/cinematic/storywide/elder-vanta.webp?v=891202c8e","Retain reviewed accurate artwork."
"story-interlude-stormveil-village-58/page:0/The Headerless Column","src/data/story-interludes.ts:149","Vanta's shack, one ledger open to a page he has never shown anyone","background","","0,1,2,3","REMAP","3","/scenes/story/story-interlude-stormveil-village-58.webp","/scenes/story/cinematic/storywide/stormveil-intimate.webp","Resolve this exact current story beat to retained, reviewed artwork."
"story-interlude-stormveil-village-58/page:0/The Headerless Column","src/data/story-interludes.ts:149","Vanta's shack, one ledger open to a page he has never shown anyone","actor","Elder Vanta","0,1,2,3","KEEP","5","/portraits/cinematic/storywide/elder-vanta.webp?v=891202c8e","/portraits/cinematic/storywide/elder-vanta.webp?v=891202c8e","Retain reviewed accurate artwork."
"story-interlude-stormveil-village-58/page:1/The Arithmetic of Shares","src/data/story-interludes.ts:158","The shack, ledgers open side by side under the lamp","background","","0,1,2,3","REMAP","3","/scenes/story/cinematic/storywide/stormveil-civic.webp","/scenes/story/cinematic/storywide/stormveil-intimate.webp","Resolve this exact current story beat to retained, reviewed artwork."
"story-interlude-stormveil-village-58/page:2/Plainly, Then","src/data/story-interludes.ts:166","The shack, Vanta's hands flat on the closed ledger","background","","0,1,2,3","REMAP","3","/scenes/story/cinematic/storywide/stormveil-civic.webp","/scenes/story/cinematic/storywide/stormveil-intimate.webp","Resolve this exact current story beat to retained, reviewed artwork."
"story-interlude-stormveil-village-58/page:2/Plainly, Then","src/data/story-interludes.ts:166","The shack, Vanta's hands flat on the closed ledger","actor","Elder Vanta","0,1,2,3","KEEP","5","/portraits/cinematic/storywide/elder-vanta.webp?v=891202c8e","/portraits/cinematic/storywide/elder-vanta.webp?v=891202c8e","Retain reviewed accurate artwork."
"story-interlude-stormveil-village-58/page:3/The Ninth Share","src/data/story-interludes.ts:174","The shack, the unnamed line at the column's foot","background","","0,1,2,3","REMAP","3","/scenes/story/story-interlude-stormveil-village-58.webp","/scenes/story/cinematic/storywide/stormveil-intimate.webp","Resolve this exact current story beat to retained, reviewed artwork."
"story-interlude-stormveil-village-58/page:3/The Ninth Share","src/data/story-interludes.ts:174","The shack, the unnamed line at the column's foot","actor","Elder Vanta","0,1,2,3","KEEP","5","/portraits/cinematic/storywide/elder-vanta.webp?v=891202c8e","/portraits/cinematic/storywide/elder-vanta.webp?v=891202c8e","Retain reviewed accurate artwork."
"story-interlude-stormveil-village-70/page:0/The Main Card","src/data/story-interludes.ts:185","The bout clerk's stand, your name in tomorrow's chalk","background","","0,1,2,3","KEEP","5","/scenes/story/story-interlude-stormveil-village-70.webp","/scenes/story/story-interlude-stormveil-village-70.webp","Retain reviewed accurate artwork."
"story-interlude-stormveil-village-70/page:0/The Main Card","src/data/story-interludes.ts:185","The bout clerk's stand, your name in tomorrow's chalk","actor","Ledger Clerk","0,1,2,3","KEEP","5","/portraits/cinematic/storywide/ledger-clerk.webp?v=891202c8e","/portraits/cinematic/storywide/ledger-clerk.webp?v=891202c8e","Retain reviewed accurate artwork."
"story-interlude-stormveil-village-70/page:1/Pike's Shrug","src/data/story-interludes.ts:190","The training yard, Joren Pike wrapping his hands like it's a craft","background","","0,1,2,3,4","REMAP","3","/scenes/story/cinematic/storywide/stormveil-sanctum.webp","/scenes/story/story-stormveil-village-50-4.webp","Resolve this exact current story beat to retained, reviewed artwork."
"story-interlude-stormveil-village-70/page:1/Pike's Shrug","src/data/story-interludes.ts:190","The training yard, Joren Pike wrapping his hands like it's a craft","actor","Joren Pike","0,1,2,3,4","KEEP","5","/portraits/cinematic/storywide/joren-pike.webp?v=891202c8e","/portraits/cinematic/storywide/joren-pike.webp?v=891202c8e","Retain reviewed accurate artwork."
"story-interlude-stormveil-village-70/page:2/The Shield, Routed","src/data/story-interludes.ts:204","The clerk's rack, your intake slate under the lamp","background","","0,1,2","REMAP","3","/scenes/story/cinematic/storywide/stormveil-sanctum.webp","/scenes/story/story-interlude-stormveil-village-70.webp","Resolve this exact current story beat to retained, reviewed artwork."
"story-interlude-stormveil-village-70/page:3/The Ladder, Routed","src/data/story-interludes.ts:211","The clerk's rack, your intake slate under the lamp","background","","0,1,2","REMAP","3","/scenes/story/cinematic/storywide/stormveil-sanctum.webp","/scenes/story/story-interlude-stormveil-village-70.webp","Resolve this exact current story beat to retained, reviewed artwork."
"story-interlude-stormveil-village-70/page:4/The Debt, Routed","src/data/story-interludes.ts:218","The clerk's rack, your intake slate under the lamp","background","","0,1,2","REMAP","3","/scenes/story/cinematic/storywide/stormveil-sanctum.webp","/scenes/story/story-interlude-stormveil-village-70.webp","Resolve this exact current story beat to retained, reviewed artwork."
"story-interlude-stormveil-village-70/page:5/The Search, Routed","src/data/story-interludes.ts:225","The clerk's rack, your intake slate under the lamp","background","","0,1,2","REMAP","3","/scenes/story/cinematic/storywide/stormveil-sanctum.webp","/scenes/story/story-interlude-stormveil-village-70.webp","Resolve this exact current story beat to retained, reviewed artwork."
"story-interlude-stormveil-village-70/page:6/The Blank, Routed","src/data/story-interludes.ts:232","The clerk's rack, your intake slate under the lamp","background","","0,1,2","REMAP","3","/scenes/story/cinematic/storywide/stormveil-sanctum.webp","/scenes/story/story-interlude-stormveil-village-70.webp","Resolve this exact current story beat to retained, reviewed artwork."
"story-interlude-stormveil-village-70/page:7/The Bout You Can't State","src/data/story-interludes.ts:239","The clerk's stand after hours, your full file unrolled","background","","0,1,2,3","REMAP","3","/scenes/story/cinematic/storywide/stormveil-civic.webp","/scenes/story/story-interlude-stormveil-village-70.webp","Resolve this exact current story beat to retained, reviewed artwork."
"story-interlude-stormveil-village-70/page:8/The Third Exchange","src/data/story-interludes.ts:247","The arena, main card, Pike across the chalk, the script in everyone's pocket but yours","background","","0,1,2,3","REMAP","3","/scenes/story/story-interlude-stormveil-village-70.webp","/scenes/story/story-stormveil-village-50-4.webp","Resolve this exact current story beat to retained, reviewed artwork."
"story-interlude-stormveil-village-70/page:8/The Third Exchange","src/data/story-interludes.ts:247","The arena, main card, Pike across the chalk, the script in everyone's pocket but yours","actor","Joren Pike","0,1,2,3","KEEP","5","/portraits/cinematic/storywide/joren-pike.webp?v=891202c8e","/portraits/cinematic/storywide/joren-pike.webp?v=891202c8e","Retain reviewed accurate artwork."
"story-interlude-stormveil-village-80/page:0/The Exiles' Stair","src/data/story-interludes.ts:258","A salt-eaten stair under the coast cliffs, Harrow with a shuttered lantern","background","","0,1,2,3","KEEP","5","/scenes/story/story-interlude-stormveil-village-80.webp","/scenes/story/story-interlude-stormveil-village-80.webp","Retain reviewed accurate artwork."
"story-interlude-stormveil-village-80/page:0/The Exiles' Stair","src/data/story-interludes.ts:258","A salt-eaten stair under the coast cliffs, Harrow with a shuttered lantern","actor","Kite Harrow","0,1,2,3","KEEP","5","/portraits/cinematic/kite-harrow.webp?v=891202c8e","/portraits/cinematic/kite-harrow.webp?v=891202c8e","Retain reviewed accurate artwork."
"story-interlude-stormveil-village-80/page:1/The Counter That Makes Offers","src/data/story-interludes.ts:263","The cistern ledge: a vast dark reserve, and a stone counter worn smooth by centuries of bargains","background","","0,1,2,3,4,5","REMAP","3","/scenes/story/cinematic/storywide/stormveil-sanctum.webp","/scenes/story/story-interlude-stormveil-village-80.webp","Resolve this exact current story beat to retained, reviewed artwork."
"story-interlude-stormveil-village-80/page:1/The Counter That Makes Offers","src/data/story-interludes.ts:263","The cistern ledge: a vast dark reserve, and a stone counter worn smooth by centuries of bargains","actor","Kite Harrow","0,1,2,3,4,5","KEEP","5","/portraits/cinematic/kite-harrow.webp?v=891202c8e","/portraits/cinematic/kite-harrow.webp?v=891202c8e","Retain reviewed accurate artwork."
"story-interlude-stormveil-village-80/page:2/The Standing Offer","src/data/story-interludes.ts:274","The cistern ledge, the counter lit over the dark water","background","","0,1,2,3,4","KEEP","5","/scenes/story/story-interlude-stormveil-village-80.webp","/scenes/story/story-interlude-stormveil-village-80.webp","Retain reviewed accurate artwork."
"story-interlude-stormveil-village-80/page:2/The Standing Offer","src/data/story-interludes.ts:274","The cistern ledge, the counter lit over the dark water","actor","Kite Harrow","0,1,2,3,4","KEEP","5","/portraits/cinematic/kite-harrow.webp?v=891202c8e","/portraits/cinematic/kite-harrow.webp?v=891202c8e","Retain reviewed accurate artwork."
"story-interlude-stormveil-village-88/page:0/The Ridge at Midnight","src/data/story-interludes.ts:286","The high ridge over the Low Terraces, cable drums and anchor stakes in the wind","background","","0,1,2,3,4,5","KEEP","5","/scenes/story/story-interlude-stormveil-village-88.webp","/scenes/story/story-interlude-stormveil-village-88.webp","Retain reviewed accurate artwork."
"story-interlude-stormveil-village-88/page:0/The Ridge at Midnight","src/data/story-interludes.ts:286","The high ridge over the Low Terraces, cable drums and anchor stakes in the wind","actor","Mira Volt","0,1,2,3,4,5","REMAP","1","/portraits/cinematic/storywide/mira-volt.webp?v=891202c8e","/portraits/cinematic/storywide/mira-volt-neutral.webp?v=891202c8e","Resolve this exact current story beat to retained, reviewed artwork."
"story-interlude-stormveil-village-88/page:1/Rigging in the Dark","src/data/story-interludes.ts:298","The spine cable going up, lanterns swinging, the Captain's guards hauling on ropes","background","","0,1,2,3","REMAP","3","/scenes/story/cinematic/storywide/stormveil-blackout.webp","/scenes/story/story-interlude-stormveil-village-88.webp","Resolve this exact current story beat to retained, reviewed artwork."
"story-interlude-stormveil-village-88/page:2/The First Raise","src/data/story-interludes.ts:303","The spine cable rising against the storm's first arm, everything singing","background","","0","REPLACE","3","/scenes/story/cinematic/storywide/stormveil-blackout.webp","/scenes/story/cinematic/storywide/stormveil-anchor-web-storm-v1.webp","Integrated reviewed replacement: stormWeb. See production.json for reference lock and production brief."
"story-interlude-stormveil-village-88/page:2/The First Raise","src/data/story-interludes.ts:303","The spine cable rising against the storm's first arm, everything singing","background","","1,2,3","VARIANT","3","/scenes/story/cinematic/storywide/stormveil-blackout.webp","/scenes/story/cinematic/storywide/stormveil-failed-splice-v1.webp","Integrated supported story-state variant: stormSpliceBroken. See production.json for reference lock and production brief."
"story-interlude-stormveil-village-88/page:3/Knots Under Torsion","src/data/story-interludes.ts:313","The third anchor, the two of you alone with the failed splice","background","","0,1,2,3","VARIANT","3","/scenes/story/cinematic/storywide/stormveil-blackout.webp","/scenes/story/cinematic/storywide/stormveil-failed-splice-v1.webp","Integrated supported story-state variant: stormSpliceBroken. See production.json for reference lock and production brief."
"story-interlude-stormveil-village-88/page:3/Knots Under Torsion","src/data/story-interludes.ts:313","The third anchor, the two of you alone with the failed splice","actor","Mira Volt","0,1,2,3","REMAP","1","/portraits/cinematic/storywide/mira-volt.webp?v=891202c8e","/portraits/cinematic/storywide/mira-volt-neutral.webp?v=891202c8e","Resolve this exact current story beat to retained, reviewed artwork."
"story-interlude-stormveil-village-88/page:4/The Line Holds","src/data/story-interludes.ts:321","The spine rising again, Kesa's splice at its heart, the storm arm arriving","background","","0,1,2,3","REPLACE","3","/scenes/story/cinematic/storywide/stormveil-blackout.webp","/scenes/story/cinematic/storywide/stormveil-anchor-web-storm-v1.webp","Integrated reviewed replacement: stormWeb. See production.json for reference lock and production brief."
"story-interlude-stormveil-village-88/page:5/The Count at Dawn","src/data/story-interludes.ts:329","First light over the Low Terraces, the Captain counting roofs with a spyglass","background","","0,1,2,3,4","VARIANT","3","/scenes/story/cinematic/storywide/stormveil-blackout.webp","/scenes/story/cinematic/storywide/stormveil-anchor-web-dawn-v1.webp","Integrated supported story-state variant: stormWebDawn. See production.json for reference lock and production brief."
"story-interlude-stormveil-village-88/page:5/The Count at Dawn","src/data/story-interludes.ts:329","First light over the Low Terraces, the Captain counting roofs with a spyglass","actor","Mira Volt","0,1,2,3,4","REMAP","1","/portraits/cinematic/storywide/mira-volt.webp?v=891202c8e","/portraits/cinematic/storywide/mira-volt-neutral.webp?v=891202c8e","Resolve this exact current story beat to retained, reviewed artwork."
"story-interlude-stormveil-village-88/page:6/The Reason and the Rigging","src/data/story-interludes.ts:340","The mast foot, the rescued slate laid against the cable drum","background","","0,1,2,3","VARIANT","3","/scenes/story/cinematic/storywide/stormveil-blackout.webp","/scenes/story/cinematic/storywide/stormveil-anchor-web-dawn-v1.webp","Integrated supported story-state variant: stormWebDawn. See production.json for reference lock and production brief."
"story-interlude-stormveil-village-88/page:6/The Reason and the Rigging","src/data/story-interludes.ts:340","The mast foot, the rescued slate laid against the cable drum","actor","Mira Volt","0,1,2,3","REMAP","1","/portraits/cinematic/storywide/mira-volt.webp?v=891202c8e","/portraits/cinematic/storywide/mira-volt-neutral.webp?v=891202c8e","Resolve this exact current story beat to retained, reviewed artwork."
"story-interlude-stormveil-village-88/page:7/You Hold the Sky","src/data/story-interludes.ts:354","The mast foot, Mira wrapping the slate in oilcloth with rigger's care","background","","0,1,2,3","VARIANT","3","/scenes/story/cinematic/storywide/stormveil-blackout.webp","/scenes/story/cinematic/storywide/stormveil-anchor-web-dawn-v1.webp","Integrated supported story-state variant: stormWebDawn. See production.json for reference lock and production brief."
"story-interlude-stormveil-village-88/page:7/You Hold the Sky","src/data/story-interludes.ts:354","The mast foot, Mira wrapping the slate in oilcloth with rigger's care","actor","Mira Volt","0,1,2,3","REMAP","1","/portraits/cinematic/storywide/mira-volt.webp?v=891202c8e","/portraits/cinematic/storywide/mira-volt-neutral.webp?v=891202c8e","Resolve this exact current story beat to retained, reviewed artwork."
"story-interlude-stormveil-village-88/page:8/Rigged, Not Argued","src/data/story-interludes.ts:362","The mast foot, the slate going into your kit, Mira watching","background","","0,1,2,3","VARIANT","3","/scenes/story/cinematic/storywide/stormveil-blackout.webp","/scenes/story/cinematic/storywide/stormveil-anchor-web-dawn-v1.webp","Integrated supported story-state variant: stormWebDawn. See production.json for reference lock and production brief."
"story-interlude-stormveil-village-88/page:8/Rigged, Not Argued","src/data/story-interludes.ts:362","The mast foot, the slate going into your kit, Mira watching","actor","Mira Volt","0,1,2,3","REMAP","1","/portraits/cinematic/storywide/mira-volt.webp?v=891202c8e","/portraits/cinematic/storywide/mira-volt-neutral.webp?v=891202c8e","Resolve this exact current story beat to retained, reviewed artwork."
"story-interlude-stormveil-village-88/page:9/The Dry Coil","src/data/story-interludes.ts:370","The first anchor, Mira feeding a new coil through the brake","background","","0,1,2","VARIANT","3","/scenes/story/cinematic/storywide/stormveil-blackout.webp","/scenes/story/cinematic/storywide/stormveil-anchor-web-dawn-v1.webp","Integrated supported story-state variant: stormWebDawn. See production.json for reference lock and production brief."
"story-interlude-stormveil-village-88/page:9/The Dry Coil","src/data/story-interludes.ts:370","The first anchor, Mira feeding a new coil through the brake","actor","Mira Volt","0,1,2","REMAP","1","/portraits/cinematic/storywide/mira-volt.webp?v=891202c8e","/portraits/cinematic/storywide/mira-volt-neutral.webp?v=891202c8e","Resolve this exact current story beat to retained, reviewed artwork."
"story-interlude-stormveil-village-88/page:10/The Low-Road Rail","src/data/story-interludes.ts:377","The first anchor, picker-road flowers tied below its drum","background","","0,1,2","VARIANT","3","/scenes/story/cinematic/storywide/stormveil-blackout.webp","/scenes/story/cinematic/storywide/stormveil-anchor-web-dawn-v1.webp","Integrated supported story-state variant: stormWebDawn. See production.json for reference lock and production brief."
"story-interlude-stormveil-village-88/page:10/The Low-Road Rail","src/data/story-interludes.ts:377","The first anchor, picker-road flowers tied below its drum","actor","Mira Volt","0,1,2","REMAP","1","/portraits/cinematic/storywide/mira-volt.webp?v=891202c8e","/portraits/cinematic/storywide/mira-volt-neutral.webp?v=891202c8e","Resolve this exact current story beat to retained, reviewed artwork."
"story-interlude-stormveil-village-88/page:11/Chalk on the Cable Drum","src/data/story-interludes.ts:384","Full morning on the ridge, the web humming gently over the district","background","","0,1,2,3","VARIANT","3","/scenes/story/story-interlude-stormveil-village-88.webp","/scenes/story/cinematic/storywide/stormveil-anchor-web-dawn-v1.webp","Integrated supported story-state variant: stormWebDawn. See production.json for reference lock and production brief."
"story-interlude-stormveil-village-92/page:0/The Coast Road","src/data/story-interludes.ts:395","The coast road at dawn, the tower ahead, figures waiting at the switchbacks","background","","0,1,2,3","KEEP","5","/scenes/story/story-interlude-stormveil-village-92.webp","/scenes/story/story-interlude-stormveil-village-92.webp","Retain reviewed accurate artwork."
"story-interlude-stormveil-village-92/page:1/Openly","src/data/story-interludes.ts:400","The third switchback, Mira standing in full view, no hood, no exit checked","background","","0,1,2,3","REMAP","3","/scenes/story/cinematic/storywide/stormveil-civic.webp","/scenes/story/story-interlude-stormveil-village-92.webp","Resolve this exact current story beat to retained, reviewed artwork."
"story-interlude-stormveil-village-92/page:1/Openly","src/data/story-interludes.ts:400","The third switchback, Mira standing in full view, no hood, no exit checked","actor","Mira Volt","0,1,2,3","KEEP","5","/portraits/cinematic/storywide/mira-volt-neutral.webp?v=891202c8e","/portraits/cinematic/storywide/mira-volt-neutral.webp?v=891202c8e","Retain reviewed accurate artwork."
"story-interlude-stormveil-village-92/page:2/Her Blood Carries Her","src/data/story-interludes.ts:410","The switchback, Mira with the oilcloth bundle bound across her back like rigging","background","","0,1,2,3","REMAP","3","/scenes/story/cinematic/storywide/stormveil-civic.webp","/scenes/story/story-interlude-stormveil-village-92.webp","Resolve this exact current story beat to retained, reviewed artwork."
"story-interlude-stormveil-village-92/page:2/Her Blood Carries Her","src/data/story-interludes.ts:410","The switchback, Mira with the oilcloth bundle bound across her back like rigging","actor","Mira Volt","0,1,2,3","KEEP","5","/portraits/cinematic/storywide/mira-volt-neutral.webp?v=891202c8e","/portraits/cinematic/storywide/mira-volt-neutral.webp?v=891202c8e","Retain reviewed accurate artwork."
"story-interlude-stormveil-village-92/page:3/The Web From Above","src/data/story-interludes.ts:418","The cliff overlook, the district and its anchor web small and whole below","background","","0,1,2,3","VARIANT","3","/scenes/story/cinematic/storywide/stormveil-blackout.webp","/scenes/story/cinematic/storywide/stormveil-anchor-web-dawn-v1.webp","Integrated supported story-state variant: stormWebDawn. See production.json for reference lock and production brief."
"story-interlude-stormveil-village-92/page:3/The Web From Above","src/data/story-interludes.ts:418","The cliff overlook, the district and its anchor web small and whole below","actor","Mira Volt","0,1,2,3","REMAP","1","/portraits/cinematic/storywide/mira-volt.webp?v=891202c8e","/portraits/cinematic/storywide/mira-volt-neutral.webp?v=891202c8e","Resolve this exact current story beat to retained, reviewed artwork."
"story-interlude-stormveil-village-92/page:4/The Bookmaker's Books","src/data/story-interludes.ts:426","The last switchback, Vanta waiting with a strongbox of ledgers on a cart","background","","0,1,2,3","REMAP","3","/scenes/story/cinematic/storywide/stormveil-blackout.webp","/scenes/story/story-interlude-stormveil-village-92.webp","Resolve this exact current story beat to retained, reviewed artwork."
"story-interlude-stormveil-village-92/page:4/The Bookmaker's Books","src/data/story-interludes.ts:426","The last switchback, Vanta waiting with a strongbox of ledgers on a cart","actor","Elder Vanta","0,1,2,3","KEEP","5","/portraits/cinematic/storywide/elder-vanta.webp?v=891202c8e","/portraits/cinematic/storywide/elder-vanta.webp?v=891202c8e","Retain reviewed accurate artwork."
"story-interlude-stormveil-village-92/page:5/The Storm Log","src/data/story-interludes.ts:436","The switchback, the log open across the strongbox","background","","0,1,2,3","REMAP","3","/scenes/story/cinematic/storywide/stormveil-blackout.webp","/scenes/story/story-interlude-stormveil-village-92.webp","Resolve this exact current story beat to retained, reviewed artwork."
"story-interlude-stormveil-village-92/page:5/The Storm Log","src/data/story-interludes.ts:436","The switchback, the log open across the strongbox","actor","Elder Vanta","0,1,2,3","KEEP","5","/portraits/cinematic/storywide/elder-vanta.webp?v=891202c8e","/portraits/cinematic/storywide/elder-vanta.webp?v=891202c8e","Retain reviewed accurate artwork."
"story-interlude-stormveil-village-92/page:6/The Name on the Mast","src/data/story-interludes.ts:444","The switchback, the spyglass passed hand to hand","background","","0,1,2,3","REMAP","3","/scenes/story/cinematic/storywide/stormveil-civic.webp","/scenes/story/story-interlude-stormveil-village-92.webp","Resolve this exact current story beat to retained, reviewed artwork."
"story-interlude-stormveil-village-92/page:6/The Name on the Mast","src/data/story-interludes.ts:444","The switchback, the spyglass passed hand to hand","actor","Elder Vanta","0,1,2,3","KEEP","5","/portraits/cinematic/storywide/elder-vanta.webp?v=891202c8e","/portraits/cinematic/storywide/elder-vanta.webp?v=891202c8e","Retain reviewed accurate artwork."
"story-interlude-stormveil-village-92/page:7/The Fourth Figure","src/data/story-interludes.ts:452","The tower gate's shadow, an odds-runner waiting alone, chalk behind her ear, no slate","background","","0,1,2,3","REMAP","3","/scenes/story/cinematic/storywide/stormveil-civic.webp","/scenes/story/story-interlude-stormveil-village-92.webp","Resolve this exact current story beat to retained, reviewed artwork."
"story-interlude-stormveil-village-92/page:8/The Village on the Hill","src/data/story-interludes.ts:460","The tower gate, the crowd on every switchback below, wind steady","background","","0,1,2,3","KEEP","5","/scenes/story/story-interlude-stormveil-village-92.webp","/scenes/story/story-interlude-stormveil-village-92.webp","Retain reviewed accurate artwork."
"story-interlude-stormveil-village-92/page:8/The Village on the Hill","src/data/story-interludes.ts:460","The tower gate, the crowd on every switchback below, wind steady","actor","Mira Volt","0,1,2,3","KEEP","5","/portraits/cinematic/storywide/mira-volt-neutral.webp?v=891202c8e","/portraits/cinematic/storywide/mira-volt-neutral.webp?v=891202c8e","Retain reviewed accurate artwork."
"story-interlude-ashen-leaf-village-20/page:0/The Appraiser","src/data/story-interludes.ts:473","The register annex, a stranger at the wall","background","","0,1,2,3","KEEP","5","/scenes/story/cinematic/ashen-register-annex.webp","/scenes/story/cinematic/ashen-register-annex.webp","Retain reviewed accurate artwork."
"story-interlude-ashen-leaf-village-20/page:0/The Appraiser","src/data/story-interludes.ts:473","The register annex, a stranger at the wall","actor","Toma Reed","0,1,2,3","KEEP","5","/portraits/cinematic/toma-reed.webp?v=891202c8e","/portraits/cinematic/toma-reed.webp?v=891202c8e","Retain reviewed accurate artwork."
"story-interlude-ashen-leaf-village-20/page:1/Kite Harrow","src/data/story-interludes.ts:77","The annex wall, charts spread","background","","0,1,2","KEEP","5","/scenes/story/cinematic/ashen-register-annex.webp","/scenes/story/cinematic/ashen-register-annex.webp","Retain reviewed accurate artwork."
"story-interlude-ashen-leaf-village-20/page:1/Kite Harrow","src/data/story-interludes.ts:77","The annex wall, charts spread","actor","Kite Harrow","0,1,2,3,4","KEEP","5","/portraits/cinematic/kite-harrow.webp?v=891202c8e","/portraits/cinematic/kite-harrow.webp?v=891202c8e","Retain reviewed accurate artwork."
"story-interlude-ashen-leaf-village-20/page:1/Kite Harrow","src/data/story-interludes.ts:77","The annex wall, charts spread","background","","3,4","KEEP","5","/scenes/story/cinematic/ashen-annex-charts.webp","/scenes/story/cinematic/ashen-annex-charts.webp","Retain reviewed accurate artwork."
"story-interlude-ashen-leaf-village-20/page:2/The Refund","src/data/story-interludes.ts:489","The annex steps","background","","0,1,2,3","KEEP","5","/scenes/story/cinematic/ashen-annex-steps.webp","/scenes/story/cinematic/ashen-annex-steps.webp","Retain reviewed accurate artwork."
"story-interlude-ashen-leaf-village-20/page:2/The Refund","src/data/story-interludes.ts:489","The annex steps","actor","Kite Harrow","0,1,2,3","KEEP","5","/portraits/cinematic/kite-harrow.webp?v=891202c8e","/portraits/cinematic/kite-harrow.webp?v=891202c8e","Retain reviewed accurate artwork."
"story-interlude-ashen-leaf-village-30/page:0/The Joiner's Bench","src/data/story-interludes.ts:500","Toma's family workshop, sawdust in the lamplight","background","","0,1,2,3,4","REMAP","3","/scenes/story/story-interlude-ashen-leaf-village-30.webp","/scenes/story/cinematic/storywide/ashen-intimate.webp","Resolve this exact current story beat to retained, reviewed artwork."
"story-interlude-ashen-leaf-village-30/page:0/The Joiner's Bench","src/data/story-interludes.ts:500","Toma's family workshop, sawdust in the lamplight","actor","Toma Reed","0,1,2,3,4","KEEP","5","/portraits/cinematic/toma-reed.webp?v=891202c8e","/portraits/cinematic/toma-reed.webp?v=891202c8e","Retain reviewed accurate artwork."
"story-interlude-ashen-leaf-village-30/page:1/The Letter","src/data/story-interludes.ts:506","A floor board up, oilcloth unwrapped","background","","0,1,2,3","KEEP","5","/scenes/story/cinematic/storywide/ashen-intimate.webp","/scenes/story/cinematic/storywide/ashen-intimate.webp","Retain reviewed accurate artwork."
"story-interlude-ashen-leaf-village-30/page:1/The Letter","src/data/story-interludes.ts:506","A floor board up, oilcloth unwrapped","actor","Toma Reed","0,1,2,3","KEEP","5","/portraits/cinematic/toma-reed.webp?v=891202c8e","/portraits/cinematic/toma-reed.webp?v=891202c8e","Retain reviewed accurate artwork."
"story-interlude-ashen-leaf-village-30/page:2/What He Was Becoming","src/data/story-interludes.ts:511","The bench, the letter between you","background","","0,1,2,3","REMAP","3","/scenes/story/story-interlude-ashen-leaf-village-30.webp","/scenes/story/cinematic/storywide/ashen-intimate.webp","Resolve this exact current story beat to retained, reviewed artwork."
"story-interlude-ashen-leaf-village-30/page:2/What He Was Becoming","src/data/story-interludes.ts:511","The bench, the letter between you","actor","Toma Reed","0,1,2,3","KEEP","5","/portraits/cinematic/toma-reed.webp?v=891202c8e","/portraits/cinematic/toma-reed.webp?v=891202c8e","Retain reviewed accurate artwork."
"story-interlude-ashen-leaf-village-42/page:0/Tea at the Reeds'","src/data/story-interludes.ts:522","Ash-house row, Toma's family door","background","","0,1,2,3","KEEP","5","/scenes/story/story-interlude-ashen-leaf-village-42.webp","/scenes/story/story-interlude-ashen-leaf-village-42.webp","Retain reviewed accurate artwork."
"story-interlude-ashen-leaf-village-42/page:0/Tea at the Reeds'","src/data/story-interludes.ts:522","Ash-house row, Toma's family door","actor","Toma Reed","0,1,2,3","KEEP","5","/portraits/cinematic/toma-reed.webp?v=891202c8e","/portraits/cinematic/toma-reed.webp?v=891202c8e","Retain reviewed accurate artwork."
"story-interlude-ashen-leaf-village-42/page:1/Sera Reed","src/data/story-interludes.ts:530","The Reed kitchen, tea and a proud wall","background","","0,1,2,3","REPLACE","3","/scenes/story/cinematic/storywide/ashen-intimate.webp","/scenes/story/cinematic/storywide/ashen-reed-kitchen-v1.webp","Integrated reviewed replacement: reedKitchen. See production.json for reference lock and production brief."
"story-interlude-ashen-leaf-village-42/page:1/Sera Reed","src/data/story-interludes.ts:530","The Reed kitchen, tea and a proud wall","actor","Sera Reed","0,1,2,3","KEEP","5","/portraits/cinematic/storywide/sera-reed.webp?v=891202c8e","/portraits/cinematic/storywide/sera-reed.webp?v=891202c8e","Retain reviewed accurate artwork."
"story-interlude-ashen-leaf-village-42/page:2/The Painted Wall","src/data/story-interludes.ts:535","The workshop, ghost outlines behind the bench","background","","0,1,2,3","REPLACE","3","/scenes/story/cinematic/storywide/ashen-intimate.webp","/scenes/story/cinematic/storywide/ashen-painted-tool-wall-v1.webp","Integrated reviewed replacement: reedWall. See production.json for reference lock and production brief."
"story-interlude-ashen-leaf-village-42/page:3/The Edit Holds","src/data/story-interludes.ts:544","The kitchen, album open","background","","0,1,2,3","REPLACE","3","/scenes/story/cinematic/storywide/ashen-intimate.webp","/scenes/story/cinematic/storywide/ashen-reed-kitchen-v1.webp","Integrated reviewed replacement: reedKitchen. See production.json for reference lock and production brief."
"story-interlude-ashen-leaf-village-42/page:3/The Edit Holds","src/data/story-interludes.ts:544","The kitchen, album open","actor","Sera Reed","0,1,2,3","KEEP","5","/portraits/cinematic/storywide/sera-reed.webp?v=891202c8e","/portraits/cinematic/storywide/sera-reed.webp?v=891202c8e","Retain reviewed accurate artwork."
"story-interlude-ashen-leaf-village-42/page:4/The Dish Towel","src/data/story-interludes.ts:552","The Reed kitchen after tea, cups waiting by the basin","background","","0,1,2,3","REPLACE","3","/scenes/story/cinematic/storywide/ashen-intimate.webp","/scenes/story/cinematic/storywide/ashen-reed-kitchen-v1.webp","Integrated reviewed replacement: reedKitchen. See production.json for reference lock and production brief."
"story-interlude-ashen-leaf-village-42/page:4/The Dish Towel","src/data/story-interludes.ts:552","The Reed kitchen after tea, cups waiting by the basin","actor","Toma Reed","0,1,2,3","KEEP","5","/portraits/cinematic/toma-reed.webp?v=891202c8e","/portraits/cinematic/toma-reed.webp?v=891202c8e","Retain reviewed accurate artwork."
"story-interlude-ashen-leaf-village-42/page:5/Leaving Warm","src/data/story-interludes.ts:557","The row at dusk, Toma silent beside you","background","","0,1,2,3","KEEP","5","/scenes/story/story-interlude-ashen-leaf-village-42.webp","/scenes/story/story-interlude-ashen-leaf-village-42.webp","Retain reviewed accurate artwork."
"story-interlude-ashen-leaf-village-42/page:5/Leaving Warm","src/data/story-interludes.ts:557","The row at dusk, Toma silent beside you","actor","Toma Reed","0,1,2,3","KEEP","5","/portraits/cinematic/toma-reed.webp?v=891202c8e","/portraits/cinematic/toma-reed.webp?v=891202c8e","Retain reviewed accurate artwork."
"story-interlude-ashen-leaf-village-58/page:0/The Bloom Charts","src/data/story-interludes.ts:568","Mori's study, forty years of charts","background","","0,1,2,3","REMAP","3","/scenes/story/story-interlude-ashen-leaf-village-58.webp","/scenes/story/cinematic/ashen-annex-charts.webp","Resolve this exact current story beat to retained, reviewed artwork."
"story-interlude-ashen-leaf-village-58/page:0/The Bloom Charts","src/data/story-interludes.ts:568","Mori's study, forty years of charts","actor","Elder Mori","0,1,2,3","KEEP","5","/portraits/cinematic/elder-mori.webp?v=891202c8e","/portraits/cinematic/elder-mori.webp?v=891202c8e","Retain reviewed accurate artwork."
"story-interlude-ashen-leaf-village-58/page:1/The Pattern","src/data/story-interludes.ts:577","The study, charts under lamplight","background","","0,1,2,3","REMAP","3","/scenes/story/cinematic/storywide/ashen-ashfall.webp","/scenes/story/cinematic/ashen-annex-charts.webp","Resolve this exact current story beat to retained, reviewed artwork."
"story-interlude-ashen-leaf-village-58/page:2/Plainly, Then","src/data/story-interludes.ts:166","The study","background","","0,1,2,3","REMAP","3","/scenes/story/cinematic/storywide/ashen-intimate.webp","/scenes/story/cinematic/ashen-annex-charts.webp","Resolve this exact current story beat to retained, reviewed artwork."
"story-interlude-ashen-leaf-village-58/page:2/Plainly, Then","src/data/story-interludes.ts:166","The study","actor","Elder Mori","0,1,2,3","KEEP","5","/portraits/cinematic/elder-mori.webp?v=891202c8e","/portraits/cinematic/elder-mori.webp?v=891202c8e","Retain reviewed accurate artwork."
"story-interlude-ashen-leaf-village-58/page:3/The Heaviest Thing He Owns","src/data/story-interludes.ts:593","The study, tea going cold","background","","0,1,2,3","REMAP","3","/scenes/story/story-interlude-ashen-leaf-village-58.webp","/scenes/story/cinematic/ashen-annex-charts.webp","Resolve this exact current story beat to retained, reviewed artwork."
"story-interlude-ashen-leaf-village-58/page:3/The Heaviest Thing He Owns","src/data/story-interludes.ts:593","The study, tea going cold","actor","Elder Mori","0,1,2,3","KEEP","5","/portraits/cinematic/elder-mori.webp?v=891202c8e","/portraits/cinematic/elder-mori.webp?v=891202c8e","Retain reviewed accurate artwork."
"story-interlude-ashen-leaf-village-70/page:0/Your Survey","src/data/story-interludes.ts:604","The register annex, your name on the day's list","background","","0,1,2,3","REMAP","3","/scenes/story/story-interlude-ashen-leaf-village-70.webp","/scenes/story/cinematic/ashen-register-wall.webp","Resolve this exact current story beat to retained, reviewed artwork."
"story-interlude-ashen-leaf-village-70/page:0/Your Survey","src/data/story-interludes.ts:604","The register annex, your name on the day's list","actor","Registry Duty Clerk","0,1,2,3","KEEP","5","/portraits/cinematic/registry-duty-clerk.webp?v=891202c8e","/portraits/cinematic/registry-duty-clerk.webp?v=891202c8e","Retain reviewed accurate artwork."
"story-interlude-ashen-leaf-village-70/page:1/The Old Scar","src/data/story-interludes.ts:609","Your slat, under the good lamp","background","","0,1,2,3,4","REMAP","3","/scenes/story/cinematic/storywide/ashen-sanctum.webp","/scenes/story/cinematic/ashen-register-wall.webp","Resolve this exact current story beat to retained, reviewed artwork."
"story-interlude-ashen-leaf-village-70/page:2/The Wounded Answer","src/data/story-interludes.ts:623","Your line, under the lamp","background","","0,1,2","REMAP","3","/scenes/story/cinematic/storywide/ashen-sanctum.webp","/scenes/story/cinematic/ashen-register-wall.webp","Resolve this exact current story beat to retained, reviewed artwork."
"story-interlude-ashen-leaf-village-70/page:3/The Wounded Answer","src/data/story-interludes.ts:623","Your line, under the lamp","background","","0,1,2","REMAP","3","/scenes/story/cinematic/storywide/ashen-sanctum.webp","/scenes/story/cinematic/ashen-register-wall.webp","Resolve this exact current story beat to retained, reviewed artwork."
"story-interlude-ashen-leaf-village-70/page:4/The Wounded Answer","src/data/story-interludes.ts:623","Your line, under the lamp","background","","0,1,2","REMAP","3","/scenes/story/cinematic/storywide/ashen-sanctum.webp","/scenes/story/cinematic/ashen-register-wall.webp","Resolve this exact current story beat to retained, reviewed artwork."
"story-interlude-ashen-leaf-village-70/page:5/The Wounded Answer","src/data/story-interludes.ts:623","Your line, under the lamp","background","","0,1,2","REMAP","3","/scenes/story/cinematic/storywide/ashen-sanctum.webp","/scenes/story/cinematic/ashen-register-wall.webp","Resolve this exact current story beat to retained, reviewed artwork."
"story-interlude-ashen-leaf-village-70/page:6/The Wounded Answer","src/data/story-interludes.ts:623","Your line, under the lamp","background","","0,1,2","REMAP","3","/scenes/story/cinematic/storywide/ashen-civic.webp","/scenes/story/cinematic/ashen-register-wall.webp","Resolve this exact current story beat to retained, reviewed artwork."
"story-interlude-ashen-leaf-village-70/page:7/What Mori Sees","src/data/story-interludes.ts:658","The annex, Mori summoned, door barred","background","","0,1,2,3","REMAP","3","/scenes/story/cinematic/storywide/ashen-civic.webp","/scenes/story/cinematic/ashen-register-wall.webp","Resolve this exact current story beat to retained, reviewed artwork."
"story-interlude-ashen-leaf-village-70/page:7/What Mori Sees","src/data/story-interludes.ts:658","The annex, Mori summoned, door barred","actor","Elder Mori","0,1,2,3","KEEP","5","/portraits/cinematic/elder-mori.webp?v=891202c8e","/portraits/cinematic/elder-mori.webp?v=891202c8e","Retain reviewed accurate artwork."
"story-interlude-ashen-leaf-village-70/page:8/Pending","src/data/story-interludes.ts:666","The annex, your slat on the table between three people","background","","0,1,2,3","REMAP","3","/scenes/story/story-interlude-ashen-leaf-village-70.webp","/scenes/story/cinematic/ashen-register-wall.webp","Resolve this exact current story beat to retained, reviewed artwork."
"story-interlude-ashen-leaf-village-70/page:8/Pending","src/data/story-interludes.ts:666","The annex, your slat on the table between three people","actor","Registry Duty Clerk","0,1,2,3","KEEP","5","/portraits/cinematic/registry-duty-clerk.webp?v=891202c8e","/portraits/cinematic/registry-duty-clerk.webp?v=891202c8e","Retain reviewed accurate artwork."
"story-interlude-ashen-leaf-village-80/page:0/The Buyer's Terms","src/data/story-interludes.ts:677","The orchard gate at dusk, Harrow waiting","background","","0,1,2,3","KEEP","5","/scenes/story/story-interlude-ashen-leaf-village-80.webp","/scenes/story/story-interlude-ashen-leaf-village-80.webp","Retain reviewed accurate artwork."
"story-interlude-ashen-leaf-village-80/page:0/The Buyer's Terms","src/data/story-interludes.ts:677","The orchard gate at dusk, Harrow waiting","actor","Kite Harrow","0,1,2,3","KEEP","5","/portraits/cinematic/kite-harrow.webp?v=891202c8e","/portraits/cinematic/kite-harrow.webp?v=891202c8e","Retain reviewed accurate artwork."
"story-interlude-ashen-leaf-village-80/page:1/The Bud","src/data/story-interludes.ts:682","The orchard wall, her charts under her arm","background","","0,1,2,3","REMAP","3","/scenes/story/cinematic/storywide/ashen-threshold.webp","/scenes/story/story-interlude-ashen-leaf-village-80.webp","Resolve this exact current story beat to retained, reviewed artwork."
"story-interlude-ashen-leaf-village-80/page:1/The Bud","src/data/story-interludes.ts:682","The orchard wall, her charts under her arm","actor","Kite Harrow","0,1,2,3","KEEP","5","/portraits/cinematic/kite-harrow.webp?v=891202c8e","/portraits/cinematic/kite-harrow.webp?v=891202c8e","Retain reviewed accurate artwork."
"story-interlude-ashen-leaf-village-80/page:2/The Pipe Under the Hearth","src/data/story-interludes.ts:691","The orchard wall, a copied schematic held up against the dusk","background","","0,1,2","REMAP","3","/scenes/story/cinematic/storywide/ashen-sanctum.webp","/scenes/story/story-interlude-ashen-leaf-village-80.webp","Resolve this exact current story beat to retained, reviewed artwork."
"story-interlude-ashen-leaf-village-80/page:2/The Pipe Under the Hearth","src/data/story-interludes.ts:691","The orchard wall, a copied schematic held up against the dusk","actor","Kite Harrow","0,1,2","KEEP","5","/portraits/cinematic/kite-harrow.webp?v=891202c8e","/portraits/cinematic/kite-harrow.webp?v=891202c8e","Retain reviewed accurate artwork."
"story-interlude-ashen-leaf-village-80/page:3/Four Lines, One Drain","src/data/story-interludes.ts:698","The orchard gate, lanterns coming on, the schematic folded away","background","","0,1,2,3,4","REMAP","3","/scenes/story/cinematic/storywide/ashen-sanctum.webp","/scenes/story/story-interlude-ashen-leaf-village-80.webp","Resolve this exact current story beat to retained, reviewed artwork."
"story-interlude-ashen-leaf-village-80/page:3/Four Lines, One Drain","src/data/story-interludes.ts:698","The orchard gate, lanterns coming on, the schematic folded away","actor","Kite Harrow","0,1,2,3,4","KEEP","5","/portraits/cinematic/kite-harrow.webp?v=891202c8e","/portraits/cinematic/kite-harrow.webp?v=891202c8e","Retain reviewed accurate artwork."
"story-interlude-ashen-leaf-village-80/page:4/What Harrow Holds","src/data/story-interludes.ts:707","The orchard gate, lanterns coming on","background","","0,1,2,3","KEEP","5","/scenes/story/story-interlude-ashen-leaf-village-80.webp","/scenes/story/story-interlude-ashen-leaf-village-80.webp","Retain reviewed accurate artwork."
"story-interlude-ashen-leaf-village-80/page:4/What Harrow Holds","src/data/story-interludes.ts:707","The orchard gate, lanterns coming on","actor","Kite Harrow","0,1,2,3","KEEP","5","/portraits/cinematic/kite-harrow.webp?v=891202c8e","/portraits/cinematic/kite-harrow.webp?v=891202c8e","Retain reviewed accurate artwork."
"story-interlude-ashen-leaf-village-88/page:0/The East Channel","src/data/story-interludes.ts:718","The east terrace channel at night, lamplight on low water","background","","0,1,2,3,4","VARIANT","3","/scenes/story/story-interlude-ashen-leaf-village-88.webp","/scenes/story/cinematic/storywide/ashen-east-channel-night-v1.webp","Integrated supported story-state variant: ashenChannelNight. See production.json for reference lock and production brief."
"story-interlude-ashen-leaf-village-88/page:0/The East Channel","src/data/story-interludes.ts:718","The east terrace channel at night, lamplight on low water","actor","Toma Reed","0,1,2,3,4","KEEP","5","/portraits/cinematic/toma-reed.webp?v=891202c8e","/portraits/cinematic/toma-reed.webp?v=891202c8e","Retain reviewed accurate artwork."
"story-interlude-ashen-leaf-village-88/page:1/Hands Remember","src/data/story-interludes.ts:729","Jorun planing a housing board by lamplight","background","","0,1,2,3","VARIANT","3","/scenes/story/cinematic/storywide/ashen-threshold.webp","/scenes/story/cinematic/storywide/ashen-east-channel-night-v1.webp","Integrated supported story-state variant: ashenChannelNight. See production.json for reference lock and production brief."
"story-interlude-ashen-leaf-village-88/page:2/The First Turn","src/data/story-interludes.ts:734","The screw lowered into the channel, rope taut","background","","0","VARIANT","3","/scenes/story/cinematic/storywide/ashen-intimate.webp","/scenes/story/cinematic/storywide/ashen-east-channel-night-v1.webp","Integrated supported story-state variant: ashenChannelNight. See production.json for reference lock and production brief."
"story-interlude-ashen-leaf-village-88/page:2/The First Turn","src/data/story-interludes.ts:734","The screw lowered into the channel, rope taut","background","","1,2,3","VARIANT","3","/scenes/story/cinematic/storywide/ashen-intimate.webp","/scenes/story/cinematic/storywide/ashen-split-vane-v1.webp","Integrated supported story-state variant: ashenVaneBroken. See production.json for reference lock and production brief."
"story-interlude-ashen-leaf-village-88/page:3/Trust Catches Up","src/data/story-interludes.ts:744","The channel bank, the lamp between you","background","","0,1,2,3","VARIANT","3","/scenes/story/cinematic/storywide/ashen-threshold.webp","/scenes/story/cinematic/storywide/ashen-split-vane-v1.webp","Integrated supported story-state variant: ashenVaneBroken. See production.json for reference lock and production brief."
"story-interlude-ashen-leaf-village-88/page:3/Trust Catches Up","src/data/story-interludes.ts:744","The channel bank, the lamp between you","actor","Toma Reed","0,1,2,3","KEEP","5","/portraits/cinematic/toma-reed.webp?v=891202c8e","/portraits/cinematic/toma-reed.webp?v=891202c8e","Retain reviewed accurate artwork."
"story-interlude-ashen-leaf-village-88/page:4/The Water Climbs","src/data/story-interludes.ts:752","The screw turning, water rising up the flights","background","","0,1,2,3","VARIANT","3","/scenes/story/cinematic/storywide/ashen-intimate.webp","/scenes/story/cinematic/storywide/ashen-east-channel-working-v1.webp","Integrated supported story-state variant: ashenChannelWorking. See production.json for reference lock and production brief."
"story-interlude-ashen-leaf-village-88/page:5/The Number","src/data/story-interludes.ts:760","Wet chalk figures on a channel stone","background","","0,1,2,3","VARIANT","3","/scenes/story/cinematic/storywide/ashen-ashfall.webp","/scenes/story/cinematic/storywide/ashen-east-channel-working-v1.webp","Integrated supported story-state variant: ashenChannelWorking. See production.json for reference lock and production brief."
"story-interlude-ashen-leaf-village-88/page:5/The Number","src/data/story-interludes.ts:760","Wet chalk figures on a channel stone","actor","Toma Reed","0,1,2,3","KEEP","5","/portraits/cinematic/toma-reed.webp?v=891202c8e","/portraits/cinematic/toma-reed.webp?v=891202c8e","Retain reviewed accurate artwork."
"story-interlude-ashen-leaf-village-88/page:6/The Model and the Machine","src/data/story-interludes.ts:769","The little model turning beside its full-grown self","background","","0,1,2,3","VARIANT","3","/scenes/story/cinematic/storywide/ashen-aftermath.webp","/scenes/story/cinematic/storywide/ashen-east-channel-working-v1.webp","Integrated supported story-state variant: ashenChannelWorking. See production.json for reference lock and production brief."
"story-interlude-ashen-leaf-village-88/page:6/The Model and the Machine","src/data/story-interludes.ts:769","The little model turning beside its full-grown self","actor","Toma Reed","0,1,2,3","KEEP","5","/portraits/cinematic/toma-reed.webp?v=891202c8e","/portraits/cinematic/toma-reed.webp?v=891202c8e","Retain reviewed accurate artwork."
"story-interlude-ashen-leaf-village-88/page:7/You Carry the Door","src/data/story-interludes.ts:783","The channel bank, Toma holding the model","background","","0,1,2,3","VARIANT","3","/scenes/story/cinematic/storywide/ashen-civic.webp","/scenes/story/cinematic/storywide/ashen-east-channel-working-v1.webp","Integrated supported story-state variant: ashenChannelWorking. See production.json for reference lock and production brief."
"story-interlude-ashen-leaf-village-88/page:7/You Carry the Door","src/data/story-interludes.ts:783","The channel bank, Toma holding the model","actor","Toma Reed","0,1,2,3","KEEP","5","/portraits/cinematic/toma-reed.webp?v=891202c8e","/portraits/cinematic/toma-reed.webp?v=891202c8e","Retain reviewed accurate artwork."
"story-interlude-ashen-leaf-village-88/page:8/Grateful Is Not Ready","src/data/story-interludes.ts:791","The channel bank, the model still in your own hands","background","","0,1,2","VARIANT","3","/scenes/story/cinematic/storywide/ashen-civic.webp","/scenes/story/cinematic/storywide/ashen-east-channel-working-v1.webp","Integrated supported story-state variant: ashenChannelWorking. See production.json for reference lock and production brief."
"story-interlude-ashen-leaf-village-88/page:8/Grateful Is Not Ready","src/data/story-interludes.ts:791","The channel bank, the model still in your own hands","actor","Toma Reed","0,1,2","KEEP","5","/portraits/cinematic/toma-reed.webp?v=891202c8e","/portraits/cinematic/toma-reed.webp?v=891202c8e","Retain reviewed accurate artwork."
"story-interlude-ashen-leaf-village-88/page:9/The Wider Wedge","src/data/story-interludes.ts:798","The channel bank, Toma sorting wet wedges beside the frame","background","","0,1,2","VARIANT","3","/scenes/story/cinematic/storywide/ashen-aftermath.webp","/scenes/story/cinematic/storywide/ashen-east-channel-working-v1.webp","Integrated supported story-state variant: ashenChannelWorking. See production.json for reference lock and production brief."
"story-interlude-ashen-leaf-village-88/page:9/The Wider Wedge","src/data/story-interludes.ts:798","The channel bank, Toma sorting wet wedges beside the frame","actor","Toma Reed","0,1,2","KEEP","5","/portraits/cinematic/toma-reed.webp?v=891202c8e","/portraits/cinematic/toma-reed.webp?v=891202c8e","Retain reviewed accurate artwork."
"story-interlude-ashen-leaf-village-88/page:10/The Extra Lamp","src/data/story-interludes.ts:805","The channel bank, two lamps beside Toma's clamp bag","background","","0,1,2","VARIANT","3","/scenes/story/cinematic/storywide/ashen-intimate.webp","/scenes/story/cinematic/storywide/ashen-east-channel-working-v1.webp","Integrated supported story-state variant: ashenChannelWorking. See production.json for reference lock and production brief."
"story-interlude-ashen-leaf-village-88/page:10/The Extra Lamp","src/data/story-interludes.ts:805","The channel bank, two lamps beside Toma's clamp bag","actor","Toma Reed","0,1,2","KEEP","5","/portraits/cinematic/toma-reed.webp?v=891202c8e","/portraits/cinematic/toma-reed.webp?v=891202c8e","Retain reviewed accurate artwork."
"story-interlude-ashen-leaf-village-88/page:11/The Water Keeps Climbing","src/data/story-interludes.ts:812","First gray light, the water still climbing","background","","0,1,2,3","VARIANT","3","/scenes/story/story-interlude-ashen-leaf-village-88.webp","/scenes/story/cinematic/storywide/ashen-east-channel-dawn-v1.webp","Integrated supported story-state variant: ashenChannelDawn. See production.json for reference lock and production brief."
"story-interlude-ashen-leaf-village-92/page:0/The Last Road","src/data/story-interludes.ts:823","The kiln road at dawn, three figures waiting","background","","0,1,2","KEEP","5","/scenes/story/story-interlude-ashen-leaf-village-92.webp","/scenes/story/story-interlude-ashen-leaf-village-92.webp","Retain reviewed accurate artwork."
"story-interlude-ashen-leaf-village-92/page:1/The Mother","src/data/story-interludes.ts:827","The road, Sera Reed stepping forward","background","","0,1,2,3","REMAP","3","/scenes/story/cinematic/storywide/ashen-sanctum.webp","/scenes/story/story-interlude-ashen-leaf-village-92.webp","Resolve this exact current story beat to retained, reviewed artwork."
"story-interlude-ashen-leaf-village-92/page:1/The Mother","src/data/story-interludes.ts:827","The road, Sera Reed stepping forward","actor","Sera Reed","0,1,2,3","KEEP","5","/portraits/cinematic/storywide/sera-reed.webp?v=891202c8e","/portraits/cinematic/storywide/sera-reed.webp?v=891202c8e","Retain reviewed accurate artwork."
"story-interlude-ashen-leaf-village-92/page:2/This Part Is Ours","src/data/story-interludes.ts:837","The road, Sera and Toma with the model and the letter","background","","0,1,2,3","REMAP","3","/scenes/story/cinematic/storywide/ashen-sanctum.webp","/scenes/story/story-interlude-ashen-leaf-village-92.webp","Resolve this exact current story beat to retained, reviewed artwork."
"story-interlude-ashen-leaf-village-92/page:2/This Part Is Ours","src/data/story-interludes.ts:837","The road, Sera and Toma with the model and the letter","actor","Toma Reed","0,1,2,3","KEEP","5","/portraits/cinematic/toma-reed.webp?v=891202c8e","/portraits/cinematic/toma-reed.webp?v=891202c8e","Retain reviewed accurate artwork."
"story-interlude-ashen-leaf-village-92/page:3/The Threes","src/data/story-interludes.ts:845","The road, Sera holding the letter flat","background","","0,1,2","REMAP","3","/scenes/story/cinematic/storywide/ashen-sanctum.webp","/scenes/story/story-interlude-ashen-leaf-village-92.webp","Resolve this exact current story beat to retained, reviewed artwork."
"story-interlude-ashen-leaf-village-92/page:3/The Threes","src/data/story-interludes.ts:845","The road, Sera holding the letter flat","actor","Sera Reed","0,1,2","KEEP","5","/portraits/cinematic/storywide/sera-reed.webp?v=891202c8e","/portraits/cinematic/storywide/sera-reed.webp?v=891202c8e","Retain reviewed accurate artwork."
"story-interlude-ashen-leaf-village-92/page:4/The Better Winter","src/data/story-interludes.ts:852","The east terrace channel, dawn water running","background","","0,1,2,3","VARIANT","3","/scenes/story/cinematic/storywide/ashen-sanctum.webp","/scenes/story/cinematic/storywide/ashen-east-channel-dawn-v1.webp","Integrated supported story-state variant: ashenChannelDawn. See production.json for reference lock and production brief."
"story-interlude-ashen-leaf-village-92/page:4/The Better Winter","src/data/story-interludes.ts:852","The east terrace channel, dawn water running","actor","Toma Reed","0,1,2,3","KEEP","5","/portraits/cinematic/toma-reed.webp?v=891202c8e","/portraits/cinematic/toma-reed.webp?v=891202c8e","Retain reviewed accurate artwork."
"story-interlude-ashen-leaf-village-92/page:5/What They Saw","src/data/story-interludes.ts:862","The channel, doors opening along the terrace row","background","","0,1,2","VARIANT","3","/scenes/story/cinematic/storywide/ashen-sanctum.webp","/scenes/story/cinematic/storywide/ashen-east-channel-dawn-v1.webp","Integrated supported story-state variant: ashenChannelDawn. See production.json for reference lock and production brief."
"story-interlude-ashen-leaf-village-92/page:5/What They Saw","src/data/story-interludes.ts:862","The channel, doors opening along the terrace row","actor","Toma Reed","0,1,2","KEEP","5","/portraits/cinematic/toma-reed.webp?v=891202c8e","/portraits/cinematic/toma-reed.webp?v=891202c8e","Retain reviewed accurate artwork."
"story-interlude-ashen-leaf-village-92/page:6/The Dry Report","src/data/story-interludes.ts:869","The channel, a gray figure gone from the tree line","background","","0,1,2","VARIANT","3","/scenes/story/cinematic/storywide/ashen-sanctum.webp","/scenes/story/cinematic/storywide/ashen-east-channel-dawn-v1.webp","Integrated supported story-state variant: ashenChannelDawn. See production.json for reference lock and production brief."
"story-interlude-ashen-leaf-village-92/page:6/The Dry Report","src/data/story-interludes.ts:869","The channel, a gray figure gone from the tree line","actor","Toma Reed","0,1,2","KEEP","5","/portraits/cinematic/toma-reed.webp?v=891202c8e","/portraits/cinematic/toma-reed.webp?v=891202c8e","Retain reviewed accurate artwork."
"story-interlude-ashen-leaf-village-92/page:7/The Keeper of Records","src/data/story-interludes.ts:876","The road, Mori with a bound book and a second stack tied in survey string","background","","0,1,2,3,4","REMAP","3","/scenes/story/cinematic/storywide/ashen-sanctum.webp","/scenes/story/story-interlude-ashen-leaf-village-92.webp","Resolve this exact current story beat to retained, reviewed artwork."
"story-interlude-ashen-leaf-village-92/page:7/The Keeper of Records","src/data/story-interludes.ts:876","The road, Mori with a bound book and a second stack tied in survey string","actor","Elder Mori","0,1,2,3,4","KEEP","5","/portraits/cinematic/elder-mori.webp?v=891202c8e","/portraits/cinematic/elder-mori.webp?v=891202c8e","Retain reviewed accurate artwork."
"story-interlude-ashen-leaf-village-92/page:8/A Count That Argues","src/data/story-interludes.ts:887","Mori turning the east channel pages, wetting his thumb, losing his place once","background","","0,1,2","REMAP","3","/scenes/story/cinematic/storywide/ashen-sanctum.webp","/scenes/story/story-interlude-ashen-leaf-village-92.webp","Resolve this exact current story beat to retained, reviewed artwork."
"story-interlude-ashen-leaf-village-92/page:8/A Count That Argues","src/data/story-interludes.ts:887","Mori turning the east channel pages, wetting his thumb, losing his place once","actor","Elder Mori","0,1,2","KEEP","5","/portraits/cinematic/elder-mori.webp?v=891202c8e","/portraits/cinematic/elder-mori.webp?v=891202c8e","Retain reviewed accurate artwork."
"story-interlude-ashen-leaf-village-92/page:9/The Signatures","src/data/story-interludes.ts:894","His thumb on the carved housing plate","background","","0,1,2","VARIANT","3","/scenes/story/cinematic/storywide/ashen-sanctum.webp","/scenes/story/cinematic/storywide/ashen-east-channel-dawn-v1.webp","Integrated supported story-state variant: ashenChannelDawn. See production.json for reference lock and production brief."
"story-interlude-ashen-leaf-village-92/page:9/The Signatures","src/data/story-interludes.ts:894","His thumb on the carved housing plate","actor","Elder Mori","0,1,2","KEEP","5","/portraits/cinematic/elder-mori.webp?v=891202c8e","/portraits/cinematic/elder-mori.webp?v=891202c8e","Retain reviewed accurate artwork."
"story-interlude-ashen-leaf-village-92/page:10/The Third Figure","src/data/story-interludes.ts:901","The road's bend, a survey officer waiting alone","background","","0,1,2,3","REMAP","3","/scenes/story/cinematic/storywide/ashen-sanctum.webp","/scenes/story/story-interlude-ashen-leaf-village-92.webp","Resolve this exact current story beat to retained, reviewed artwork."
"story-interlude-ashen-leaf-village-92/page:11/The Village Behind You","src/data/story-interludes.ts:906","The tower road, doors opening along the row","background","","0,1,2,3","KEEP","5","/scenes/story/story-interlude-ashen-leaf-village-92.webp","/scenes/story/story-interlude-ashen-leaf-village-92.webp","Retain reviewed accurate artwork."
"story-interlude-ashen-leaf-village-92/page:11/The Village Behind You","src/data/story-interludes.ts:906","The tower road, doors opening along the row","actor","Toma Reed","0,1,2,3","KEEP","5","/portraits/cinematic/toma-reed.webp?v=891202c8e","/portraits/cinematic/toma-reed.webp?v=891202c8e","Retain reviewed accurate artwork."
"story-interlude-frostfang-village-20/page:0/Hazard Pay","src/data/story-interludes.ts:919","Second roll call, a bare-wristed woman leaning on the roll stone","background","","0,1,2,3","VARIANT","3","/scenes/story/story-interlude-frostfang-village-20.webp","/scenes/story/cinematic/storywide/frostfang-roll-stone-v1.webp","Integrated supported story-state variant: frostIntake. See production.json for reference lock and production brief."
"story-interlude-frostfang-village-20/page:0/Hazard Pay","src/data/story-interludes.ts:919","Second roll call, a bare-wristed woman leaning on the roll stone","actor","Kite Harrow","0,1,2,3","KEEP","5","/portraits/cinematic/kite-harrow.webp?v=891202c8e","/portraits/cinematic/kite-harrow.webp?v=891202c8e","Retain reviewed accurate artwork."
"story-interlude-frostfang-village-20/page:1/The Outside View","src/data/story-interludes.ts:924","The wall walk, lantern lines humming overhead","background","","0,1,2,3","REMAP","3","/scenes/story/cinematic/storywide/frostfang-civic.webp","/scenes/story/story-interlude-frostfang-village-30.webp","Resolve this exact current story beat to retained, reviewed artwork."
"story-interlude-frostfang-village-20/page:1/The Outside View","src/data/story-interludes.ts:924","The wall walk, lantern lines humming overhead","actor","Kite Harrow","0,1,2,3","KEEP","5","/portraits/cinematic/kite-harrow.webp?v=891202c8e","/portraits/cinematic/kite-harrow.webp?v=891202c8e","Retain reviewed accurate artwork."
"story-interlude-frostfang-village-20/page:2/The Anomaly","src/data/story-interludes.ts:934","The watch fire, snow ticking into the flames","background","","0,1,2,3","REMAP","3","/scenes/story/story-interlude-frostfang-village-20.webp","/scenes/story/cinematic/storywide/frostfang-threshold.webp","Resolve this exact current story beat to retained, reviewed artwork."
"story-interlude-frostfang-village-20/page:2/The Anomaly","src/data/story-interludes.ts:934","The watch fire, snow ticking into the flames","actor","Kite Harrow","0,1,2,3","KEEP","5","/portraits/cinematic/kite-harrow.webp?v=891202c8e","/portraits/cinematic/kite-harrow.webp?v=891202c8e","Retain reviewed accurate artwork."
"story-interlude-frostfang-village-30/page:0/Nineteen Days","src/data/story-interludes.ts:945","The north tower at night watch, Yura with the roll book nobody assigned","background","","0,1,2,3","KEEP","5","/scenes/story/story-interlude-frostfang-village-30.webp","/scenes/story/story-interlude-frostfang-village-30.webp","Retain reviewed accurate artwork."
"story-interlude-frostfang-village-30/page:0/Nineteen Days","src/data/story-interludes.ts:945","The north tower at night watch, Yura with the roll book nobody assigned","actor","Captain Yura","0,1,2,3","KEEP","5","/portraits/cinematic/storywide/captain-yura.webp?v=891202c8e","/portraits/cinematic/storywide/captain-yura.webp?v=891202c8e","Retain reviewed accurate artwork."
"story-interlude-frostfang-village-30/page:1/The Struck Roll","src/data/story-interludes.ts:950","The tower rail, four names said into falling snow","background","","0,1,2,3","REMAP","3","/scenes/story/cinematic/storywide/frostfang-civic.webp","/scenes/story/story-interlude-frostfang-village-30.webp","Resolve this exact current story beat to retained, reviewed artwork."
"story-interlude-frostfang-village-30/page:1/The Struck Roll","src/data/story-interludes.ts:950","The tower rail, four names said into falling snow","actor","Captain Yura","0,1,2,3","KEEP","5","/portraits/cinematic/storywide/captain-yura.webp?v=891202c8e","/portraits/cinematic/storywide/captain-yura.webp?v=891202c8e","Retain reviewed accurate artwork."
"story-interlude-frostfang-village-30/page:2/The Left Glove","src/data/story-interludes.ts:955","The tower rail, snow collecting along the stone","background","","0,1,2,3","REMAP","3","/scenes/story/cinematic/storywide/frostfang-civic.webp","/scenes/story/story-interlude-frostfang-village-30.webp","Resolve this exact current story beat to retained, reviewed artwork."
"story-interlude-frostfang-village-30/page:2/The Left Glove","src/data/story-interludes.ts:955","The tower rail, snow collecting along the stone","actor","Captain Yura","0,1,2,3","KEEP","5","/portraits/cinematic/storywide/captain-yura.webp?v=891202c8e","/portraits/cinematic/storywide/captain-yura.webp?v=891202c8e","Retain reviewed accurate artwork."
"story-interlude-frostfang-village-30/page:3/What You Do With Knowing","src/data/story-interludes.ts:960","The tower, the roll book closing, snow easing","background","","0,1,2,3","KEEP","5","/scenes/story/story-interlude-frostfang-village-30.webp","/scenes/story/story-interlude-frostfang-village-30.webp","Retain reviewed accurate artwork."
"story-interlude-frostfang-village-30/page:3/What You Do With Knowing","src/data/story-interludes.ts:960","The tower, the roll book closing, snow easing","actor","Captain Yura","0,1,2,3","KEEP","5","/portraits/cinematic/storywide/captain-yura.webp?v=891202c8e","/portraits/cinematic/storywide/captain-yura.webp?v=891202c8e","Retain reviewed accurate artwork."
"story-interlude-frostfang-village-42/page:0/Evening Check","src/data/story-interludes.ts:971","The east gate at evening check, Private Essen in the line, loud","background","","0,1,2,3","KEEP","5","/scenes/story/story-interlude-frostfang-village-42.webp","/scenes/story/story-interlude-frostfang-village-42.webp","Retain reviewed accurate artwork."
"story-interlude-frostfang-village-42/page:1/A Half Count Long","src/data/story-interludes.ts:976","The gate plate, Sova's thumb resting on Essen's wrist","background","","0,1,2,3","REMAP","3","/scenes/story/cinematic/storywide/frostfang-threshold.webp","/scenes/story/story-interlude-frostfang-village-42.webp","Resolve this exact current story beat to retained, reviewed artwork."
"story-interlude-frostfang-village-42/page:2/The Direction of Frost","src/data/story-interludes.ts:981","The gate's shadow, Yura fallen in beside you, voice low","background","","0,1,2,3","KEEP","5","/scenes/story/story-interlude-frostfang-village-42.webp","/scenes/story/story-interlude-frostfang-village-42.webp","Retain reviewed accurate artwork."
"story-interlude-frostfang-village-42/page:2/The Direction of Frost","src/data/story-interludes.ts:981","The gate's shadow, Yura fallen in beside you, voice low","actor","Captain Yura","0,1,2,3","KEEP","5","/portraits/cinematic/storywide/captain-yura.webp?v=891202c8e","/portraits/cinematic/storywide/captain-yura.webp?v=891202c8e","Retain reviewed accurate artwork."
"story-interlude-frostfang-village-58/page:0/The Records Room","src/data/story-interludes.ts:992","Sova's records room, ledgers to the ceiling, the vault's meter humming in the floor","background","","0,1,2,3,4","REPLACE","3","/scenes/story/story-interlude-frostfang-village-58.webp","/scenes/story/cinematic/storywide/frostfang-records-room-v1.webp","Integrated reviewed replacement: sovaRecordsCrop. See production.json for reference lock and production brief."
"story-interlude-frostfang-village-58/page:0/The Records Room","src/data/story-interludes.ts:992","Sova's records room, ledgers to the ceiling, the vault's meter humming in the floor","actor","Elder Sova","0,1,2,3,4","KEEP","5","/portraits/cinematic/storywide/elder-sova-canon.webp?v=891202c8e","/portraits/cinematic/storywide/elder-sova-canon.webp?v=891202c8e","Retain reviewed accurate artwork."
"story-interlude-frostfang-village-58/page:1/Ninety Winters","src/data/story-interludes.ts:1002","The records room, two ledgers open side by side","background","","0,1,2,3","REPLACE","3","/scenes/story/cinematic/storywide/frostfang-sanctum.webp","/scenes/story/cinematic/storywide/frostfang-records-room-v1.webp","Integrated reviewed replacement: sovaRecordsCrop. See production.json for reference lock and production brief."
"story-interlude-frostfang-village-58/page:2/Plainly, Then","src/data/story-interludes.ts:166","The records room, Sova's bare wrists flat on the ledger","background","","0,1,2,3","REPLACE","3","/scenes/story/cinematic/storywide/frostfang-sanctum.webp","/scenes/story/cinematic/storywide/frostfang-records-room-v1.webp","Integrated reviewed replacement: sovaRecordsCrop. See production.json for reference lock and production brief."
"story-interlude-frostfang-village-58/page:2/Plainly, Then","src/data/story-interludes.ts:166","The records room, Sova's bare wrists flat on the ledger","actor","Elder Sova","0,1,2,3","KEEP","5","/portraits/cinematic/storywide/elder-sova-canon.webp?v=891202c8e","/portraits/cinematic/storywide/elder-sova-canon.webp?v=891202c8e","Retain reviewed accurate artwork."
"story-interlude-frostfang-village-58/page:3/The Keeper's Exemption","src/data/story-interludes.ts:1018","The records room, the meter humming, the pen waiting","background","","0,1,2,3","REPLACE","3","/scenes/story/story-interlude-frostfang-village-58.webp","/scenes/story/cinematic/storywide/frostfang-records-room-v1.webp","Integrated reviewed replacement: sovaRecordsCrop. See production.json for reference lock and production brief."
"story-interlude-frostfang-village-58/page:3/The Keeper's Exemption","src/data/story-interludes.ts:1018","The records room, the meter humming, the pen waiting","actor","Elder Sova","0,1,2,3","KEEP","5","/portraits/cinematic/storywide/elder-sova-canon.webp?v=891202c8e","/portraits/cinematic/storywide/elder-sova-canon.webp?v=891202c8e","Retain reviewed accurate artwork."
"story-interlude-frostfang-village-70/page:0/The Warm Room","src/data/story-interludes.ts:1029","The vault antechamber, unnaturally warm, a presentation case on black felt","background","","0,1,2,3","VARIANT","3","/scenes/story/story-interlude-frostfang-village-70.webp","/scenes/story/cinematic/storywide/frostfang-vault-antechamber-v1.webp","Integrated supported story-state variant: frostAnte. See production.json for reference lock and production brief."
"story-interlude-frostfang-village-70/page:0/The Warm Room","src/data/story-interludes.ts:1029","The vault antechamber, unnaturally warm, a presentation case on black felt","actor","Seal-Keeper Vess","0,1,2,3","REPLACE","1","/portraits/cinematic/storywide/seal-keeper-vess.webp?v=891202c8e","/portraits/cinematic/storywide/seal-keeper-vess-clean-alpha-v1.webp?v=891202c8e","Integrated reviewed replacement: vessCleanAlpha. See production.json for reference lock and production brief."
"story-interlude-frostfang-village-70/page:1/The Plate Remembers","src/data/story-interludes.ts:1034","The antechamber's mark plate, fogging before your wrist even touches","background","","0,1,2,3,4,5","VARIANT","3","/scenes/story/cinematic/storywide/frostfang-sanctum.webp","/scenes/story/cinematic/storywide/frostfang-vault-antechamber-v1.webp","Integrated supported story-state variant: frostAnte. See production.json for reference lock and production brief."
"story-interlude-frostfang-village-70/page:1/The Plate Remembers","src/data/story-interludes.ts:1034","The antechamber's mark plate, fogging before your wrist even touches","actor","Seal-Keeper Vess","0,1,2,3,4,5","REPLACE","1","/portraits/cinematic/storywide/seal-keeper-vess.webp?v=891202c8e","/portraits/cinematic/storywide/seal-keeper-vess-clean-alpha-v1.webp?v=891202c8e","Integrated reviewed replacement: vessCleanAlpha. See production.json for reference lock and production brief."
"story-interlude-frostfang-village-70/page:2/A Guard's Reason, Audited","src/data/story-interludes.ts:1049","The antechamber, your intake line copied out in Vess's file","background","","0,1,2,3","VARIANT","3","/scenes/story/cinematic/storywide/frostfang-sanctum.webp","/scenes/story/cinematic/storywide/frostfang-vault-antechamber-v1.webp","Integrated supported story-state variant: frostAnte. See production.json for reference lock and production brief."
"story-interlude-frostfang-village-70/page:3/A Strong Back, Audited","src/data/story-interludes.ts:1057","The antechamber, your intake line copied out in Vess's file","background","","0,1,2,3","VARIANT","3","/scenes/story/cinematic/storywide/frostfang-sanctum.webp","/scenes/story/cinematic/storywide/frostfang-vault-antechamber-v1.webp","Integrated supported story-state variant: frostAnte. See production.json for reference lock and production brief."
"story-interlude-frostfang-village-70/page:4/A Debt to Pay, Audited","src/data/story-interludes.ts:1065","The antechamber, your intake line copied out in Vess's file","background","","0,1,2,3","VARIANT","3","/scenes/story/cinematic/storywide/frostfang-sanctum.webp","/scenes/story/cinematic/storywide/frostfang-vault-antechamber-v1.webp","Integrated supported story-state variant: frostAnte. See production.json for reference lock and production brief."
"story-interlude-frostfang-village-70/page:5/A Door That Closed, Audited","src/data/story-interludes.ts:1073","The antechamber, the fogged plate still holding its struck name","background","","0,1,2,3","VARIANT","3","/scenes/story/cinematic/storywide/frostfang-sanctum.webp","/scenes/story/cinematic/storywide/frostfang-vault-antechamber-v1.webp","Integrated supported story-state variant: frostAnte. See production.json for reference lock and production brief."
"story-interlude-frostfang-village-70/page:6/A Blank Line, Audited","src/data/story-interludes.ts:1081","The antechamber, Sova's dragged pen-line copied in the file","background","","0,1,2,3","VARIANT","3","/scenes/story/cinematic/storywide/frostfang-sanctum.webp","/scenes/story/cinematic/storywide/frostfang-vault-antechamber-v1.webp","Integrated supported story-state variant: frostAnte. See production.json for reference lock and production brief."
"story-interlude-frostfang-village-70/page:7/The Exit You Chose","src/data/story-interludes.ts:1089","The antechamber, Vess's deepest ledger open to a page that shouldn't exist","background","","0,1,2,3,4","VARIANT","3","/scenes/story/cinematic/storywide/frostfang-sanctum.webp","/scenes/story/cinematic/storywide/frostfang-vault-antechamber-v1.webp","Integrated supported story-state variant: frostAnte. See production.json for reference lock and production brief."
"story-interlude-frostfang-village-70/page:7/The Exit You Chose","src/data/story-interludes.ts:1089","The antechamber, Vess's deepest ledger open to a page that shouldn't exist","actor","Seal-Keeper Vess","0,1,2,3,4","REPLACE","1","/portraits/cinematic/storywide/seal-keeper-vess.webp?v=891202c8e","/portraits/cinematic/storywide/seal-keeper-vess-clean-alpha-v1.webp?v=891202c8e","Integrated reviewed replacement: vessCleanAlpha. See production.json for reference lock and production brief."
"story-interlude-frostfang-village-70/page:8/The Anchor Offered","src/data/story-interludes.ts:1098","The antechamber, the holder-grade mark gleaming on its felt, Yura at the door","background","","0,1,2,3","VARIANT","3","/scenes/story/story-interlude-frostfang-village-70.webp","/scenes/story/cinematic/storywide/frostfang-vault-antechamber-v1.webp","Integrated supported story-state variant: frostAnte. See production.json for reference lock and production brief."
"story-interlude-frostfang-village-70/page:8/The Anchor Offered","src/data/story-interludes.ts:1098","The antechamber, the holder-grade mark gleaming on its felt, Yura at the door","actor","Captain Yura","0,1,2,3","KEEP","5","/portraits/cinematic/storywide/captain-yura.webp?v=891202c8e","/portraits/cinematic/storywide/captain-yura.webp?v=891202c8e","Retain reviewed accurate artwork."
"story-interlude-frostfang-village-80/page:0/The Forger's Bench","src/data/story-interludes.ts:1109","An abandoned icehouse, a workbench of mark plates, Harrow in fingerless gloves","background","","0,1,2,3","VARIANT","3","/scenes/story/story-interlude-frostfang-village-80.webp","/scenes/story/cinematic/storywide/frostfang-forger-icehouse-v1.webp","Integrated supported story-state variant: frostIcehouse. See production.json for reference lock and production brief."
"story-interlude-frostfang-village-80/page:0/The Forger's Bench","src/data/story-interludes.ts:1109","An abandoned icehouse, a workbench of mark plates, Harrow in fingerless gloves","actor","Kite Harrow","0,1,2,3","KEEP","5","/portraits/cinematic/kite-harrow.webp?v=891202c8e","/portraits/cinematic/kite-harrow.webp?v=891202c8e","Retain reviewed accurate artwork."
"story-interlude-frostfang-village-80/page:1/What Drinks Through It","src/data/story-interludes.ts:1114","The icehouse bench, a forged mark held to the lamp","background","","0,1,2,3","VARIANT","3","/scenes/story/cinematic/storywide/frostfang-intimate.webp","/scenes/story/cinematic/storywide/frostfang-forger-icehouse-v1.webp","Integrated supported story-state variant: frostIcehouse. See production.json for reference lock and production brief."
"story-interlude-frostfang-village-80/page:1/What Drinks Through It","src/data/story-interludes.ts:1114","The icehouse bench, a forged mark held to the lamp","actor","Kite Harrow","0,1,2,3","KEEP","5","/portraits/cinematic/kite-harrow.webp?v=891202c8e","/portraits/cinematic/kite-harrow.webp?v=891202c8e","Retain reviewed accurate artwork."
"story-interlude-frostfang-village-80/page:2/What the Vault Pays Into","src/data/story-interludes.ts:1123","The icehouse bench, a copied ledger diagram unrolled, Yura in from the cold at your shoulder","background","","0,1,2,3,4,5","VARIANT","3","/scenes/story/cinematic/storywide/frostfang-sanctum.webp","/scenes/story/cinematic/storywide/frostfang-forger-icehouse-v1.webp","Integrated supported story-state variant: frostIcehouse. See production.json for reference lock and production brief."
"story-interlude-frostfang-village-80/page:2/What the Vault Pays Into","src/data/story-interludes.ts:1123","The icehouse bench, a copied ledger diagram unrolled, Yura in from the cold at your shoulder","actor","Kite Harrow","0,1,2,3,4,5","KEEP","5","/portraits/cinematic/kite-harrow.webp?v=891202c8e","/portraits/cinematic/kite-harrow.webp?v=891202c8e","Retain reviewed accurate artwork."
"story-interlude-frostfang-village-80/page:3/What Went Down","src/data/story-interludes.ts:1133","The icehouse, Yura's bare wrist flat on the lower line of the pipe map","background","","0,1,2,3,4","VARIANT","3","/scenes/story/cinematic/storywide/frostfang-sanctum.webp","/scenes/story/cinematic/storywide/frostfang-forger-icehouse-v1.webp","Integrated supported story-state variant: frostIcehouse. See production.json for reference lock and production brief."
"story-interlude-frostfang-village-80/page:3/What Went Down","src/data/story-interludes.ts:1133","The icehouse, Yura's bare wrist flat on the lower line of the pipe map","actor","Captain Yura","0,1,2,3,4","KEEP","5","/portraits/cinematic/storywide/captain-yura.webp?v=891202c8e","/portraits/cinematic/storywide/captain-yura.webp?v=891202c8e","Retain reviewed accurate artwork."
"story-interlude-frostfang-village-80/page:4/Not Snow","src/data/story-interludes.ts:1142","The icehouse, Harrow rolling the diagram shut, careful as a bandage","background","","0,1,2","VARIANT","3","/scenes/story/cinematic/storywide/frostfang-civic.webp","/scenes/story/cinematic/storywide/frostfang-forger-icehouse-v1.webp","Integrated supported story-state variant: frostIcehouse. See production.json for reference lock and production brief."
"story-interlude-frostfang-village-80/page:4/Not Snow","src/data/story-interludes.ts:1142","The icehouse, Harrow rolling the diagram shut, careful as a bandage","actor","Kite Harrow","0,1,2","KEEP","5","/portraits/cinematic/kite-harrow.webp?v=891202c8e","/portraits/cinematic/kite-harrow.webp?v=891202c8e","Retain reviewed accurate artwork."
"story-interlude-frostfang-village-80/page:5/The Locksmith's Choice","src/data/story-interludes.ts:1149","The icehouse, the stove's one honest flame","background","","0,1,2,3","VARIANT","3","/scenes/story/story-interlude-frostfang-village-80.webp","/scenes/story/cinematic/storywide/frostfang-forger-icehouse-v1.webp","Integrated supported story-state variant: frostIcehouse. See production.json for reference lock and production brief."
"story-interlude-frostfang-village-80/page:5/The Locksmith's Choice","src/data/story-interludes.ts:1149","The icehouse, the stove's one honest flame","actor","Kite Harrow","0,1,2,3","KEEP","5","/portraits/cinematic/kite-harrow.webp?v=891202c8e","/portraits/cinematic/kite-harrow.webp?v=891202c8e","Retain reviewed accurate artwork."
"story-interlude-frostfang-village-88/page:0/Ridge Post Four","src/data/story-interludes.ts:1160","The north ridge at dusk, lantern crates in the snow, a storm wall building","background","","0,1,2,3","VARIANT","3","/scenes/story/story-interlude-frostfang-village-88.webp","/scenes/story/cinematic/storywide/frostfang-lantern-relay-setup-v1.webp","Integrated supported story-state variant: frostRelaySetup. See production.json for reference lock and production brief."
"story-interlude-frostfang-village-88/page:0/Ridge Post Four","src/data/story-interludes.ts:1160","The north ridge at dusk, lantern crates in the snow, a storm wall building","actor","Captain Yura","0,1,2,3","KEEP","5","/portraits/cinematic/storywide/captain-yura.webp?v=891202c8e","/portraits/cinematic/storywide/captain-yura.webp?v=891202c8e","Retain reviewed accurate artwork."
"story-interlude-frostfang-village-88/page:1/The Volunteer","src/data/story-interludes.ts:1170","The lantern line's first stake, Sergeant Essen shrugging off his coat's rank pins","background","","0,1,2,3","VARIANT","3","/scenes/story/cinematic/storywide/frostfang-whiteout.webp","/scenes/story/cinematic/storywide/frostfang-lantern-relay-setup-v1.webp","Integrated supported story-state variant: frostRelaySetup. See production.json for reference lock and production brief."
"story-interlude-frostfang-village-88/page:2/The First Line Fails","src/data/story-interludes.ts:1175","The search line, lanterns guttering, oil thickening in the cold","background","","0,1,2,3","VARIANT","3","/scenes/story/cinematic/storywide/frostfang-whiteout.webp","/scenes/story/cinematic/storywide/frostfang-lantern-relay-failed-v1.webp","Integrated supported story-state variant: frostRelayFailed. See production.json for reference lock and production brief."
"story-interlude-frostfang-village-88/page:3/Fear, Retired","src/data/story-interludes.ts:1185","The third stake, the two of you relighting the same lamp","background","","0,1,2,3","VARIANT","3","/scenes/story/cinematic/storywide/frostfang-whiteout.webp","/scenes/story/cinematic/storywide/frostfang-lantern-relay-failed-v1.webp","Integrated supported story-state variant: frostRelayFailed. See production.json for reference lock and production brief."
"story-interlude-frostfang-village-88/page:3/Fear, Retired","src/data/story-interludes.ts:1185","The third stake, the two of you relighting the same lamp","actor","Captain Yura","0,1,2,3","KEEP","5","/portraits/cinematic/storywide/captain-yura.webp?v=891202c8e","/portraits/cinematic/storywide/captain-yura.webp?v=891202c8e","Retain reviewed accurate artwork."
"story-interlude-frostfang-village-88/page:4/Nineteen Minutes","src/data/story-interludes.ts:1193","The full relay burning down the ridge, the search moving lamp to lamp","background","","0,1,2,3","VARIANT","3","/scenes/story/cinematic/storywide/frostfang-whiteout.webp","/scenes/story/cinematic/storywide/frostfang-lantern-relay-storm-v1.webp","Integrated supported story-state variant: frostRelay. See production.json for reference lock and production brief."
"story-interlude-frostfang-village-88/page:5/The Drill Log","src/data/story-interludes.ts:1201","The ridge at storm's end, the drill log open on a lantern crate","background","","0,1,2,3","VARIANT","3","/scenes/story/cinematic/storywide/frostfang-whiteout.webp","/scenes/story/cinematic/storywide/frostfang-lantern-relay-dawn-v1.webp","Integrated supported story-state variant: frostRelayDawn. See production.json for reference lock and production brief."
"story-interlude-frostfang-village-88/page:5/The Drill Log","src/data/story-interludes.ts:1201","The ridge at storm's end, the drill log open on a lantern crate","actor","Captain Yura","0,1,2,3","KEEP","5","/portraits/cinematic/storywide/captain-yura.webp?v=891202c8e","/portraits/cinematic/storywide/captain-yura.webp?v=891202c8e","Retain reviewed accurate artwork."
"story-interlude-frostfang-village-88/page:6/The Walker and the Walk","src/data/story-interludes.ts:1211","The lantern crate, the unsent letter flat beside the log","background","","0,1,2,3","VARIANT","3","/scenes/story/cinematic/storywide/frostfang-whiteout.webp","/scenes/story/cinematic/storywide/frostfang-lantern-relay-dawn-v1.webp","Integrated supported story-state variant: frostRelayDawn. See production.json for reference lock and production brief."
"story-interlude-frostfang-village-88/page:6/The Walker and the Walk","src/data/story-interludes.ts:1211","The lantern crate, the unsent letter flat beside the log","actor","Captain Yura","0,1,2,3","KEEP","5","/portraits/cinematic/storywide/captain-yura.webp?v=891202c8e","/portraits/cinematic/storywide/captain-yura.webp?v=891202c8e","Retain reviewed accurate artwork."
"story-interlude-frostfang-village-88/page:7/You Hold the Stair","src/data/story-interludes.ts:1225","The lantern crate, Yura folding the letter into her breast pocket, drill fashion","background","","0,1,2,3","VARIANT","3","/scenes/story/cinematic/storywide/frostfang-whiteout.webp","/scenes/story/cinematic/storywide/frostfang-lantern-relay-dawn-v1.webp","Integrated supported story-state variant: frostRelayDawn. See production.json for reference lock and production brief."
"story-interlude-frostfang-village-88/page:7/You Hold the Stair","src/data/story-interludes.ts:1225","The lantern crate, Yura folding the letter into her breast pocket, drill fashion","actor","Captain Yura","0,1,2,3","KEEP","5","/portraits/cinematic/storywide/captain-yura.webp?v=891202c8e","/portraits/cinematic/storywide/captain-yura.webp?v=891202c8e","Retain reviewed accurate artwork."
"story-interlude-frostfang-village-88/page:8/Kept, Not Carried","src/data/story-interludes.ts:1233","The lantern crate, the letter going back into your kit, Yura watching","background","","0,1,2,3","VARIANT","3","/scenes/story/cinematic/storywide/frostfang-whiteout.webp","/scenes/story/cinematic/storywide/frostfang-lantern-relay-dawn-v1.webp","Integrated supported story-state variant: frostRelayDawn. See production.json for reference lock and production brief."
"story-interlude-frostfang-village-88/page:8/Kept, Not Carried","src/data/story-interludes.ts:1233","The lantern crate, the letter going back into your kit, Yura watching","actor","Captain Yura","0,1,2,3","KEEP","5","/portraits/cinematic/storywide/captain-yura.webp?v=891202c8e","/portraits/cinematic/storywide/captain-yura.webp?v=891202c8e","Retain reviewed accurate artwork."
"story-interlude-frostfang-village-88/page:9/Half Wicks","src/data/story-interludes.ts:1241","Ridge post four, Yura checking three lamps against one oil mark","background","","0,1,2","VARIANT","3","/scenes/story/cinematic/storywide/frostfang-whiteout.webp","/scenes/story/cinematic/storywide/frostfang-lantern-relay-dawn-v1.webp","Integrated supported story-state variant: frostRelayDawn. See production.json for reference lock and production brief."
"story-interlude-frostfang-village-88/page:9/Half Wicks","src/data/story-interludes.ts:1241","Ridge post four, Yura checking three lamps against one oil mark","actor","Captain Yura","0,1,2","KEEP","5","/portraits/cinematic/storywide/captain-yura.webp?v=891202c8e","/portraits/cinematic/storywide/captain-yura.webp?v=891202c8e","Retain reviewed accurate artwork."
"story-interlude-frostfang-village-88/page:10/The Flour Map","src/data/story-interludes.ts:1248","Ridge post four, the lower-road drift map pinned inside a crate lid","background","","0,1,2","VARIANT","3","/scenes/story/cinematic/storywide/frostfang-whiteout.webp","/scenes/story/cinematic/storywide/frostfang-lantern-relay-dawn-v1.webp","Integrated supported story-state variant: frostRelayDawn. See production.json for reference lock and production brief."
"story-interlude-frostfang-village-88/page:10/The Flour Map","src/data/story-interludes.ts:1248","Ridge post four, the lower-road drift map pinned inside a crate lid","actor","Captain Yura","0,1,2","KEEP","5","/portraits/cinematic/storywide/captain-yura.webp?v=891202c8e","/portraits/cinematic/storywide/captain-yura.webp?v=891202c8e","Retain reviewed accurate artwork."
"story-interlude-frostfang-village-88/page:11/What Enters the Roll","src/data/story-interludes.ts:1255","Dawn on ridge post four, the lanterns still burning past need","background","","0,1,2,3","VARIANT","3","/scenes/story/story-interlude-frostfang-village-88.webp","/scenes/story/cinematic/storywide/frostfang-lantern-relay-dawn-v1.webp","Integrated supported story-state variant: frostRelayDawn. See production.json for reference lock and production brief."
"story-interlude-frostfang-village-92/page:0/The Cairn Road","src/data/story-interludes.ts:1266","The vault road at dawn, cairns marking the miles, figures waiting","background","","0,1,2,3","KEEP","5","/scenes/story/story-interlude-frostfang-village-92.webp","/scenes/story/story-interlude-frostfang-village-92.webp","Retain reviewed accurate artwork."
"story-interlude-frostfang-village-92/page:1/The Camp's Message","src/data/story-interludes.ts:1271","The first cairn, the Pale Pack Runner with frost in her hood","background","","0,1,2,3","REMAP","3","/scenes/story/cinematic/storywide/frostfang-sanctum.webp","/scenes/story/story-interlude-frostfang-village-92.webp","Resolve this exact current story beat to retained, reviewed artwork."
"story-interlude-frostfang-village-92/page:1/The Camp's Message","src/data/story-interludes.ts:1271","The first cairn, the Pale Pack Runner with frost in her hood","actor","Pale Pack Runner","0,1,2,3","KEEP","5","/portraits/cinematic/storywide/pale-pack-runner.webp?v=891202c8e","/portraits/cinematic/storywide/pale-pack-runner.webp?v=891202c8e","Retain reviewed accurate artwork."
"story-interlude-frostfang-village-92/page:2/The Letter Walks Point","src/data/story-interludes.ts:1281","The cairn road, Yura with the letter squared in her breast pocket","background","","0,1,2,3","REMAP","3","/scenes/story/cinematic/storywide/frostfang-sanctum.webp","/scenes/story/story-interlude-frostfang-village-92.webp","Resolve this exact current story beat to retained, reviewed artwork."
"story-interlude-frostfang-village-92/page:2/The Letter Walks Point","src/data/story-interludes.ts:1281","The cairn road, Yura with the letter squared in her breast pocket","actor","Captain Yura","0,1,2,3","KEEP","5","/portraits/cinematic/storywide/captain-yura.webp?v=891202c8e","/portraits/cinematic/storywide/captain-yura.webp?v=891202c8e","Retain reviewed accurate artwork."
"story-interlude-frostfang-village-92/page:3/The Log, Read Aloud","src/data/story-interludes.ts:1289","The first cairn, the drill log open between mittened hands","background","","0,1,2,3","REMAP","3","/scenes/story/cinematic/storywide/frostfang-sanctum.webp","/scenes/story/story-interlude-frostfang-village-92.webp","Resolve this exact current story beat to retained, reviewed artwork."
"story-interlude-frostfang-village-92/page:3/The Log, Read Aloud","src/data/story-interludes.ts:1289","The first cairn, the drill log open between mittened hands","actor","Pale Pack Runner","0,1,2,3","KEEP","5","/portraits/cinematic/storywide/pale-pack-runner.webp?v=891202c8e","/portraits/cinematic/storywide/pale-pack-runner.webp?v=891202c8e","Retain reviewed accurate artwork."
"story-interlude-frostfang-village-92/page:4/The Slow Count","src/data/story-interludes.ts:1297","The wall checkpoint, Sergeant Essen counting the road's walkers with theatrical care","background","","0,1,2,3","REMAP","3","/scenes/story/cinematic/storywide/frostfang-sanctum.webp","/scenes/story/story-interlude-frostfang-village-92.webp","Resolve this exact current story beat to retained, reviewed artwork."
"story-interlude-frostfang-village-92/page:5/The Banner of Walkers","src/data/story-interludes.ts:1306","The checkpoint, the beacon banner unrolled a hand's width","background","","0,1,2,3","REMAP","3","/scenes/story/cinematic/storywide/frostfang-sanctum.webp","/scenes/story/story-interlude-frostfang-village-92.webp","Resolve this exact current story beat to retained, reviewed artwork."
"story-interlude-frostfang-village-92/page:6/The Keeper on the Road","src/data/story-interludes.ts:1314","The last cairn before the vault stair, Sova waiting with the Count book bound for travel","background","","0,1,2,3","REMAP","3","/scenes/story/cinematic/storywide/frostfang-sanctum.webp","/scenes/story/story-interlude-frostfang-village-92.webp","Resolve this exact current story beat to retained, reviewed artwork."
"story-interlude-frostfang-village-92/page:6/The Keeper on the Road","src/data/story-interludes.ts:1314","The last cairn before the vault stair, Sova waiting with the Count book bound for travel","actor","Elder Sova","0,1,2,3","KEEP","5","/portraits/cinematic/storywide/elder-sova-canon.webp?v=891202c8e","/portraits/cinematic/storywide/elder-sova-canon.webp?v=891202c8e","Retain reviewed accurate artwork."
"story-interlude-frostfang-village-92/page:7/The Rows Answer","src/data/story-interludes.ts:1319","The vault forecourt, the White Silence in its rows, lanterns gathering behind","background","","0,1,2,3","KEEP","5","/scenes/story/story-interlude-frostfang-village-92.webp","/scenes/story/story-interlude-frostfang-village-92.webp","Retain reviewed accurate artwork."
"story-interlude-frostfang-village-92/page:7/The Rows Answer","src/data/story-interludes.ts:1319","The vault forecourt, the White Silence in its rows, lanterns gathering behind","actor","Captain Yura","0,1,2,3","KEEP","5","/portraits/cinematic/storywide/captain-yura.webp?v=891202c8e","/portraits/cinematic/storywide/captain-yura.webp?v=891202c8e","Retain reviewed accurate artwork."
"story-interlude-moonshadow-village-20/page:0/Bought and Sold","src/data/story-interludes.ts:1332","The whisper market after curfew, Harrow at a booth counter with receipts fanned like a card hand","background","","0,1,2,3","KEEP","5","/scenes/story/story-interlude-moonshadow-village-20.webp","/scenes/story/story-interlude-moonshadow-village-20.webp","Retain reviewed accurate artwork."
"story-interlude-moonshadow-village-20/page:0/Bought and Sold","src/data/story-interludes.ts:1332","The whisper market after curfew, Harrow at a booth counter with receipts fanned like a card hand","actor","Kite Harrow","0,1,2,3","FIT/CACHE FIX","4","/portraits/cinematic/kite-harrow.webp?v=891202c8e","/portraits/cinematic/kite-harrow.webp?v=891202c8e","Retain source; use its reviewed focal point, non-mirrored orientation, or scoped cutout shadow. Existing revision contract remains intact."
"story-interlude-moonshadow-village-20/page:1/The Going Rates","src/data/story-interludes.ts:1337","The booth, Harrow tapping the receipts in order","background","","0,1,2,3","REMAP","3","/scenes/story/cinematic/storywide/moonshadow-threshold.webp","/scenes/story/story-interlude-moonshadow-village-20.webp","Resolve this exact current story beat to retained, reviewed artwork."
"story-interlude-moonshadow-village-20/page:1/The Going Rates","src/data/story-interludes.ts:1337","The booth, Harrow tapping the receipts in order","actor","Kite Harrow","0,1,2,3","FIT/CACHE FIX","4","/portraits/cinematic/kite-harrow.webp?v=891202c8e","/portraits/cinematic/kite-harrow.webp?v=891202c8e","Retain source; use its reviewed focal point, non-mirrored orientation, or scoped cutout shadow. Existing revision contract remains intact."
"story-interlude-moonshadow-village-20/page:2/The Blank Listing","src/data/story-interludes.ts:1347","The booth, the market's lanterns doubling in the canal","background","","0,1,2,3","KEEP","5","/scenes/story/story-interlude-moonshadow-village-20.webp","/scenes/story/story-interlude-moonshadow-village-20.webp","Retain reviewed accurate artwork."
"story-interlude-moonshadow-village-20/page:2/The Blank Listing","src/data/story-interludes.ts:1347","The booth, the market's lanterns doubling in the canal","actor","Kite Harrow","0,1,2,3","FIT/CACHE FIX","4","/portraits/cinematic/kite-harrow.webp?v=891202c8e","/portraits/cinematic/kite-harrow.webp?v=891202c8e","Retain source; use its reviewed focal point, non-mirrored orientation, or scoped cutout shadow. Existing revision contract remains intact."
"story-interlude-moonshadow-village-30/page:0/The Verified Truth","src/data/story-interludes.ts:1358","Nyx's stall over the dye canal, one lamp, one slip of paper face-down","background","","0,1,2,3","REPLACE","3","/scenes/story/story-interlude-moonshadow-village-30.webp","/scenes/story/cinematic/storywide/moonshadow-registry-booth-v1.webp","Integrated reviewed replacement: moonBooth. See production.json for reference lock and production brief."
"story-interlude-moonshadow-village-30/page:0/The Verified Truth","src/data/story-interludes.ts:1358","Nyx's stall over the dye canal, one lamp, one slip of paper face-down","actor","Nyx","0,1,2,3","FIT/CACHE FIX","4","/portraits/cinematic/storywide/nyx-neutral.webp?v=891202c8e","/portraits/cinematic/storywide/nyx-neutral.webp?v=891202c8e","Retain source; use its reviewed focal point, non-mirrored orientation, or scoped cutout shadow. Existing revision contract remains intact."
"story-interlude-moonshadow-village-30/page:1/The Cost Price","src/data/story-interludes.ts:1363","The stall, Nyx flipping her not-coin, catching it without looking","background","","0,1,2,3","REPLACE","3","/scenes/story/cinematic/storywide/moonshadow-intimate.webp","/scenes/story/cinematic/storywide/moonshadow-registry-booth-v1.webp","Integrated reviewed replacement: moonBooth. See production.json for reference lock and production brief."
"story-interlude-moonshadow-village-30/page:1/The Cost Price","src/data/story-interludes.ts:1363","The stall, Nyx flipping her not-coin, catching it without looking","actor","Nyx","0,1,2,3","FIT/CACHE FIX","4","/portraits/cinematic/storywide/nyx-neutral.webp?v=891202c8e","/portraits/cinematic/storywide/nyx-neutral.webp?v=891202c8e","Retain source; use its reviewed focal point, non-mirrored orientation, or scoped cutout shadow. Existing revision contract remains intact."
"story-interlude-moonshadow-village-30/page:2/The Left Shutter","src/data/story-interludes.ts:1368","The stall after closing bell, one shutter swollen in its frame","background","","0,1,2,3","REPLACE","3","/scenes/story/cinematic/storywide/moonshadow-threshold.webp","/scenes/story/cinematic/storywide/moonshadow-registry-booth-v1.webp","Integrated reviewed replacement: moonBooth. See production.json for reference lock and production brief."
"story-interlude-moonshadow-village-30/page:2/The Left Shutter","src/data/story-interludes.ts:1368","The stall after closing bell, one shutter swollen in its frame","actor","Nyx","0,1,2,3","FIT/CACHE FIX","4","/portraits/cinematic/storywide/nyx-neutral.webp?v=891202c8e","/portraits/cinematic/storywide/nyx-neutral.webp?v=891202c8e","Retain source; use its reviewed focal point, non-mirrored orientation, or scoped cutout shadow. Existing revision contract remains intact."
"story-interlude-moonshadow-village-30/page:3/What the Stall Holds","src/data/story-interludes.ts:1373","The stall, the lamp low, the canal talking to itself below","background","","0,1,2,3","REPLACE","3","/scenes/story/story-interlude-moonshadow-village-30.webp","/scenes/story/cinematic/storywide/moonshadow-registry-booth-v1.webp","Integrated reviewed replacement: moonBooth. See production.json for reference lock and production brief."
"story-interlude-moonshadow-village-30/page:3/What the Stall Holds","src/data/story-interludes.ts:1373","The stall, the lamp low, the canal talking to itself below","actor","Nyx","0,1,2,3","FIT/CACHE FIX","4","/portraits/cinematic/storywide/nyx-neutral.webp?v=891202c8e","/portraits/cinematic/storywide/nyx-neutral.webp?v=891202c8e","Retain source; use its reviewed focal point, non-mirrored orientation, or scoped cutout shadow. Existing revision contract remains intact."
"story-interlude-moonshadow-village-42/page:0/The Listening House","src/data/story-interludes.ts:1384","The Listening House roof at courier hour, booths glowing below like coals","background","","0,1,2,3,4,5,6","KEEP","5","/scenes/story/story-interlude-moonshadow-village-42.webp","/scenes/story/story-interlude-moonshadow-village-42.webp","Retain reviewed accurate artwork."
"story-interlude-moonshadow-village-42/page:1/Following It Down","src/data/story-interludes.ts:1392","The house's maintenance crawl, the pipe descending in the dark","background","","0","REPLACE","3","/scenes/story/cinematic/storywide/moonshadow-sanctum.webp","/scenes/story/cinematic/storywide/moonshadow-maintenance-crawl-v1.webp","Integrated reviewed replacement: moonCrawl. See production.json for reference lock and production brief."
"story-interlude-moonshadow-village-42/page:1/Following It Down","src/data/story-interludes.ts:1392","The house's maintenance crawl, the pipe descending in the dark","background","","1","REPLACE","3","/scenes/story/cinematic/storywide/moonshadow-sanctum.webp","/scenes/story/cinematic/storywide/moonshadow-nine-pipe-junction-v1.webp","Integrated reviewed replacement: moonNinePipes. See production.json for reference lock and production brief."
"story-interlude-moonshadow-village-42/page:1/Following It Down","src/data/story-interludes.ts:1392","The house's maintenance crawl, the pipe descending in the dark","background","","2,3","REPLACE","3","/scenes/story/cinematic/storywide/moonshadow-sanctum.webp","/scenes/story/cinematic/storywide/moonshadow-junction-ledger-v1.webp","Integrated reviewed replacement: moonPipeLedger. See production.json for reference lock and production brief."
"story-interlude-moonshadow-village-42/page:2/The Drain's Direction","src/data/story-interludes.ts:1397","The junction chamber, nine pipes breathing cold","background","","0,1,2,3","REPLACE","3","/scenes/story/story-interlude-moonshadow-village-42.webp","/scenes/story/cinematic/storywide/moonshadow-quartered-drain-v1.webp","Integrated reviewed replacement: moonPipeGlyph. See production.json for reference lock and production brief."
"story-interlude-moonshadow-village-58/page:0/Below the Auction Floor","src/data/story-interludes.ts:1408","The archive below the auction cellar, shelf after shelf of held files, Iro with a lamp","background","","0,1,2,3","REPLACE","3","/scenes/story/story-interlude-moonshadow-village-58.webp","/scenes/story/cinematic/storywide/moonshadow-undercellar-archive-v1.webp","Integrated reviewed replacement: moonArchive. See production.json for reference lock and production brief."
"story-interlude-moonshadow-village-58/page:0/Below the Auction Floor","src/data/story-interludes.ts:1408","The archive below the auction cellar, shelf after shelf of held files, Iro with a lamp","actor","Shade Master Iro","0,1,2,3","FIT/CACHE FIX","4","/portraits/cinematic/storywide/shade-master-iro.webp?v=891202c8e","/portraits/cinematic/storywide/shade-master-iro.webp?v=891202c8e","Retain source; use its reviewed focal point, non-mirrored orientation, or scoped cutout shadow. Existing revision contract remains intact."
"story-interlude-moonshadow-village-58/page:1/The Fed Lie","src/data/story-interludes.ts:1417","The archive, Iro's smile arriving before his answer","background","","0,1,2,3","REPLACE","3","/scenes/story/cinematic/storywide/moonshadow-sanctum.webp","/scenes/story/cinematic/storywide/moonshadow-undercellar-archive-v1.webp","Integrated reviewed replacement: moonArchive. See production.json for reference lock and production brief."
"story-interlude-moonshadow-village-58/page:1/The Fed Lie","src/data/story-interludes.ts:1417","The archive, Iro's smile arriving before his answer","actor","Shade Master Iro","0,1,2,3","FIT/CACHE FIX","4","/portraits/cinematic/storywide/shade-master-iro.webp?v=891202c8e","/portraits/cinematic/storywide/shade-master-iro.webp?v=891202c8e","Retain source; use its reviewed focal point, non-mirrored orientation, or scoped cutout shadow. Existing revision contract remains intact."
"story-interlude-moonshadow-village-58/page:2/A Shelf of One's Own","src/data/story-interludes.ts:1425","The archive's private row, one empty shelf with a fresh brass nameplate","background","","0,1,2,3","REPLACE","3","/scenes/story/cinematic/storywide/moonshadow-sanctum.webp","/scenes/story/cinematic/storywide/moonshadow-undercellar-archive-v1.webp","Integrated reviewed replacement: moonArchive. See production.json for reference lock and production brief."
"story-interlude-moonshadow-village-58/page:2/A Shelf of One's Own","src/data/story-interludes.ts:1425","The archive's private row, one empty shelf with a fresh brass nameplate","actor","Shade Master Iro","0,1,2,3","FIT/CACHE FIX","4","/portraits/cinematic/storywide/shade-master-iro.webp?v=891202c8e","/portraits/cinematic/storywide/shade-master-iro.webp?v=891202c8e","Retain source; use its reviewed focal point, non-mirrored orientation, or scoped cutout shadow. Existing revision contract remains intact."
"story-interlude-moonshadow-village-58/page:3/The Waiter's Honesty","src/data/story-interludes.ts:1433","The archive, the nameplate blank and shining, Iro's lamp steady","background","","0,1,2,3","REPLACE","3","/scenes/story/story-interlude-moonshadow-village-58.webp","/scenes/story/cinematic/storywide/moonshadow-undercellar-archive-v1.webp","Integrated reviewed replacement: moonArchive. See production.json for reference lock and production brief."
"story-interlude-moonshadow-village-58/page:3/The Waiter's Honesty","src/data/story-interludes.ts:1433","The archive, the nameplate blank and shining, Iro's lamp steady","actor","Shade Master Iro","0,1,2,3","FIT/CACHE FIX","4","/portraits/cinematic/storywide/shade-master-iro.webp?v=891202c8e","/portraits/cinematic/storywide/shade-master-iro.webp?v=891202c8e","Retain source; use its reviewed focal point, non-mirrored orientation, or scoped cutout shadow. Existing revision contract remains intact."
"story-interlude-moonshadow-village-70/page:0/Through a Locked Door","src/data/story-interludes.ts:1444","Your quarters, the bolt untouched, a file square on the desk that was empty at dusk","background","","0,1,2,3","REMAP","3","/scenes/story/story-interlude-moonshadow-village-70.webp","/scenes/story/story-moonshadow-village-15-1.webp","Resolve this exact current story beat to retained, reviewed artwork."
"story-interlude-moonshadow-village-70/page:1/The Priced Choices","src/data/story-interludes.ts:1449","The desk, the file open, every page ruled in two columns: EVENT and VALUE","background","","0,1,2,3","REMAP","3","/scenes/story/cinematic/storywide/moonshadow-civic.webp","/scenes/story/story-moonshadow-village-15-1.webp","Resolve this exact current story beat to retained, reviewed artwork."
"story-interlude-moonshadow-village-70/page:2/The Guardian, Priced","src/data/story-interludes.ts:1462","The file, your intake answer annotated in the margin","background","","0,1,2,3","REMAP","3","/scenes/story/cinematic/storywide/moonshadow-civic.webp","/scenes/story/story-moonshadow-village-15-1.webp","Resolve this exact current story beat to retained, reviewed artwork."
"story-interlude-moonshadow-village-70/page:3/The Buyer, Priced","src/data/story-interludes.ts:1470","The file, your intake answer annotated in the margin","background","","0,1,2,3","REMAP","3","/scenes/story/cinematic/storywide/moonshadow-civic.webp","/scenes/story/story-moonshadow-village-15-1.webp","Resolve this exact current story beat to retained, reviewed artwork."
"story-interlude-moonshadow-village-70/page:4/The Redeemer, Priced","src/data/story-interludes.ts:1478","The file, your intake answer annotated in the margin","background","","0,1,2,3","REMAP","3","/scenes/story/cinematic/storywide/moonshadow-civic.webp","/scenes/story/story-moonshadow-village-15-1.webp","Resolve this exact current story beat to retained, reviewed artwork."
"story-interlude-moonshadow-village-70/page:5/The Ear, Priced","src/data/story-interludes.ts:1486","The file, your intake answer annotated in the margin","background","","0,1,2,3","REMAP","3","/scenes/story/cinematic/storywide/moonshadow-civic.webp","/scenes/story/story-moonshadow-village-15-1.webp","Resolve this exact current story beat to retained, reviewed artwork."
"story-interlude-moonshadow-village-70/page:6/The Open Answer, Priced","src/data/story-interludes.ts:1494","The file, Iro's dragged pen-line reproduced in facsimile","background","","0,1,2,3","REMAP","3","/scenes/story/cinematic/storywide/moonshadow-civic.webp","/scenes/story/story-moonshadow-village-15-1.webp","Resolve this exact current story beat to retained, reviewed artwork."
"story-interlude-moonshadow-village-70/page:7/The Founding Entry","src/data/story-interludes.ts:1502","The file's last leaf, older than every other page, in no registry's hand","background","","0,1,2,3,4","REMAP","3","/scenes/story/cinematic/storywide/moonshadow-civic.webp","/scenes/story/story-moonshadow-village-15-1.webp","Resolve this exact current story beat to retained, reviewed artwork."
"story-interlude-moonshadow-village-70/page:8/The Name Not Chosen","src/data/story-interludes.ts:1511","The file's front leaf, one field the intake clerk left open on your first night","background","","0,1,2,3","REMAP","3","/scenes/story/cinematic/storywide/moonshadow-civic.webp","/scenes/story/story-moonshadow-village-15-1.webp","Resolve this exact current story beat to retained, reviewed artwork."
"story-interlude-moonshadow-village-70/page:9/What to Do With a Mirror","src/data/story-interludes.ts:1522","Your quarters at deep night, the file closed, your reflection in the dark window arriving on time for once","background","","0,1,2,3","REMAP","3","/scenes/story/story-interlude-moonshadow-village-70.webp","/scenes/story/story-moonshadow-village-15-1.webp","Resolve this exact current story beat to retained, reviewed artwork."
"story-interlude-moonshadow-village-80/page:0/The Largest Commission","src/data/story-interludes.ts:1533","A dry dock under the tower's waterline, Harrow beside a crate built for one impossible object","background","","0,1,2,3","REPLACE","3","/scenes/story/story-interlude-moonshadow-village-80.webp","/scenes/story/cinematic/storywide/moonshadow-subtower-dry-dock-v1.webp","Integrated reviewed replacement: moonDryDock. See production.json for reference lock and production brief."
"story-interlude-moonshadow-village-80/page:0/The Largest Commission","src/data/story-interludes.ts:1533","A dry dock under the tower's waterline, Harrow beside a crate built for one impossible object","actor","Kite Harrow","0,1,2,3","FIT/CACHE FIX","4","/portraits/cinematic/kite-harrow.webp?v=891202c8e","/portraits/cinematic/kite-harrow.webp?v=891202c8e","Retain source; use its reviewed focal point, non-mirrored orientation, or scoped cutout shadow. Existing revision contract remains intact."
"story-interlude-moonshadow-village-80/page:1/The Manifest","src/data/story-interludes.ts:1542","The dry dock, the blank manifest on the crate, her pen unmoving over it","background","","0,1,2,3,4,5","REPLACE","3","/scenes/story/story-interlude-moonshadow-village-80.webp","/scenes/story/cinematic/storywide/moonshadow-subtower-dry-dock-v1.webp","Integrated reviewed replacement: moonDryDock. See production.json for reference lock and production brief."
"story-interlude-moonshadow-village-80/page:1/The Manifest","src/data/story-interludes.ts:1542","The dry dock, the blank manifest on the crate, her pen unmoving over it","actor","Kite Harrow","0,1,2,3,4,5","FIT/CACHE FIX","4","/portraits/cinematic/kite-harrow.webp?v=891202c8e","/portraits/cinematic/kite-harrow.webp?v=891202c8e","Retain source; use its reviewed focal point, non-mirrored orientation, or scoped cutout shadow. Existing revision contract remains intact."
"story-interlude-moonshadow-village-88/page:0/The Empty Booth","src/data/story-interludes.ts:1555","A disused confession booth in the whisper market, scrubbed clean, its drain plugged with lead","background","","0,1,2,3,4,5","VARIANT","3","/scenes/story/story-interlude-moonshadow-village-88.webp","/scenes/story/cinematic/storywide/moonshadow-returning-booth-night-v1.webp","Integrated supported story-state variant: moonReturnsNight. See production.json for reference lock and production brief."
"story-interlude-moonshadow-village-88/page:0/The Empty Booth","src/data/story-interludes.ts:1555","A disused confession booth in the whisper market, scrubbed clean, its drain plugged with lead","actor","Nyx","0,1,2,3,4,5","REMAP","1","/portraits/cinematic/storywide/nyx.webp?v=891202c8e","/portraits/cinematic/storywide/nyx-neutral.webp?v=891202c8e","Resolve this exact current story beat to retained, reviewed artwork."
"story-interlude-moonshadow-village-88/page:1/The First Return","src/data/story-interludes.ts:1567","The booth at moonrise, one subject summoned, one file on the table, the market pretending not to watch","background","","0,1,2,3","VARIANT","3","/scenes/story/cinematic/storywide/moonshadow-civic.webp","/scenes/story/cinematic/storywide/moonshadow-returning-booth-night-v1.webp","Integrated supported story-state variant: moonReturnsNight. See production.json for reference lock and production brief."
"story-interlude-moonshadow-village-88/page:2/Fear, Refunded","src/data/story-interludes.ts:1577","The booth's shadow, Nyx very still, the market noise far away","background","","0,1,2,3","VARIANT","3","/scenes/story/cinematic/storywide/moonshadow-threshold.webp","/scenes/story/cinematic/storywide/moonshadow-returning-booth-night-v1.webp","Integrated supported story-state variant: moonReturnsNight. See production.json for reference lock and production brief."
"story-interlude-moonshadow-village-88/page:2/Fear, Refunded","src/data/story-interludes.ts:1577","The booth's shadow, Nyx very still, the market noise far away","actor","Nyx","0,1,2,3","REMAP","1","/portraits/cinematic/storywide/nyx.webp?v=891202c8e","/portraits/cinematic/storywide/nyx-neutral.webp?v=891202c8e","Resolve this exact current story beat to retained, reviewed artwork."
"story-interlude-moonshadow-village-88/page:3/The Law Breaks Quietly","src/data/story-interludes.ts:1585","The booth table, the dye-hand's hands finally on his own file","background","","0,1,2,3,4,5,6","VARIANT","3","/scenes/story/cinematic/storywide/moonshadow-sanctum.webp","/scenes/story/cinematic/storywide/moonshadow-returning-booth-night-v1.webp","Integrated supported story-state variant: moonReturnsNight. See production.json for reference lock and production brief."
"story-interlude-moonshadow-village-88/page:4/Eleven by Dawn","src/data/story-interludes.ts:1596","The booth at first light, a queue down the canal walk, receipts drying on a line","background","","0,1,2,3","VARIANT","3","/scenes/story/cinematic/storywide/moonshadow-civic.webp","/scenes/story/cinematic/storywide/moonshadow-returning-booth-dawn-v1.webp","Integrated supported story-state variant: moonReturnsDawn. See production.json for reference lock and production brief."
"story-interlude-moonshadow-village-88/page:4/Eleven by Dawn","src/data/story-interludes.ts:1596","The booth at first light, a queue down the canal walk, receipts drying on a line","actor","Nyx","0,1,2,3","FIT/CACHE FIX","4","/portraits/cinematic/storywide/nyx-neutral.webp?v=891202c8e","/portraits/cinematic/storywide/nyx-neutral.webp?v=891202c8e","Retain source; use its reviewed focal point, non-mirrored orientation, or scoped cutout shadow. Existing revision contract remains intact."
"story-interlude-moonshadow-village-88/page:5/The Twelfth File","src/data/story-interludes.ts:1606","The booth table, one file older than the rest, Nyx not touching it","background","","0,1,2,3","VARIANT","3","/scenes/story/cinematic/storywide/moonshadow-sanctum.webp","/scenes/story/cinematic/storywide/moonshadow-returning-booth-dawn-v1.webp","Integrated supported story-state variant: moonReturnsDawn. See production.json for reference lock and production brief."
"story-interlude-moonshadow-village-88/page:5/The Twelfth File","src/data/story-interludes.ts:1606","The booth table, one file older than the rest, Nyx not touching it","actor","Nyx","0,1,2,3","FIT/CACHE FIX","4","/portraits/cinematic/storywide/nyx-neutral.webp?v=891202c8e","/portraits/cinematic/storywide/nyx-neutral.webp?v=891202c8e","Retain source; use its reviewed focal point, non-mirrored orientation, or scoped cutout shadow. Existing revision contract remains intact."
"story-interlude-moonshadow-village-88/page:6/You Hold the Market","src/data/story-interludes.ts:1620","The booth, Nyx wrapping her own file in plain paper, like any parcel","background","","0,1,2,3","VARIANT","3","/scenes/story/cinematic/storywide/moonshadow-civic.webp","/scenes/story/cinematic/storywide/moonshadow-returning-booth-dawn-v1.webp","Integrated supported story-state variant: moonReturnsDawn. See production.json for reference lock and production brief."
"story-interlude-moonshadow-village-88/page:6/You Hold the Market","src/data/story-interludes.ts:1620","The booth, Nyx wrapping her own file in plain paper, like any parcel","actor","Nyx","0,1,2,3","FIT/CACHE FIX","4","/portraits/cinematic/storywide/nyx-neutral.webp?v=891202c8e","/portraits/cinematic/storywide/nyx-neutral.webp?v=891202c8e","Retain source; use its reviewed focal point, non-mirrored orientation, or scoped cutout shadow. Existing revision contract remains intact."
"story-interlude-moonshadow-village-88/page:7/Held, Not Returned","src/data/story-interludes.ts:1628","The booth, the file going back into your coat, Nyx watching it go","background","","0,1,2,3","VARIANT","3","/scenes/story/cinematic/storywide/moonshadow-threshold.webp","/scenes/story/cinematic/storywide/moonshadow-returning-booth-dawn-v1.webp","Integrated supported story-state variant: moonReturnsDawn. See production.json for reference lock and production brief."
"story-interlude-moonshadow-village-88/page:7/Held, Not Returned","src/data/story-interludes.ts:1628","The booth, the file going back into your coat, Nyx watching it go","actor","Nyx","0,1,2,3","FIT/CACHE FIX","4","/portraits/cinematic/storywide/nyx-neutral.webp?v=891202c8e","/portraits/cinematic/storywide/nyx-neutral.webp?v=891202c8e","Retain source; use its reviewed focal point, non-mirrored orientation, or scoped cutout shadow. Existing revision contract remains intact."
"story-interlude-moonshadow-village-88/page:8/The Empty Stool","src/data/story-interludes.ts:1636","The disused booth, its rear shutter open one finger-width","background","","0,1,2","VARIANT","3","/scenes/story/cinematic/storywide/moonshadow-civic.webp","/scenes/story/cinematic/storywide/moonshadow-returning-booth-dawn-v1.webp","Integrated supported story-state variant: moonReturnsDawn. See production.json for reference lock and production brief."
"story-interlude-moonshadow-village-88/page:8/The Empty Stool","src/data/story-interludes.ts:1636","The disused booth, its rear shutter open one finger-width","actor","Nyx","0,1,2","FIT/CACHE FIX","4","/portraits/cinematic/storywide/nyx-neutral.webp?v=891202c8e","/portraits/cinematic/storywide/nyx-neutral.webp?v=891202c8e","Retain source; use its reviewed focal point, non-mirrored orientation, or scoped cutout shadow. Existing revision contract remains intact."
"story-interlude-moonshadow-village-88/page:9/The Scraped Notice","src/data/story-interludes.ts:1643","The disused booth, Nyx cleaning old paste from the front shutter","background","","0,1,2","VARIANT","3","/scenes/story/cinematic/storywide/moonshadow-threshold.webp","/scenes/story/cinematic/storywide/moonshadow-returning-booth-dawn-v1.webp","Integrated supported story-state variant: moonReturnsDawn. See production.json for reference lock and production brief."
"story-interlude-moonshadow-village-88/page:9/The Scraped Notice","src/data/story-interludes.ts:1643","The disused booth, Nyx cleaning old paste from the front shutter","actor","Nyx","0,1,2","FIT/CACHE FIX","4","/portraits/cinematic/storywide/nyx-neutral.webp?v=891202c8e","/portraits/cinematic/storywide/nyx-neutral.webp?v=891202c8e","Retain source; use its reviewed focal point, non-mirrored orientation, or scoped cutout shadow. Existing revision contract remains intact."
"story-interlude-moonshadow-village-88/page:10/What the Market Carries","src/data/story-interludes.ts:1650","Dawn over the canal, the returns line still forming, receipts drying like laundry","background","","0,1,2,3","VARIANT","3","/scenes/story/story-interlude-moonshadow-village-88.webp","/scenes/story/cinematic/storywide/moonshadow-returning-booth-dawn-v1.webp","Integrated supported story-state variant: moonReturnsDawn. See production.json for reference lock and production brief."
"story-interlude-moonshadow-village-92/page:0/Nine Lanterns","src/data/story-interludes.ts:1661","The tower road at dusk, all nine lanterns lit, three figures waiting one lantern apart","background","","0,1,2,3","KEEP","5","/scenes/story/story-interlude-moonshadow-village-92.webp","/scenes/story/story-interlude-moonshadow-village-92.webp","Retain reviewed accurate artwork."
"story-interlude-moonshadow-village-92/page:1/The Settled Ledger","src/data/story-interludes.ts:1666","The first lantern, Nyx with her book open to its last page","background","","0,1,2,3,4","REMAP","3","/scenes/story/cinematic/storywide/moonshadow-sanctum.webp","/scenes/story/story-interlude-moonshadow-village-92.webp","Resolve this exact current story beat to retained, reviewed artwork."
"story-interlude-moonshadow-village-92/page:1/The Settled Ledger","src/data/story-interludes.ts:1666","The first lantern, Nyx with her book open to its last page","actor","Nyx","0,1,2,3,4","FIT/CACHE FIX","4","/portraits/cinematic/storywide/nyx-neutral.webp?v=891202c8e","/portraits/cinematic/storywide/nyx-neutral.webp?v=891202c8e","Retain source; use its reviewed focal point, non-mirrored orientation, or scoped cutout shadow. Existing revision contract remains intact."
"story-interlude-moonshadow-village-92/page:2/The Parcel","src/data/story-interludes.ts:1677","The first lantern, the plain-wrapped file under Nyx's arm like a market parcel","background","","0,1,2,3","REMAP","3","/scenes/story/cinematic/storywide/moonshadow-civic.webp","/scenes/story/story-interlude-moonshadow-village-92.webp","Resolve this exact current story beat to retained, reviewed artwork."
"story-interlude-moonshadow-village-92/page:2/The Parcel","src/data/story-interludes.ts:1677","The first lantern, the plain-wrapped file under Nyx's arm like a market parcel","actor","Nyx","0,1,2,3","FIT/CACHE FIX","4","/portraits/cinematic/storywide/nyx-neutral.webp?v=891202c8e","/portraits/cinematic/storywide/nyx-neutral.webp?v=891202c8e","Retain source; use its reviewed focal point, non-mirrored orientation, or scoped cutout shadow. Existing revision contract remains intact."
"story-interlude-moonshadow-village-92/page:3/The Eleventh Signature","src/data/story-interludes.ts:1685","The first lantern, the case file open to its last receipt","background","","0,1,2,3","REMAP","3","/scenes/story/cinematic/storywide/moonshadow-sanctum.webp","/scenes/story/story-interlude-moonshadow-village-92.webp","Resolve this exact current story beat to retained, reviewed artwork."
"story-interlude-moonshadow-village-92/page:3/The Eleventh Signature","src/data/story-interludes.ts:1685","The first lantern, the case file open to its last receipt","actor","Nyx","0,1,2,3","FIT/CACHE FIX","4","/portraits/cinematic/storywide/nyx-neutral.webp?v=891202c8e","/portraits/cinematic/storywide/nyx-neutral.webp?v=891202c8e","Retain source; use its reviewed focal point, non-mirrored orientation, or scoped cutout shadow. Existing revision contract remains intact."
"story-interlude-moonshadow-village-92/page:4/Three Tomorrows","src/data/story-interludes.ts:1693","The fourth lantern, Iro with three sealed drafts fanned in one hand","background","","0,1,2,3","REMAP","3","/scenes/story/cinematic/storywide/moonshadow-sanctum.webp","/scenes/story/story-interlude-moonshadow-village-92.webp","Resolve this exact current story beat to retained, reviewed artwork."
"story-interlude-moonshadow-village-92/page:4/Three Tomorrows","src/data/story-interludes.ts:1693","The fourth lantern, Iro with three sealed drafts fanned in one hand","actor","Shade Master Iro","0,1,2,3","FIT/CACHE FIX","4","/portraits/cinematic/storywide/shade-master-iro.webp?v=891202c8e","/portraits/cinematic/storywide/shade-master-iro.webp?v=891202c8e","Retain source; use its reviewed focal point, non-mirrored orientation, or scoped cutout shadow. Existing revision contract remains intact."
"story-interlude-moonshadow-village-92/page:5/The Unlit Lantern","src/data/story-interludes.ts:1701","The seventh lantern, the shrine witness holding her own small lamp, wick trimmed, unlit","background","","0,1,2,3","REMAP","3","/scenes/story/cinematic/storywide/moonshadow-blackout.webp","/scenes/story/story-interlude-moonshadow-village-92.webp","Resolve this exact current story beat to retained, reviewed artwork."
"story-interlude-moonshadow-village-92/page:5/The Unlit Lantern","src/data/story-interludes.ts:1701","The seventh lantern, the shrine witness holding her own small lamp, wick trimmed, unlit","actor","Shrine Witness","0,1,2,3","FIT/CACHE FIX","4","/portraits/cinematic/storywide/shrine-witness.webp?v=891202c8e","/portraits/cinematic/storywide/shrine-witness.webp?v=891202c8e","Retain source; use its reviewed focal point, non-mirrored orientation, or scoped cutout shadow. Existing revision contract remains intact."
"story-interlude-moonshadow-village-92/page:6/The Windows Light","src/data/story-interludes.ts:1706","The canal at full dark, returned files appearing in windows, masks left on sills","background","","0,1,2,3","KEEP","5","/scenes/story/story-interlude-moonshadow-village-92.webp","/scenes/story/story-interlude-moonshadow-village-92.webp","Retain reviewed accurate artwork."
"story-interlude-moonshadow-village-92/page:6/The Windows Light","src/data/story-interludes.ts:1706","The canal at full dark, returned files appearing in windows, masks left on sills","actor","Nyx","0,1,2,3","FIT/CACHE FIX","4","/portraits/cinematic/storywide/nyx-neutral.webp?v=891202c8e","/portraits/cinematic/storywide/nyx-neutral.webp?v=891202c8e","Retain source; use its reviewed focal point, non-mirrored orientation, or scoped cutout shadow. Existing revision contract remains intact."
"story-road-border-smoke/page:0/The Burn Line","src/data/story-road-events.ts:77","Burnt strip, Ashen Leaf border road","background","","0,1,2","KEEP","5","/scenes/story/cinematic/side-stories/story-road-border-smoke.webp","/scenes/story/cinematic/side-stories/story-road-border-smoke.webp","Retain reviewed accurate artwork."
"story-road-border-smoke/page:1/Undeliverable","src/data/story-road-events.ts:81","The eastern boundary stone","background","","0,1,2,3,4","KEEP","5","/scenes/story/cinematic/side-stories/story-road-border-smoke.webp","/scenes/story/cinematic/side-stories/story-road-border-smoke.webp","Retain reviewed accurate artwork."
"story-road-border-smoke/page:1/Undeliverable","src/data/story-road-events.ts:81","The eastern boundary stone","actor","Pell Marrow","0,1,2,3,4","KEEP","5","/portraits/cinematic/side-stories/pell-marrow.webp?v=891202c8e","/portraits/cinematic/side-stories/pell-marrow.webp?v=891202c8e","Retain reviewed accurate artwork."
"story-road-border-smoke/page:2/Ask Her Twice","src/data/story-road-events.ts:87","Charcoal camp above the burn","background","","0,1,2,3,4,5","REPLACE","3","/scenes/story/cinematic/side-stories/story-road-border-smoke.webp","/scenes/story/cinematic/storywide/ashen-field-charcoal-yard-v1.webp","Integrated reviewed replacement: ashenCharcoalYard. See production.json for reference lock and production brief."
"story-road-border-smoke/page:2/Ask Her Twice","src/data/story-road-events.ts:87","Charcoal camp above the burn","actor","Umi","0,1,2,3,4,5","KEEP","5","/portraits/cinematic/side-stories/umi.webp?v=891202c8e","/portraits/cinematic/side-stories/umi.webp?v=891202c8e","Retain reviewed accurate artwork."
"story-road-border-smoke/page:3/Lead in the Ash","src/data/story-road-events.ts:94","The border stones, dusk coming","background","","0,1,2,3,4","KEEP","5","/scenes/story/cinematic/side-stories/story-road-border-smoke.webp","/scenes/story/cinematic/side-stories/story-road-border-smoke.webp","Retain reviewed accurate artwork."
"story-road-border-smoke/page:3/Lead in the Ash","src/data/story-road-events.ts:94","The border stones, dusk coming","actor","Pell Marrow","0,1,2,3,4","KEEP","5","/portraits/cinematic/side-stories/pell-marrow.webp?v=891202c8e","/portraits/cinematic/side-stories/pell-marrow.webp?v=891202c8e","Retain reviewed accurate artwork."
"story-road-second-teacher/page:0/The Watcher at the Rail","src/data/story-road-events.ts:106","A waystation yard off the north road","background","","0,1,2,3","REPLACE","3","/scenes/story/cinematic/side-stories/story-road-second-teacher.webp","/scenes/story/cinematic/side-stories/road-waystation-practice-yard-v1.webp","Integrated reviewed replacement: roadPracticeYard. See production.json for reference lock and production brief."
"story-road-second-teacher/page:0/The Watcher at the Rail","src/data/story-road-events.ts:106","A waystation yard off the north road","actor","Instructor Havek","0,1,2,3","KEEP","5","/portraits/cinematic/side-stories/instructor-havek.webp?v=891202c8e","/portraits/cinematic/side-stories/instructor-havek.webp?v=891202c8e","Retain reviewed accurate artwork."
"story-road-second-teacher/page:1/Drill Twelve","src/data/story-road-events.ts:111","The drill yard, second hour","background","","0,1,2,3,4","REPLACE","3","/scenes/story/cinematic/side-stories/story-road-second-teacher.webp","/scenes/story/cinematic/side-stories/road-waystation-practice-yard-v1.webp","Integrated reviewed replacement: roadPracticeYard. See production.json for reference lock and production brief."
"story-road-second-teacher/page:1/Drill Twelve","src/data/story-road-events.ts:111","The drill yard, second hour","actor","Petra","0,1,2,3,4","KEEP","5","/portraits/cinematic/side-stories/petra.webp?v=891202c8e","/portraits/cinematic/side-stories/petra.webp?v=891202c8e","Retain reviewed accurate artwork."
"story-road-second-teacher/page:2/The Mask in the Yard","src/data/story-road-events.ts:117","Dust, scattered pads, one figure running","background","","0,1,2,3","REPLACE","3","/scenes/story/cinematic/side-stories/story-road-second-teacher.webp","/scenes/story/cinematic/side-stories/road-waystation-practice-yard-v1.webp","Integrated reviewed replacement: roadPracticeYard. See production.json for reference lock and production brief."
"story-road-second-teacher/page:2/The Mask in the Yard","src/data/story-road-events.ts:117","Dust, scattered pads, one figure running","actor","Instructor Havek","0,1,2,3","VARIANT","1","/portraits/cinematic/side-stories/instructor-havek.webp?v=891202c8e","/portraits/cinematic/side-stories/instructor-havek-empty-hand-v1.webp?v=891202c8e","Integrated supported story-state variant: havekEmptyHand. See production.json for reference lock and production brief."
"story-road-second-teacher/page:3/The Open Gate","src/data/story-road-events.ts:122","The yard gate, the thief clearing it","background","","0,1,2","REPLACE","3","/scenes/story/cinematic/side-stories/story-road-second-teacher.webp","/scenes/story/cinematic/side-stories/road-waystation-practice-yard-v1.webp","Integrated reviewed replacement: roadPracticeYard. See production.json for reference lock and production brief."
"story-road-three-footprints/page:0/The Rubbings","src/data/story-road-events.ts:132","Crossroads shrine, wet morning","background","","0,1,2,3,4","KEEP","5","/scenes/story/cinematic/side-stories/story-road-three-footprints.webp","/scenes/story/cinematic/side-stories/story-road-three-footprints.webp","Retain reviewed accurate artwork."
"story-road-three-footprints/page:0/The Rubbings","src/data/story-road-events.ts:132","Crossroads shrine, wet morning","actor","Oren Slate","0,1,2,3,4","KEEP","5","/portraits/cinematic/side-stories/oren-slate.webp?v=891202c8e","/portraits/cinematic/side-stories/oren-slate.webp?v=891202c8e","Retain reviewed accurate artwork."
"story-road-three-footprints/page:1/The Print That Starts Nowhere","src/data/story-road-events.ts:138","Fallow field, Reedmarsh sector","background","","0,1,2,3","REPLACE","3","/scenes/story/cinematic/side-stories/story-road-three-footprints.webp","/scenes/story/cinematic/side-stories/road-eleven-frozen-footprints-v1.webp","Integrated reviewed replacement: roadFrozenFootprints. See production.json for reference lock and production brief."
"story-road-three-footprints/page:2/Everywhere He Isn't","src/data/story-road-events.ts:143","Coldbrook ditch, past midday","background","","0,1,2,3,4","REPLACE","3","/scenes/story/cinematic/side-stories/story-road-three-footprints.webp","/scenes/story/cinematic/side-stories/road-coldbrook-ditch-v1.webp","Integrated reviewed replacement: roadColdbrookDitch. See production.json for reference lock and production brief."
"story-road-three-footprints/page:2/Everywhere He Isn't","src/data/story-road-events.ts:143","Coldbrook ditch, past midday","actor","Oren Slate","0,1,2,3,4","KEEP","5","/portraits/cinematic/side-stories/oren-slate.webp?v=891202c8e","/portraits/cinematic/side-stories/oren-slate.webp?v=891202c8e","Retain reviewed accurate artwork."
"story-road-three-footprints/page:3/Your Road","src/data/story-road-events.ts:149","Third sector, sun going down","background","","0,1,2,3,4","REMAP","3","/scenes/story/cinematic/side-stories/story-road-three-footprints.webp","/scenes/story/story-road-fifth-anchor.webp","Resolve this exact current story beat to retained, reviewed artwork."
"story-road-three-footprints/page:3/Your Road","src/data/story-road-events.ts:149","Third sector, sun going down","actor","Oren Slate","0,1,2,3,4","KEEP","5","/portraits/cinematic/side-stories/oren-slate.webp?v=891202c8e","/portraits/cinematic/side-stories/oren-slate.webp?v=891202c8e","Retain reviewed accurate artwork."
"story-road-withheld-cache/page:0/The Wall Side","src/data/story-road-events.ts:161","Switchback trail above the salt flats","background","","0,1,2,3,4","KEEP","5","/scenes/story/cinematic/side-stories/story-road-withheld-cache.webp","/scenes/story/cinematic/side-stories/story-road-withheld-cache.webp","Retain reviewed accurate artwork."
"story-road-withheld-cache/page:0/The Wall Side","src/data/story-road-events.ts:161","Switchback trail above the salt flats","actor","Serel","0,1,2,3,4","KEEP","5","/portraits/cinematic/side-stories/serel.webp?v=891202c8e","/portraits/cinematic/side-stories/serel.webp?v=891202c8e","Retain reviewed accurate artwork."
"story-road-withheld-cache/page:1/The Stone","src/data/story-road-events.ts:167","A lidded stone in dry scrub","background","","0,1,2,3,4","REPLACE","3","/scenes/story/cinematic/side-stories/story-road-withheld-cache.webp","/scenes/story/cinematic/side-stories/road-withheld-lidded-stone-v1.webp","Integrated reviewed replacement: roadWithheldStone. See production.json for reference lock and production brief."
"story-road-withheld-cache/page:2/Three Dry Days","src/data/story-road-events.ts:173","Inside the moss ring, midday","background","","0,1,2,3,4,5","REPLACE","3","/scenes/story/cinematic/side-stories/story-road-withheld-cache.webp","/scenes/story/cinematic/side-stories/road-withheld-lidded-stone-v1.webp","Integrated reviewed replacement: roadWithheldStone. See production.json for reference lock and production brief."
"story-road-withheld-cache/page:2/Three Dry Days","src/data/story-road-events.ts:173","Inside the moss ring, midday","actor","Serel","0,1,2,3,4,5","KEEP","5","/portraits/cinematic/side-stories/serel.webp?v=891202c8e","/portraits/cinematic/side-stories/serel.webp?v=891202c8e","Retain reviewed accurate artwork."
"story-road-withheld-cache/page:3/Your Own No","src/data/story-road-events.ts:180","Before the loosened seam","background","","0,1,2,3,4","REPLACE","3","/scenes/story/cinematic/side-stories/story-road-withheld-cache.webp","/scenes/story/cinematic/side-stories/road-withheld-lidded-stone-v1.webp","Integrated reviewed replacement: roadWithheldStone. See production.json for reference lock and production brief."
"story-road-withheld-cache/page:3/Your Own No","src/data/story-road-events.ts:180","Before the loosened seam","actor","Serel","0,1,2,3,4","KEEP","5","/portraits/cinematic/side-stories/serel.webp?v=891202c8e","/portraits/cinematic/side-stories/serel.webp?v=891202c8e","Retain reviewed accurate artwork."
"story-road-shrine-of-two-flags/page:0/The Count at the Door","src/data/story-road-events.ts:192","Mud road below the shrine pass","background","","0,1,2,3","KEEP","5","/scenes/story/cinematic/side-stories/story-road-shrine-of-two-flags.webp","/scenes/story/cinematic/side-stories/story-road-shrine-of-two-flags.webp","Retain reviewed accurate artwork."
"story-road-shrine-of-two-flags/page:0/The Count at the Door","src/data/story-road-events.ts:192","Mud road below the shrine pass","actor","Sefa","0,1,2,3","KEEP","5","/portraits/cinematic/side-stories/sefa.webp?v=891202c8e","/portraits/cinematic/side-stories/sefa.webp?v=891202c8e","Retain reviewed accurate artwork."
"story-road-shrine-of-two-flags/page:1/The Shrine Between Banners","src/data/story-road-events.ts:197","The narrows, under raid horns","background","","0,1,2,3","REPLACE","3","/scenes/story/cinematic/side-stories/story-road-shrine-of-two-flags.webp","/scenes/story/cinematic/side-stories/road-shrine-two-approaches-v1.webp","Integrated reviewed replacement: roadTwoFlagShrine. See production.json for reference lock and production brief."
"story-road-shrine-of-two-flags/page:2/The West Line","src/data/story-road-events.ts:202","West steps, Stormveil raid line","background","","0,1,2,3","REPLACE","3","/scenes/story/cinematic/side-stories/story-road-shrine-of-two-flags.webp","/scenes/story/cinematic/side-stories/road-shrine-two-approaches-v1.webp","Integrated reviewed replacement: roadTwoFlagShrine. See production.json for reference lock and production brief."
"story-road-shrine-of-two-flags/page:2/The West Line","src/data/story-road-events.ts:202","West steps, Stormveil raid line","actor","Captain Hela Dray","0,1,2,3","KEEP","5","/portraits/cinematic/side-stories/captain-hela-dray.webp?v=891202c8e","/portraits/cinematic/side-stories/captain-hela-dray.webp?v=891202c8e","Retain reviewed accurate artwork."
"story-road-shrine-of-two-flags/page:3/The East Line","src/data/story-road-events.ts:207","East steps, behind the ash banners","background","","0,1,2,3","REPLACE","3","/scenes/story/cinematic/side-stories/story-road-shrine-of-two-flags.webp","/scenes/story/cinematic/side-stories/road-shrine-two-approaches-v1.webp","Integrated reviewed replacement: roadTwoFlagShrine. See production.json for reference lock and production brief."
"story-road-shrine-of-two-flags/page:3/The East Line","src/data/story-road-events.ts:207","East steps, behind the ash banners","actor","Warden Suvi Rell","0,1,2,3","KEEP","5","/portraits/cinematic/side-stories/warden-suvi-rell.webp?v=891202c8e","/portraits/cinematic/side-stories/warden-suvi-rell.webp?v=891202c8e","Retain reviewed accurate artwork."
"story-road-shrine-of-two-flags/page:4/Nine Pairs of Sandals","src/data/story-road-events.ts:212","Shrine doorway, horns sounding again","background","","0,1,2,3","REPLACE","3","/scenes/story/cinematic/side-stories/story-road-shrine-of-two-flags.webp","/scenes/story/cinematic/side-stories/road-shrine-two-approaches-v1.webp","Integrated reviewed replacement: roadTwoFlagShrine. See production.json for reference lock and production brief."
"story-road-shrine-of-two-flags/page:4/Nine Pairs of Sandals","src/data/story-road-events.ts:212","Shrine doorway, horns sounding again","actor","Sefa","0,1,2,3","KEEP","5","/portraits/cinematic/side-stories/sefa.webp?v=891202c8e","/portraits/cinematic/side-stories/sefa.webp?v=891202c8e","Retain reviewed accurate artwork."
"story-road-legacy-without-a-name/page:0/The Stone at the Fork","src/data/story-road-events.ts:223","A marker stone where three roads meet","background","","0,1,2,3,4,5,6","KEEP","5","/scenes/story/cinematic/side-stories/story-road-legacy-without-a-name.webp","/scenes/story/cinematic/side-stories/story-road-legacy-without-a-name.webp","Retain reviewed accurate artwork."
"story-road-legacy-without-a-name/page:0/The Stone at the Fork","src/data/story-road-events.ts:223","A marker stone where three roads meet","actor","Emissary Corvane","0,1,2,3,4,5,6","KEEP","5","/portraits/cinematic/side-stories/emissary-corvane.webp?v=891202c8e","/portraits/cinematic/side-stories/emissary-corvane.webp?v=891202c8e","Retain reviewed accurate artwork."
"story-road-legacy-without-a-name/page:1/What the Miller Keeps","src/data/story-road-events.ts:231","A millhouse loft above the west ford","background","","0,1,2,3,4,5","REPLACE","3","/scenes/story/cinematic/side-stories/story-road-legacy-without-a-name.webp","/scenes/story/cinematic/side-stories/road-west-ford-mill-loft-v1.webp","Integrated reviewed replacement: roadMillLoft. See production.json for reference lock and production brief."
"story-road-legacy-without-a-name/page:1/What the Miller Keeps","src/data/story-road-events.ts:231","A millhouse loft above the west ford","actor","Bracken","0,1,2,3,4,5","KEEP","5","/portraits/cinematic/side-stories/bracken.webp?v=891202c8e","/portraits/cinematic/side-stories/bracken.webp?v=891202c8e","Retain reviewed accurate artwork."
"story-road-legacy-without-a-name/page:2/The Sergeant's Arithmetic","src/data/story-road-events.ts:238","A porch in a border hamlet","background","","0,1,2,3,4,5","REPLACE","3","/scenes/story/cinematic/side-stories/story-road-legacy-without-a-name.webp","/scenes/story/cinematic/side-stories/road-hamlet-shuttered-porch-v1.webp","Integrated reviewed replacement: roadHamletPorch. See production.json for reference lock and production brief."
"story-road-legacy-without-a-name/page:2/The Sergeant's Arithmetic","src/data/story-road-events.ts:238","A porch in a border hamlet","actor","Sergeant Venn","0,1,2,3,4,5","KEEP","5","/portraits/cinematic/side-stories/sergeant-venn.webp?v=891202c8e","/portraits/cinematic/side-stories/sergeant-venn.webp?v=891202c8e","Retain reviewed accurate artwork."
"story-road-legacy-without-a-name/page:3/The Ninth of Thaw","src/data/story-road-events.ts:245","The fork again, at dusk","background","","0,1,2,3,4,5","KEEP","5","/scenes/story/cinematic/side-stories/story-road-legacy-without-a-name.webp","/scenes/story/cinematic/side-stories/story-road-legacy-without-a-name.webp","Retain reviewed accurate artwork."
"story-road-legacy-without-a-name/page:3/The Ninth of Thaw","src/data/story-road-events.ts:245","The fork again, at dusk","actor","Emissary Corvane","0,1,2,3,4,5","KEEP","5","/portraits/cinematic/side-stories/emissary-corvane.webp?v=891202c8e","/portraits/cinematic/side-stories/emissary-corvane.webp?v=891202c8e","Retain reviewed accurate artwork."
"story-road-legacy-without-a-name/page:4/The Open Register","src/data/story-road-events.ts:252","The register hall in Ashen Leaf, after hours","background","","0,1,2,3,4","REMAP","3","/scenes/story/cinematic/side-stories/story-road-legacy-without-a-name.webp","/scenes/story/cinematic/ashen-register-hall-wide.webp","Resolve this exact current story beat to retained, reviewed artwork."
"story-road-legacy-without-a-name/page:4/The Open Register","src/data/story-road-events.ts:252","The register hall in Ashen Leaf, after hours","actor","Emissary Corvane","0,1,2,3,4","KEEP","5","/portraits/cinematic/side-stories/emissary-corvane.webp?v=891202c8e","/portraits/cinematic/side-stories/emissary-corvane.webp?v=891202c8e","Retain reviewed accurate artwork."
"story-road-unsworn-ledger/page:0/The Convoy","src/data/story-road-events.ts:264","Cart track above a drowned tollhouse","background","","0,1,2,3","REPLACE","3","/scenes/story/cinematic/side-stories/story-road-unsworn-ledger.webp","/scenes/story/cinematic/side-stories/road-sealed-convoy-v1.webp","Integrated reviewed replacement: roadSealedConvoy. See production.json for reference lock and production brief."
"story-road-unsworn-ledger/page:1/Hazard Rate","src/data/story-road-events.ts:269","Tailboard of the second wagon","background","","0,1,2,3,4","REPLACE","3","/scenes/story/cinematic/side-stories/story-road-unsworn-ledger.webp","/scenes/story/cinematic/side-stories/road-sealed-convoy-v1.webp","Integrated reviewed replacement: roadSealedConvoy. See production.json for reference lock and production brief."
"story-road-unsworn-ledger/page:1/Hazard Rate","src/data/story-road-events.ts:269","Tailboard of the second wagon","actor","Kite Harrow","0,1,2,3,4","KEEP","5","/portraits/cinematic/kite-harrow.webp?v=891202c8e","/portraits/cinematic/kite-harrow.webp?v=891202c8e","Retain reviewed accurate artwork."
"story-road-unsworn-ledger/page:2/The Tallyman","src/data/story-road-events.ts:275","Head of the convoy, ledger open","background","","0,1,2,3,4","REPLACE","3","/scenes/story/cinematic/side-stories/story-road-unsworn-ledger.webp","/scenes/story/cinematic/side-stories/road-sealed-convoy-v1.webp","Integrated reviewed replacement: roadSealedConvoy. See production.json for reference lock and production brief."
"story-road-unsworn-ledger/page:2/The Tallyman","src/data/story-road-events.ts:275","Head of the convoy, ledger open","actor","Bellis Crane","0,1,2,3,4","KEEP","5","/portraits/cinematic/side-stories/bellis-crane.webp?v=891202c8e","/portraits/cinematic/side-stories/bellis-crane.webp?v=891202c8e","Retain reviewed accurate artwork."
"story-road-unsworn-ledger/page:3/The Menu","src/data/story-road-events.ts:281","Out of the guards' hearing","background","","0,1,2,3,4","REPLACE","3","/scenes/story/cinematic/side-stories/story-road-unsworn-ledger.webp","/scenes/story/cinematic/side-stories/road-sealed-convoy-v1.webp","Integrated reviewed replacement: roadSealedConvoy. See production.json for reference lock and production brief."
"story-road-unsworn-ledger/page:3/The Menu","src/data/story-road-events.ts:281","Out of the guards' hearing","actor","Kite Harrow","0,1,2,3,4","KEEP","5","/portraits/cinematic/kite-harrow.webp?v=891202c8e","/portraits/cinematic/kite-harrow.webp?v=891202c8e","Retain reviewed accurate artwork."
"story-road-black-bridge/page:0/A Name Both Sides Gave","src/data/story-road-events.ts:293","Toll road above the Grey Fork","background","","0,1,2,3,4","REPLACE","3","/scenes/story/cinematic/side-stories/story-road-black-bridge.webp","/scenes/story/cinematic/side-stories/road-black-bridge-exchange-v1.webp","Integrated reviewed replacement: roadBlackBridge. See production.json for reference lock and production brief."
"story-road-black-bridge/page:0/A Name Both Sides Gave","src/data/story-road-events.ts:293","Toll road above the Grey Fork","actor","Registrar Corin Vell","0,1,2,3,4","KEEP","5","/portraits/cinematic/side-stories/registrar-corin-vell.webp?v=891202c8e","/portraits/cinematic/side-stories/registrar-corin-vell.webp?v=891202c8e","Retain reviewed accurate artwork."
"story-road-black-bridge/page:1/The Count","src/data/story-road-events.ts:299","Black Bridge, north bank","background","","0,1,2,3,4","REPLACE","3","/scenes/story/cinematic/side-stories/story-road-black-bridge.webp","/scenes/story/cinematic/side-stories/road-black-bridge-exchange-v1.webp","Integrated reviewed replacement: roadBlackBridge. See production.json for reference lock and production brief."
"story-road-black-bridge/page:1/The Count","src/data/story-road-events.ts:299","Black Bridge, north bank","actor","Sergeant Aldis Rime","0,1,2,3,4","KEEP","5","/portraits/cinematic/side-stories/sergeant-aldis-rime.webp?v=891202c8e","/portraits/cinematic/side-stories/sergeant-aldis-rime.webp?v=891202c8e","Retain reviewed accurate artwork."
"story-road-black-bridge/page:2/The Chalk Lines","src/data/story-road-events.ts:305","Mid-span, between the chalk lines","background","","0,1,2,3,4","REPLACE","3","/scenes/story/cinematic/side-stories/story-road-black-bridge.webp","/scenes/story/cinematic/side-stories/road-black-bridge-exchange-v1.webp","Integrated reviewed replacement: roadBlackBridge. See production.json for reference lock and production brief."
"story-road-black-bridge/page:2/The Chalk Lines","src/data/story-road-events.ts:305","Mid-span, between the chalk lines","actor","Veil Adaza","0,1,2,3,4","REPLACE","1","/portraits/cinematic/storywide/veil-adaza.webp?v=891202c8e","/portraits/cinematic/storywide/veil-adaza-clean-alpha-v1.webp?v=891202c8e","Integrated reviewed replacement: adazaCleanAlpha. See production.json for reference lock and production brief."
"story-road-black-bridge/page:3/First Bolt","src/data/story-road-events.ts:311","Black Bridge, mid-exchange","background","","0,1,2,3","VARIANT","3","/scenes/story/cinematic/side-stories/story-road-black-bridge.webp","/scenes/story/cinematic/side-stories/road-black-bridge-first-bolt-v1.webp","Integrated supported story-state variant: roadBlackBridgeAmbush. See production.json for reference lock and production brief."
"story-road-rival-who-keeps-losing/page:0/The Paid Lesson","src/data/story-road-events.ts:322","Waystation yard, frost on the rails","background","","0,1,2,3","VARIANT","3","/scenes/story/cinematic/side-stories/story-road-rival-who-keeps-losing.webp","/scenes/story/cinematic/side-stories/road-waystation-frost-ring-v1.webp","Integrated supported story-state variant: roadFrostYard. See production.json for reference lock and production brief."
"story-road-rival-who-keeps-losing/page:1/Show Me Slower","src/data/story-road-events.ts:327","Inside the chalked ring","background","","0,1,2,3","VARIANT","3","/scenes/story/cinematic/side-stories/story-road-rival-who-keeps-losing.webp","/scenes/story/cinematic/side-stories/road-waystation-frost-ring-v1.webp","Integrated supported story-state variant: roadFrostYard. See production.json for reference lock and production brief."
"story-road-rival-who-keeps-losing/page:1/Show Me Slower","src/data/story-road-events.ts:327","Inside the chalked ring","actor","Anji Vesk","0,1,2,3","KEEP","5","/portraits/cinematic/side-stories/anji-vesk.webp?v=891202c8e","/portraits/cinematic/side-stories/anji-vesk.webp?v=891202c8e","Retain reviewed accurate artwork."
"story-road-rival-who-keeps-losing/page:2/The Letters Lean Wrong","src/data/story-road-events.ts:332","Fence rail, sharing a water skin","background","","0,1,2,3,4","VARIANT","3","/scenes/story/cinematic/side-stories/story-road-rival-who-keeps-losing.webp","/scenes/story/cinematic/side-stories/road-waystation-frost-ring-v1.webp","Integrated supported story-state variant: roadFrostYard. See production.json for reference lock and production brief."
"story-road-rival-who-keeps-losing/page:2/The Letters Lean Wrong","src/data/story-road-events.ts:332","Fence rail, sharing a water skin","actor","Anji Vesk","0,1,2,3,4","KEEP","5","/portraits/cinematic/side-stories/anji-vesk.webp?v=891202c8e","/portraits/cinematic/side-stories/anji-vesk.webp?v=891202c8e","Retain reviewed accurate artwork."
"story-road-rival-who-keeps-losing/page:3/Both Halves, Up Front","src/data/story-road-events.ts:338","The yard, chalk dust, new ring","background","","0,1,2,3","VARIANT","3","/scenes/story/cinematic/side-stories/story-road-rival-who-keeps-losing.webp","/scenes/story/cinematic/side-stories/road-waystation-frost-ring-v1.webp","Integrated supported story-state variant: roadFrostYard. See production.json for reference lock and production brief."
"story-road-rival-who-keeps-losing/page:3/Both Halves, Up Front","src/data/story-road-events.ts:338","The yard, chalk dust, new ring","actor","Anji Vesk","0,1,2,3","KEEP","5","/portraits/cinematic/side-stories/anji-vesk.webp?v=891202c8e","/portraits/cinematic/side-stories/anji-vesk.webp?v=891202c8e","Retain reviewed accurate artwork."
"story-road-alliance-drill/page:0/The Neutral Nobody Meant","src/data/story-road-events.ts:349","Switchback road above the drill flats","background","","0,1,2,3,4","KEEP","5","/scenes/story/cinematic/side-stories/story-road-alliance-drill.webp","/scenes/story/cinematic/side-stories/story-road-alliance-drill.webp","Retain reviewed accurate artwork."
"story-road-alliance-drill/page:0/The Neutral Nobody Meant","src/data/story-road-events.ts:349","Switchback road above the drill flats","actor","Proctor Hasse","0,1,2,3,4","KEEP","5","/portraits/cinematic/side-stories/proctor-hasse.webp?v=891202c8e","/portraits/cinematic/side-stories/proctor-hasse.webp?v=891202c8e","Retain reviewed accurate artwork."
"story-road-alliance-drill/page:1/Forty-One","src/data/story-road-events.ts:355","Drill flats, exercise halted mid-pass","background","","0,1,2,3,4","REPLACE","3","/scenes/story/cinematic/side-stories/story-road-alliance-drill.webp","/scenes/story/cinematic/side-stories/road-alliance-drill-flats-v1.webp","Integrated reviewed replacement: roadDrillFlats. See production.json for reference lock and production brief."
"story-road-alliance-drill/page:1/Forty-One","src/data/story-road-events.ts:355","Drill flats, exercise halted mid-pass","actor","Sergeant Brekka","0,1,2,3,4","KEEP","5","/portraits/cinematic/side-stories/sergeant-brekka.webp?v=891202c8e","/portraits/cinematic/side-stories/sergeant-brekka.webp?v=891202c8e","Retain reviewed accurate artwork."
"story-road-alliance-drill/page:2/Stormveil Arithmetic","src/data/story-road-events.ts:361","Stormveil side of the field","background","","0,1,2,3","REPLACE","3","/scenes/story/cinematic/side-stories/story-road-alliance-drill.webp","/scenes/story/cinematic/side-stories/road-alliance-drill-flats-v1.webp","Integrated reviewed replacement: roadDrillFlats. See production.json for reference lock and production brief."
"story-road-alliance-drill/page:2/Stormveil Arithmetic","src/data/story-road-events.ts:361","Stormveil side of the field","actor","Captain Joss Arne","0,1,2,3","KEEP","5","/portraits/cinematic/side-stories/captain-joss-arne.webp?v=891202c8e","/portraits/cinematic/side-stories/captain-joss-arne.webp?v=891202c8e","Retain reviewed accurate artwork."
"story-road-alliance-drill/page:3/A Third Hand","src/data/story-road-events.ts:366","Proctor's table, the cut seal laid open","background","","0,1,2,3","REPLACE","3","/scenes/story/cinematic/side-stories/story-road-alliance-drill.webp","/scenes/story/cinematic/side-stories/road-alliance-recarved-seal-v1.webp","Integrated reviewed replacement: roadDrillSeal. See production.json for reference lock and production brief."
"story-road-alliance-drill/page:3/A Third Hand","src/data/story-road-events.ts:366","Proctor's table, the cut seal laid open","actor","Proctor Hasse","0,1,2,3","KEEP","5","/portraits/cinematic/side-stories/proctor-hasse.webp?v=891202c8e","/portraits/cinematic/side-stories/proctor-hasse.webp?v=891202c8e","Retain reviewed accurate artwork."
"story-road-fifth-anchor/page:0/A Buyer, for Once","src/data/story-road-events.ts:377","Toll road east of Central, dusk","background","","0,1,2,3,4","KEEP","5","/scenes/story/cinematic/side-stories/story-road-fifth-anchor.webp","/scenes/story/cinematic/side-stories/story-road-fifth-anchor.webp","Retain reviewed accurate artwork."
"story-road-fifth-anchor/page:0/A Buyer, for Once","src/data/story-road-events.ts:377","Toll road east of Central, dusk","actor","Corvo Latch","0,1,2,3,4","KEEP","5","/portraits/cinematic/side-stories/corvo-latch.webp?v=891202c8e","/portraits/cinematic/side-stories/corvo-latch.webp?v=891202c8e","Retain reviewed accurate artwork."
"story-road-fifth-anchor/page:1/What the Rumor Bought","src/data/story-road-events.ts:383","The dig camp, winch platform","background","","0,1,2,3,4,5","REPLACE","3","/scenes/story/cinematic/side-stories/story-road-fifth-anchor.webp","/scenes/story/cinematic/side-stories/road-central-dig-winch-v1.webp","Integrated reviewed replacement: roadDigWinch. See production.json for reference lock and production brief."
"story-road-fifth-anchor/page:1/What the Rumor Bought","src/data/story-road-events.ts:383","The dig camp, winch platform","actor","Foreman Dray","0,1,2,3,4,5","KEEP","5","/portraits/cinematic/side-stories/foreman-dray.webp?v=891202c8e","/portraits/cinematic/side-stories/foreman-dray.webp?v=891202c8e","Retain reviewed accurate artwork."
"story-road-fifth-anchor/page:2/The Court Below","src/data/story-road-events.ts:390","First gallery, below the winch","background","","0,1,2,3,4","REPLACE","3","/scenes/story/cinematic/side-stories/story-road-fifth-anchor.webp","/scenes/story/cinematic/side-stories/road-court-below-gallery-v1.webp","Integrated reviewed replacement: roadCourtGallery. See production.json for reference lock and production brief."
"story-road-fifth-anchor/page:3/Sold as Seen","src/data/story-road-events.ts:396","Winch platform, lamps guttering","background","","0,1,2,3","REPLACE","3","/scenes/story/cinematic/side-stories/story-road-fifth-anchor.webp","/scenes/story/cinematic/side-stories/road-central-dig-winch-v1.webp","Integrated reviewed replacement: roadDigWinch. See production.json for reference lock and production brief."
"story-road-fifth-anchor/page:3/Sold as Seen","src/data/story-road-events.ts:396","Winch platform, lamps guttering","actor","Corvo Latch","0,1,2,3","KEEP","5","/portraits/cinematic/side-stories/corvo-latch.webp?v=891202c8e","/portraits/cinematic/side-stories/corvo-latch.webp?v=891202c8e","Retain reviewed accurate artwork."
"story-road-four-seals-one-gate/page:0/Chalk Marks","src/data/story-road-events.ts:407","A crossroads shrine north of Central","background","","0,1,2,3,4","KEEP","5","/scenes/story/cinematic/side-stories/story-road-four-seals-one-gate.webp","/scenes/story/cinematic/side-stories/story-road-four-seals-one-gate.webp","Retain reviewed accurate artwork."
"story-road-four-seals-one-gate/page:0/Chalk Marks","src/data/story-road-events.ts:407","A crossroads shrine north of Central","actor","Wandering Sage","0,1,2,3,4","KEEP","5","/portraits/cinematic/side-stories/wandering-sage.webp?v=891202c8e","/portraits/cinematic/side-stories/wandering-sage.webp?v=891202c8e","Retain reviewed accurate artwork."
"story-road-four-seals-one-gate/page:1/Four Stones, One Hand","src/data/story-road-events.ts:413","Four founding stones, four sectors","background","","0","REPLACE","3","/scenes/story/cinematic/side-stories/story-road-four-seals-one-gate.webp","/scenes/story/cinematic/side-stories/road-storm-founding-stone-v1.webp","Integrated reviewed replacement: roadStormFoundingStone. See production.json for reference lock and production brief."
"story-road-four-seals-one-gate/page:1/Four Stones, One Hand","src/data/story-road-events.ts:413","Four founding stones, four sectors","background","","1,2","REPLACE","3","/scenes/story/cinematic/side-stories/story-road-four-seals-one-gate.webp","/scenes/story/cinematic/side-stories/road-three-founding-stones-v1.webp","Integrated reviewed replacement: roadThreeFoundingStones. See production.json for reference lock and production brief."
"story-road-four-seals-one-gate/page:1/Four Stones, One Hand","src/data/story-road-events.ts:413","Four founding stones, four sectors","background","","3","REPLACE","3","/scenes/story/cinematic/side-stories/story-road-four-seals-one-gate.webp","/scenes/story/cinematic/side-stories/road-moon-founding-stone-v1.webp","Integrated reviewed replacement: roadMoonFoundingStone. See production.json for reference lock and production brief."
"story-road-four-seals-one-gate/page:2/Someone Else's Client","src/data/story-road-events.ts:418","Moonshadow's founding stone, dusk","background","","0,1,2,3,4","REPLACE","3","/scenes/story/cinematic/side-stories/story-road-four-seals-one-gate.webp","/scenes/story/cinematic/side-stories/road-moon-founding-stone-v1.webp","Integrated reviewed replacement: roadMoonFoundingStone. See production.json for reference lock and production brief."
"story-road-four-seals-one-gate/page:2/Someone Else's Client","src/data/story-road-events.ts:418","Moonshadow's founding stone, dusk","actor","Kite Harrow","0,1,2,3,4","KEEP","5","/portraits/cinematic/kite-harrow.webp?v=891202c8e","/portraits/cinematic/kite-harrow.webp?v=891202c8e","Retain reviewed accurate artwork."
"story-road-four-seals-one-gate/page:3/One Lattice","src/data/story-road-events.ts:424","The crossroads shrine, after dark","background","","0,1,2,3,4,5","REPLACE","3","/scenes/story/cinematic/side-stories/story-road-four-seals-one-gate.webp","/scenes/story/cinematic/side-stories/road-four-keys-firelit-detail-v1.webp","Integrated reviewed replacement: roadFourKeysDetail. See production.json for reference lock and production brief."
"story-road-four-seals-one-gate/page:3/One Lattice","src/data/story-road-events.ts:424","The crossroads shrine, after dark","actor","Wandering Sage","0,1,2,3,4,5","KEEP","5","/portraits/cinematic/side-stories/wandering-sage.webp?v=891202c8e","/portraits/cinematic/side-stories/wandering-sage.webp?v=891202c8e","Retain reviewed accurate artwork."
"story-road-four-seals-one-gate/page:4/What Keys Are For","src/data/story-road-events.ts:431","Firelight, four keys on stone","background","","0,1,2,3,4","REPLACE","3","/scenes/story/cinematic/side-stories/story-road-four-seals-one-gate.webp","/scenes/story/cinematic/side-stories/road-four-keys-firelit-detail-v1.webp","Integrated reviewed replacement: roadFourKeysDetail. See production.json for reference lock and production brief."
"story-road-four-seals-one-gate/page:4/What Keys Are For","src/data/story-road-events.ts:431","Firelight, four keys on stone","actor","Wandering Sage","0,1,2,3,4","KEEP","5","/portraits/cinematic/side-stories/wandering-sage.webp?v=891202c8e","/portraits/cinematic/side-stories/wandering-sage.webp?v=891202c8e","Retain reviewed accurate artwork."
"story-road-emergency-powers/page:0/The Last Line","src/data/story-road-events.ts:443","Mile marker on the north road","background","","0,1,2,3,4","REMAP","3","/scenes/story/cinematic/side-stories/story-road-emergency-powers.webp","/scenes/story/story-road-seat-of-scars.webp","Resolve this exact current story beat to retained, reviewed artwork."
"story-road-emergency-powers/page:0/The Last Line","src/data/story-road-events.ts:443","Mile marker on the north road","actor","Adjutant Denn","0,1,2,3,4","KEEP","5","/portraits/cinematic/side-stories/adjutant-denn.webp?v=891202c8e","/portraits/cinematic/side-stories/adjutant-denn.webp?v=891202c8e","Retain reviewed accurate artwork."
"story-road-emergency-powers/page:1/Objection Entered","src/data/story-road-events.ts:449","The mile marker, both copies held side by side","background","","0,1","REMAP","3","/scenes/story/cinematic/side-stories/story-road-emergency-powers.webp","/scenes/story/story-road-seat-of-scars.webp","Resolve this exact current story beat to retained, reviewed artwork."
"story-road-emergency-powers/page:2/Week One","src/data/story-road-events.ts:452","Guard post, first week of Provision Nine","background","","0,1,2,3,4","REPLACE","3","/scenes/story/cinematic/side-stories/story-road-emergency-powers.webp","/scenes/story/cinematic/side-stories/road-provision-guard-post-v1.webp","Integrated reviewed replacement: roadProvisionGuardpost. See production.json for reference lock and production brief."
"story-road-emergency-powers/page:2/Week One","src/data/story-road-events.ts:452","Guard post, first week of Provision Nine","actor","Adjutant Denn","0,1,2,3,4","KEEP","5","/portraits/cinematic/side-stories/adjutant-denn.webp?v=891202c8e","/portraits/cinematic/side-stories/adjutant-denn.webp?v=891202c8e","Retain reviewed accurate artwork."
"story-road-emergency-powers/page:3/Edged Instruments","src/data/story-road-events.ts:458","Meru's doorstep, shutters new","background","","0,1,2,3,4","REPLACE","3","/scenes/story/cinematic/side-stories/story-road-emergency-powers.webp","/scenes/story/cinematic/side-stories/road-hamlet-shuttered-porch-v1.webp","Integrated reviewed replacement: roadHamletPorch. See production.json for reference lock and production brief."
"story-road-emergency-powers/page:3/Edged Instruments","src/data/story-road-events.ts:458","Meru's doorstep, shutters new","actor","Meru","0,1,2,3,4","KEEP","5","/portraits/cinematic/side-stories/meru.webp?v=891202c8e","/portraits/cinematic/side-stories/meru.webp?v=891202c8e","Retain reviewed accurate artwork."
"story-road-emergency-powers/page:4/The Renewal","src/data/story-road-events.ts:464","The square, a month on","background","","0,1,2,3,4","VARIANT","3","/scenes/story/cinematic/side-stories/story-road-emergency-powers.webp","/scenes/story/cinematic/side-stories/road-empty-notice-square-v1.webp","Integrated supported story-state variant: roadEmptySquare. See production.json for reference lock and production brief."
"story-road-emergency-powers/page:4/The Renewal","src/data/story-road-events.ts:464","The square, a month on","actor","Adjutant Denn","0,1,2,3,4","KEEP","5","/portraits/cinematic/side-stories/adjutant-denn.webp?v=891202c8e","/portraits/cinematic/side-stories/adjutant-denn.webp?v=891202c8e","Retain reviewed accurate artwork."
"story-road-last-road/page:0/Forty Behind Her","src/data/story-road-events.ts:476","The Central road, first light","background","","0,1,2,3,4,5","KEEP","5","/scenes/story/cinematic/side-stories/story-road-last-road.webp","/scenes/story/cinematic/side-stories/story-road-last-road.webp","Retain reviewed accurate artwork."
"story-road-last-road/page:0/Forty Behind Her","src/data/story-road-events.ts:476","The Central road, first light","actor","Suma","0,1,2,3,4,5","KEEP","5","/portraits/cinematic/side-stories/suma.webp?v=891202c8e","/portraits/cinematic/side-stories/suma.webp?v=891202c8e","Retain reviewed accurate artwork."
"story-road-last-road/page:1/The Woman on the Stone","src/data/story-road-events.ts:483","A rest stone, half a mile on","background","","0,1,2,3,4","KEEP","5","/scenes/story/cinematic/side-stories/story-road-last-road.webp","/scenes/story/cinematic/side-stories/story-road-last-road.webp","Retain reviewed accurate artwork."
"story-road-last-road/page:1/The Woman on the Stone","src/data/story-road-events.ts:483","A rest stone, half a mile on","actor","Verah","0,1,2,3,4","KEEP","5","/portraits/cinematic/side-stories/verah.webp?v=891202c8e","/portraits/cinematic/side-stories/verah.webp?v=891202c8e","Retain reviewed accurate artwork."
"story-road-last-road/page:2/Standard Language","src/data/story-road-events.ts:489","Waystation, fresh horses waiting","background","","0,1,2,3,4,5","REPLACE","3","/scenes/story/cinematic/side-stories/story-road-last-road.webp","/scenes/story/cinematic/side-stories/harrow-waystation-contract-v1.webp","Integrated reviewed replacement: harrowWaystation. See production.json for reference lock and production brief."
"story-road-last-road/page:2/Standard Language","src/data/story-road-events.ts:489","Waystation, fresh horses waiting","actor","Undersecretary Corvel","0,1,2,3,4,5","KEEP","5","/portraits/cinematic/side-stories/undersecretary-corvel.webp?v=891202c8e","/portraits/cinematic/side-stories/undersecretary-corvel.webp?v=891202c8e","Retain reviewed accurate artwork."
"story-road-last-road/page:3/The Last Mile","src/data/story-road-events.ts:496","The last mile before Central","background","","0,1,2,3","KEEP","5","/scenes/story/cinematic/side-stories/story-road-last-road.webp","/scenes/story/cinematic/side-stories/story-road-last-road.webp","Retain reviewed accurate artwork."
"story-road-seat-of-scars/page:0/The List","src/data/story-road-events.ts:507","A mile marker outside the village gate","background","","0,1,2,3,4,5","KEEP","5","/scenes/story/cinematic/side-stories/story-road-seat-of-scars.webp","/scenes/story/cinematic/side-stories/story-road-seat-of-scars.webp","Retain reviewed accurate artwork."
"story-road-seat-of-scars/page:0/The List","src/data/story-road-events.ts:507","A mile marker outside the village gate","actor","Amra Tull","0,1,2,3,4,5","KEEP","5","/portraits/cinematic/side-stories/amra-tull.webp?v=891202c8e","/portraits/cinematic/side-stories/amra-tull.webp?v=891202c8e","Retain reviewed accurate artwork."
"story-road-seat-of-scars/page:1/The Sixth Name","src/data/story-road-events.ts:514","Farther down the road","background","","0,1,2,3,4","KEEP","5","/scenes/story/cinematic/side-stories/story-road-seat-of-scars.webp","/scenes/story/cinematic/side-stories/story-road-seat-of-scars.webp","Retain reviewed accurate artwork."
"story-road-seat-of-scars/page:1/The Sixth Name","src/data/story-road-events.ts:514","Farther down the road","actor","Deni Cros","0,1,2,3,4","KEEP","5","/portraits/cinematic/side-stories/deni-cros.webp?v=891202c8e","/portraits/cinematic/side-stories/deni-cros.webp?v=891202c8e","Retain reviewed accurate artwork."
"story-road-seat-of-scars/page:2/Habit","src/data/story-road-events.ts:520","A burned stall by the arena gate","background","","0,1,2,3,4","VARIANT","3","/scenes/story/cinematic/side-stories/story-road-seat-of-scars.webp","/scenes/story/cinematic/side-stories/road-scorched-arena-stall-v1.webp","Integrated supported story-state variant: roadScorchedStall. See production.json for reference lock and production brief."
"story-road-seat-of-scars/page:2/Habit","src/data/story-road-events.ts:520","A burned stall by the arena gate","actor","Hob Setter","0,1,2,3,4","KEEP","5","/portraits/cinematic/side-stories/hob-setter.webp?v=891202c8e","/portraits/cinematic/side-stories/hob-setter.webp?v=891202c8e","Retain reviewed accurate artwork."
"story-road-seat-of-scars/page:3/What to Write","src/data/story-road-events.ts:526","The empty square, under the notice board","background","","0,1,2,3,4","VARIANT","3","/scenes/story/cinematic/side-stories/story-road-seat-of-scars.webp","/scenes/story/cinematic/side-stories/road-empty-notice-square-v1.webp","Integrated supported story-state variant: roadEmptySquare. See production.json for reference lock and production brief."
"story-road-seat-of-scars/page:3/What to Write","src/data/story-road-events.ts:526","The empty square, under the notice board","actor","Amra Tull","0,1,2,3,4","KEEP","5","/portraits/cinematic/side-stories/amra-tull.webp?v=891202c8e","/portraits/cinematic/side-stories/amra-tull.webp?v=891202c8e","Retain reviewed accurate artwork."
"story-epilogue-stormveil-village-honorable:0/page:0/What Came Home","src/data/story-epilogues.ts:44","Dawn over the arena, the board in pieces, slates raining reasons","background","","0,1,2,3","VARIANT","3","/scenes/story/story-stormveil-village-100-8.webp","/scenes/story/cinematic/storywide/stormveil-broken-board-dawn-v2.webp","Integrated supported story-state variant: stormBrokenBoardClean. See production.json for reference lock and production brief."
"story-epilogue-stormveil-village-honorable:0/page:1/The Ridge Holds","src/data/story-epilogues.ts:55","The high ridge, the anchor web humming over the Low Terraces","background","","0,1,2","VARIANT","3","/scenes/story/story-stormveil-village-100-8.webp","/scenes/story/cinematic/storywide/stormveil-anchor-web-dawn-v1.webp","Integrated supported story-state variant: stormWebDawn. See production.json for reference lock and production brief."
"story-epilogue-stormveil-village-honorable:0/page:1/The Ridge Holds","src/data/story-epilogues.ts:55","The high ridge, the anchor web humming over the Low Terraces","actor","Mira Volt","0,1,2","KEEP","5","/portraits/cinematic/storywide/mira-volt-neutral.webp?v=891202c8e","/portraits/cinematic/storywide/mira-volt-neutral.webp?v=891202c8e","Retain reviewed accurate artwork."
"story-epilogue-stormveil-village-honorable:1/page:0/What Came Home","src/data/story-epilogues.ts:44","Dawn over the arena, the board in pieces","background","","0,1,2,3","VARIANT","3","/scenes/story/story-stormveil-village-100-8.webp","/scenes/story/cinematic/storywide/stormveil-broken-board-dawn-v2.webp","Integrated supported story-state variant: stormBrokenBoardClean. See production.json for reference lock and production brief."
"story-epilogue-stormveil-village-honorable:1/page:1/Rigging Season","src/data/story-epilogues.ts:82","Mira's rooftop, cable drums being counted","background","","0,1,2","REMAP","3","/scenes/story/story-stormveil-village-100-8.webp","/scenes/story/story-stormveil-village-25-2.webp","Resolve this exact current story beat to retained, reviewed artwork."
"story-epilogue-stormveil-village-honorable:1/page:1/Rigging Season","src/data/story-epilogues.ts:82","Mira's rooftop, cable drums being counted","actor","Mira Volt","0,1,2","KEEP","5","/portraits/cinematic/storywide/mira-volt-neutral.webp?v=891202c8e","/portraits/cinematic/storywide/mira-volt-neutral.webp?v=891202c8e","Retain reviewed accurate artwork."
"story-epilogue-stormveil-village-suspicious:2/page:0/The Metered Floor","src/data/story-epilogues.ts:100","The arena, a public meter mounted over the drain, glass and brass","background","","0,1,2,3","REPLACE","3","/scenes/story/story-stormveil-village-100-8.webp","/scenes/story/cinematic/storywide/stormveil-arena-public-meter-v1.webp","Integrated reviewed replacement: stormPublicMeter. See production.json for reference lock and production brief."
"story-epilogue-stormveil-village-suspicious:2/page:1/Rock and Law","src/data/story-epilogues.ts:111","The ridge at dusk, the web lit by lanterns","background","","0,1,2","REPLACE","3","/scenes/story/story-stormveil-village-100-8.webp","/scenes/story/cinematic/storywide/stormveil-anchor-web-dusk-v1.webp","Integrated reviewed replacement: stormWebDusk. See production.json for reference lock and production brief."
"story-epilogue-stormveil-village-suspicious:2/page:1/Rock and Law","src/data/story-epilogues.ts:111","The ridge at dusk, the web lit by lanterns","actor","Mira Volt","0,1,2","KEEP","5","/portraits/cinematic/storywide/mira-volt-neutral.webp?v=891202c8e","/portraits/cinematic/storywide/mira-volt-neutral.webp?v=891202c8e","Retain reviewed accurate artwork."
"story-epilogue-stormveil-village-suspicious:3/page:0/The Metered Floor","src/data/story-epilogues.ts:100","The arena, the great meter ticking over the drain","background","","0,1,2,3","REPLACE","3","/scenes/story/story-stormveil-village-100-8.webp","/scenes/story/cinematic/storywide/stormveil-arena-public-meter-v1.webp","Integrated reviewed replacement: stormPublicMeter. See production.json for reference lock and production brief."
"story-epilogue-stormveil-village-suspicious:3/page:1/The Clerk of Storms","src/data/story-epilogues.ts:138","The tower office, the intake ledger open to your signature","background","","0,1,2","REPLACE","3","/scenes/story/story-stormveil-village-100-8.webp","/scenes/story/cinematic/storywide/stormveil-tower-office-v1.webp","Integrated reviewed replacement: stormTowerOfficeRecords. See production.json for reference lock and production brief."
"story-epilogue-stormveil-village-suspicious:3/page:1/The Clerk of Storms","src/data/story-epilogues.ts:138","The tower office, the intake ledger open to your signature","actor","Elder Vanta","0,1,2","KEEP","5","/portraits/cinematic/storywide/elder-vanta.webp?v=891202c8e","/portraits/cinematic/storywide/elder-vanta.webp?v=891202c8e","Retain reviewed accurate artwork."
"story-epilogue-stormveil-village-ambitious:4/page:0/The New Weather","src/data/story-epilogues.ts:156","The tower's storm floor, the seat's quiet hour settling on you","background","","0,1,2,3","VARIANT","3","/scenes/story/story-stormveil-village-100-8.webp","/scenes/story/cinematic/storywide/stormveil-new-keeper-floor-v1.webp","Integrated supported story-state variant: stormNewWeather. See production.json for reference lock and production brief."
"story-epilogue-stormveil-village-ambitious:4/page:1/Her Mother Heard","src/data/story-epilogues.ts:167","The tower gate, Mira not coming in","background","","0,1,2,3","REMAP","3","/scenes/story/story-stormveil-village-100-8.webp","/scenes/story/story-interlude-stormveil-village-92.webp","Resolve this exact current story beat to retained, reviewed artwork."
"story-epilogue-stormveil-village-ambitious:4/page:1/Her Mother Heard","src/data/story-epilogues.ts:167","The tower gate, Mira not coming in","actor","Mira Volt","0,1,2,3","REMAP","1","/portraits/cinematic/storywide/mira-volt.webp?v=891202c8e","/portraits/cinematic/storywide/mira-volt-neutral.webp?v=891202c8e","Resolve this exact current story beat to retained, reviewed artwork."
"story-epilogue-stormveil-village-ambitious:5/page:0/The New Weather","src/data/story-epilogues.ts:156","The tower's storm floor, the seat's quiet hour settling on you","background","","0,1,2,3","VARIANT","3","/scenes/story/story-stormveil-village-100-8.webp","/scenes/story/cinematic/storywide/stormveil-new-keeper-floor-v1.webp","Integrated supported story-state variant: stormNewWeather. See production.json for reference lock and production brief."
"story-epilogue-stormveil-village-ambitious:5/page:1/The Packed Bag","src/data/story-epilogues.ts:196","The tower gate, Mira not coming in","background","","0,1,2,3","REMAP","3","/scenes/story/story-stormveil-village-100-8.webp","/scenes/story/story-interlude-stormveil-village-92.webp","Resolve this exact current story beat to retained, reviewed artwork."
"story-epilogue-stormveil-village-ambitious:5/page:1/The Packed Bag","src/data/story-epilogues.ts:196","The tower gate, Mira not coming in","actor","Mira Volt","0,1,2,3","REMAP","1","/portraits/cinematic/storywide/mira-volt.webp?v=891202c8e","/portraits/cinematic/storywide/mira-volt-neutral.webp?v=891202c8e","Resolve this exact current story beat to retained, reviewed artwork."
"story-epilogue-stormveil-village-ambitious:6/page:0/The New Weather","src/data/story-epilogues.ts:156","The tower's storm floor, the seat warm, the sky obedient","background","","0,1,2,3","VARIANT","3","/scenes/story/story-stormveil-village-100-8.webp","/scenes/story/cinematic/storywide/stormveil-new-keeper-floor-v1.webp","Integrated supported story-state variant: stormNewWeather. See production.json for reference lock and production brief."
"story-epilogue-stormveil-village-ambitious:6/page:1/The Stool at the Rail","src/data/story-epilogues.ts:224","The arena rail, Vanta's stool set directly beneath the reposted board","background","","0,1,2","REPLACE","3","/scenes/story/story-stormveil-village-100-8.webp","/scenes/story/cinematic/storywide/stormveil-challenge-board-v1.webp","Integrated reviewed replacement: boardGeneration. See production.json for reference lock and production brief."
"story-epilogue-stormveil-village-ambitious:6/page:1/The Stool at the Rail","src/data/story-epilogues.ts:224","The arena rail, Vanta's stool set directly beneath the reposted board","actor","Elder Vanta","0,1,2","KEEP","5","/portraits/cinematic/storywide/elder-vanta.webp?v=891202c8e","/portraits/cinematic/storywide/elder-vanta.webp?v=891202c8e","Retain reviewed accurate artwork."
"story-epilogue-frostfang-village-honorable:0/page:0/What Came Home","src/data/story-epilogues.ts:44","Dawn over the wall, bare wrists everywhere, breath-fog rising","background","","0,1,2,3","VARIANT","3","/scenes/story/story-frostfang-village-100-8.webp","/scenes/story/cinematic/storywide/frostfang-volunteer-wall-dawn-v1.webp","Integrated supported story-state variant: frostWallDawn. See production.json for reference lock and production brief."
"story-epilogue-frostfang-village-honorable:0/page:1/The Lanterns Take the Watch","src/data/story-epilogues.ts:255","The north ridge, the relay burning down the line into the gray","background","","0,1,2","VARIANT","3","/scenes/story/story-frostfang-village-100-8.webp","/scenes/story/cinematic/storywide/frostfang-lantern-relay-dawn-v1.webp","Integrated supported story-state variant: frostRelayDawn. See production.json for reference lock and production brief."
"story-epilogue-frostfang-village-honorable:0/page:1/The Lanterns Take the Watch","src/data/story-epilogues.ts:255","The north ridge, the relay burning down the line into the gray","actor","Captain Yura","0,1,2","KEEP","5","/portraits/cinematic/storywide/captain-yura.webp?v=891202c8e","/portraits/cinematic/storywide/captain-yura.webp?v=891202c8e","Retain reviewed accurate artwork."
"story-epilogue-frostfang-village-honorable:1/page:0/What Came Home","src/data/story-epilogues.ts:44","Dawn over the wall, the vault dark, wood smoke where the deep warmth used to be","background","","0,1,2,3","VARIANT","3","/scenes/story/story-frostfang-village-100-8.webp","/scenes/story/cinematic/storywide/frostfang-volunteer-wall-dawn-v1.webp","Integrated supported story-state variant: frostWallDawn. See production.json for reference lock and production brief."
"story-epilogue-frostfang-village-honorable:1/page:1/A Thin Wall, Freely Manned","src/data/story-epilogues.ts:282","The wall walk, Yura assigning watches to volunteers only","background","","0,1,2","VARIANT","3","/scenes/story/story-frostfang-village-100-8.webp","/scenes/story/cinematic/storywide/frostfang-volunteer-wall-dawn-v1.webp","Integrated supported story-state variant: frostWallDawn. See production.json for reference lock and production brief."
"story-epilogue-frostfang-village-honorable:1/page:1/A Thin Wall, Freely Manned","src/data/story-epilogues.ts:282","The wall walk, Yura assigning watches to volunteers only","actor","Captain Yura","0,1,2","KEEP","5","/portraits/cinematic/storywide/captain-yura.webp?v=891202c8e","/portraits/cinematic/storywide/captain-yura.webp?v=891202c8e","Retain reviewed accurate artwork."
"story-epilogue-frostfang-village-merciful:2/page:0/The Metered Vault","src/data/story-epilogues.ts:300","The vault hall, a public meter above the door, consent forms in a rack","background","","0,1,2,3","VARIANT","3","/scenes/story/story-frostfang-village-100-8.webp","/scenes/story/cinematic/storywide/frostfang-public-meter-v1.webp","Integrated supported story-state variant: frostPublicMeter. See production.json for reference lock and production brief."
"story-epilogue-frostfang-village-merciful:2/page:1/The Keeper's Successor","src/data/story-epilogues.ts:311","The records room, Sova's pen passed across the table","background","","0,1,2","REPLACE","3","/scenes/story/story-frostfang-village-100-8.webp","/scenes/story/cinematic/storywide/frostfang-records-room-v1.webp","Integrated reviewed replacement: sovaRecordsCrop. See production.json for reference lock and production brief."
"story-epilogue-frostfang-village-merciful:2/page:1/The Keeper's Successor","src/data/story-epilogues.ts:311","The records room, Sova's pen passed across the table","actor","Elder Sova","0,1,2","KEEP","5","/portraits/cinematic/storywide/elder-sova-canon.webp?v=891202c8e","/portraits/cinematic/storywide/elder-sova-canon.webp?v=891202c8e","Retain reviewed accurate artwork."
"story-epilogue-frostfang-village-merciful:3/page:0/The Metered Vault","src/data/story-epilogues.ts:300","The vault hall, the meter ticking, the consent rack half empty","background","","0,1,2,3","VARIANT","3","/scenes/story/story-frostfang-village-100-8.webp","/scenes/story/cinematic/storywide/frostfang-public-meter-v1.webp","Integrated supported story-state variant: frostPublicMeter. See production.json for reference lock and production brief."
"story-epilogue-frostfang-village-merciful:3/page:1/The Signature","src/data/story-epilogues.ts:338","The vault door, your name first on the consent ledger's keeper line","background","","0,1,2","VARIANT","3","/scenes/story/story-frostfang-village-100-8.webp","/scenes/story/cinematic/storywide/frostfang-public-meter-v1.webp","Integrated supported story-state variant: frostPublicMeter. See production.json for reference lock and production brief."
"story-epilogue-frostfang-village-merciful:3/page:1/The Signature","src/data/story-epilogues.ts:338","The vault door, your name first on the consent ledger's keeper line","actor","Captain Yura","0,1,2","KEEP","5","/portraits/cinematic/storywide/captain-yura.webp?v=891202c8e","/portraits/cinematic/storywide/captain-yura.webp?v=891202c8e","Retain reviewed accurate artwork."
"story-epilogue-frostfang-village-ambitious:4/page:0/The New Keeper","src/data/story-epilogues.ts:356","The vault floor, the script beginning at your wrist, warm as a bath","background","","0,1,2","REMAP","3","/scenes/story/story-frostfang-village-100-8.webp","/scenes/story/cinematic/storywide/frostfang-climax-meter-zero.webp","Resolve this exact current story beat to retained, reviewed artwork."
"story-epilogue-frostfang-village-ambitious:4/page:1/The Filed Refusal","src/data/story-epilogues.ts:366","The vault stair, Yura not coming down","background","","0,1,2,3","VARIANT","3","/scenes/story/story-frostfang-village-100-8.webp","/scenes/story/cinematic/storywide/frostfang-interior-tower-stair-v1.webp","Integrated supported story-state variant: frostStairClean. See production.json for reference lock and production brief."
"story-epilogue-frostfang-village-ambitious:4/page:1/The Filed Refusal","src/data/story-epilogues.ts:366","The vault stair, Yura not coming down","actor","Captain Yura","0,1,2,3","KEEP","5","/portraits/cinematic/storywide/captain-yura.webp?v=891202c8e","/portraits/cinematic/storywide/captain-yura.webp?v=891202c8e","Retain reviewed accurate artwork."
"story-epilogue-frostfang-village-ambitious:5/page:0/The New Keeper","src/data/story-epilogues.ts:356","The vault floor, the script beginning at your wrist, warm as a bath","background","","0,1,2,3","REMAP","3","/scenes/story/story-frostfang-village-100-8.webp","/scenes/story/cinematic/storywide/frostfang-climax-meter-zero.webp","Resolve this exact current story beat to retained, reviewed artwork."
"story-epilogue-frostfang-village-ambitious:5/page:1/The North Post","src/data/story-epilogues.ts:395","The vault stair, Yura not coming down","background","","0,1,2,3","VARIANT","3","/scenes/story/story-frostfang-village-100-8.webp","/scenes/story/cinematic/storywide/frostfang-interior-tower-stair-v1.webp","Integrated supported story-state variant: frostStairClean. See production.json for reference lock and production brief."
"story-epilogue-frostfang-village-ambitious:5/page:1/The North Post","src/data/story-epilogues.ts:395","The vault stair, Yura not coming down","actor","Captain Yura","0,1,2,3","KEEP","5","/portraits/cinematic/storywide/captain-yura.webp?v=891202c8e","/portraits/cinematic/storywide/captain-yura.webp?v=891202c8e","Retain reviewed accurate artwork."
"story-epilogue-frostfang-village-ambitious:6/page:0/The New Keeper","src/data/story-epilogues.ts:356","The vault floor, the valve warm, the Count already reforming","background","","0,1,2,3","REMAP","3","/scenes/story/story-frostfang-village-100-8.webp","/scenes/story/cinematic/storywide/frostfang-climax-meter-zero.webp","Resolve this exact current story beat to retained, reviewed artwork."
"story-epilogue-frostfang-village-ambitious:6/page:1/The First Name After Yours","src/data/story-epilogues.ts:423","The roll stone, Sova with the Count book open beneath the new keeper's entry","background","","0,1,2","VARIANT","3","/scenes/story/story-frostfang-village-100-8.webp","/scenes/story/cinematic/storywide/frostfang-roll-stone-v1.webp","Integrated supported story-state variant: frostIntake. See production.json for reference lock and production brief."
"story-epilogue-frostfang-village-ambitious:6/page:1/The First Name After Yours","src/data/story-epilogues.ts:423","The roll stone, Sova with the Count book open beneath the new keeper's entry","actor","Elder Sova","0,1,2","KEEP","5","/portraits/cinematic/storywide/elder-sova-canon.webp?v=891202c8e","/portraits/cinematic/storywide/elder-sova-canon.webp?v=891202c8e","Retain reviewed accurate artwork."
"story-epilogue-moonshadow-village-honorable:0/page:0/What Went Home","src/data/story-epilogues.ts:443","Dawn over the canal, the Mirror dark, four hundred years of trust flowing home","background","","0,1,2,3,4,5","REPLACE","3","/scenes/story/story-moonshadow-village-100-8.webp","/scenes/story/cinematic/storywide/moonshadow-returned-files-dawn-v1.webp","Integrated reviewed replacement: moonReturnedCanal. See production.json for reference lock and production brief."
"story-epilogue-moonshadow-village-honorable:0/page:1/The New Rates","src/data/story-epilogues.ts:456","The whisper market at noon, booths repricing in chalk","background","","0,1,2","REPLACE","3","/scenes/story/story-moonshadow-village-100-8.webp","/scenes/story/cinematic/storywide/moonshadow-public-witness-square-v1.webp","Integrated reviewed replacement: moonPublicSquare. See production.json for reference lock and production brief."
"story-epilogue-moonshadow-village-honorable:0/page:1/The New Rates","src/data/story-epilogues.ts:456","The whisper market at noon, booths repricing in chalk","actor","Nyx","0,1,2","REMAP","1","/portraits/cinematic/storywide/nyx.webp?v=891202c8e","/portraits/cinematic/storywide/nyx-neutral.webp?v=891202c8e","Resolve this exact current story beat to retained, reviewed artwork."
"story-epilogue-moonshadow-village-honorable:1/page:0/What Went Home","src/data/story-epilogues.ts:443","Dawn over the canal, the Mirror dark, the market reading itself","background","","0,1,2,3","REPLACE","3","/scenes/story/story-moonshadow-village-100-8.webp","/scenes/story/cinematic/storywide/moonshadow-returned-files-dawn-v1.webp","Integrated reviewed replacement: moonReturnedCanal. See production.json for reference lock and production brief."
"story-epilogue-moonshadow-village-honorable:1/page:1/The Long Noon","src/data/story-epilogues.ts:483","The square at noon, the shrine witness reading the fourth name","background","","0,1,2","REPLACE","3","/scenes/story/story-moonshadow-village-100-8.webp","/scenes/story/cinematic/storywide/moonshadow-public-witness-square-v1.webp","Integrated reviewed replacement: moonPublicSquare. See production.json for reference lock and production brief."
"story-epilogue-moonshadow-village-honorable:1/page:1/The Long Noon","src/data/story-epilogues.ts:483","The square at noon, the shrine witness reading the fourth name","actor","Nyx","0,1,2","FIT/CACHE FIX","4","/portraits/cinematic/storywide/nyx-neutral.webp?v=891202c8e","/portraits/cinematic/storywide/nyx-neutral.webp?v=891202c8e","Retain source; use its reviewed focal point, non-mirrored orientation, or scoped cutout shadow. Existing revision contract remains intact."
"story-epilogue-moonshadow-village-merciful:2/page:0/Nine Parts Home","src/data/story-epilogues.ts:501","The tower, nine-tenths of the tank flowing home, one sealed vault remaining","background","","0,1,2,3,4","VARIANT","3","/scenes/story/story-moonshadow-village-100-8.webp","/scenes/story/cinematic/storywide/moonshadow-sealed-tenth-audit-v1.webp","Integrated supported story-state variant: moonSealedTenth. See production.json for reference lock and production brief."
"story-epilogue-moonshadow-village-merciful:2/page:1/The Noon Question","src/data/story-epilogues.ts:513","The open square, the audit table, the whole market entitled to ask","background","","0,1,2,3","REPLACE","3","/scenes/story/story-moonshadow-village-100-8.webp","/scenes/story/cinematic/storywide/moonshadow-public-witness-square-v1.webp","Integrated reviewed replacement: moonPublicSquare. See production.json for reference lock and production brief."
"story-epilogue-moonshadow-village-merciful:2/page:1/The Noon Question","src/data/story-epilogues.ts:513","The open square, the audit table, the whole market entitled to ask","actor","Nyx","0,1,2,3","FIT/CACHE FIX","4","/portraits/cinematic/storywide/nyx-neutral.webp?v=891202c8e","/portraits/cinematic/storywide/nyx-neutral.webp?v=891202c8e","Retain source; use its reviewed focal point, non-mirrored orientation, or scoped cutout shadow. Existing revision contract remains intact."
"story-epilogue-moonshadow-village-merciful:3/page:0/Nine Parts Home","src/data/story-epilogues.ts:501","The tower, the returns run raw, the sealed vault humming behind new locks","background","","0,1,2,3","VARIANT","3","/scenes/story/story-moonshadow-village-100-8.webp","/scenes/story/cinematic/storywide/moonshadow-sealed-tenth-audit-v1.webp","Integrated supported story-state variant: moonSealedTenth. See production.json for reference lock and production brief."
"story-epilogue-moonshadow-village-merciful:3/page:1/The Keeper's Ledger","src/data/story-epilogues.ts:541","The audit table at noon, Iro first in line, on principle","background","","0,1,2","VARIANT","3","/scenes/story/story-moonshadow-village-100-8.webp","/scenes/story/cinematic/storywide/moonshadow-sealed-tenth-audit-v1.webp","Integrated supported story-state variant: moonSealedTenth. See production.json for reference lock and production brief."
"story-epilogue-moonshadow-village-merciful:3/page:1/The Keeper's Ledger","src/data/story-epilogues.ts:541","The audit table at noon, Iro first in line, on principle","actor","Shade Master Iro","0,1,2","FIT/CACHE FIX","4","/portraits/cinematic/storywide/shade-master-iro.webp?v=891202c8e","/portraits/cinematic/storywide/shade-master-iro.webp?v=891202c8e","Retain source; use its reviewed focal point, non-mirrored orientation, or scoped cutout shadow. Existing revision contract remains intact."
"story-epilogue-moonshadow-village-loyal:4/page:0/The New Glass","src/data/story-epilogues.ts:559","The Mirror chamber, the tank recognizing a keeper it cannot appraise","background","","0,1,2,3","REMAP","3","/scenes/story/story-moonshadow-village-100-8.webp","/scenes/story/cinematic/storywide/moonshadow-climax-black-glass.webp","Resolve this exact current story beat to retained, reviewed artwork."
"story-epilogue-moonshadow-village-loyal:4/page:1/Nerissa at the Door","src/data/story-epilogues.ts:570","The chamber door, Nyx not coming in","background","","0,1,2,3","VARIANT","3","/scenes/story/story-moonshadow-village-100-8.webp","/scenes/story/cinematic/storywide/moonshadow-keeper-chamber-door-v1.webp","Integrated supported story-state variant: moonKeeperDoor. See production.json for reference lock and production brief."
"story-epilogue-moonshadow-village-loyal:4/page:1/Nerissa at the Door","src/data/story-epilogues.ts:570","The chamber door, Nyx not coming in","actor","Nyx","0,1,2,3","REMAP","1","/portraits/cinematic/storywide/nyx.webp?v=891202c8e","/portraits/cinematic/storywide/nyx-neutral.webp?v=891202c8e","Resolve this exact current story beat to retained, reviewed artwork."
"story-epilogue-moonshadow-village-loyal:5/page:0/The New Glass","src/data/story-epilogues.ts:559","The Mirror chamber, the tank recognizing a keeper it cannot appraise","background","","0,1,2","REMAP","3","/scenes/story/story-moonshadow-village-100-8.webp","/scenes/story/cinematic/storywide/moonshadow-climax-black-glass.webp","Resolve this exact current story beat to retained, reviewed artwork."
"story-epilogue-moonshadow-village-loyal:5/page:1/The Keeper's Door","src/data/story-epilogues.ts:598","The chamber door, Nyx not coming in","background","","0,1,2","VARIANT","3","/scenes/story/story-moonshadow-village-100-8.webp","/scenes/story/cinematic/storywide/moonshadow-keeper-chamber-door-v1.webp","Integrated supported story-state variant: moonKeeperDoor. See production.json for reference lock and production brief."
"story-epilogue-moonshadow-village-loyal:5/page:1/The Keeper's Door","src/data/story-epilogues.ts:598","The chamber door, Nyx not coming in","actor","Nyx","0,1,2","REMAP","1","/portraits/cinematic/storywide/nyx.webp?v=891202c8e","/portraits/cinematic/storywide/nyx-neutral.webp?v=891202c8e","Resolve this exact current story beat to retained, reviewed artwork."
"story-epilogue-moonshadow-village-loyal:6/page:0/The New Glass","src/data/story-epilogues.ts:559","The Mirror chamber, the tank warm to your hand, the market already adjusting","background","","0,1,2,3","REMAP","3","/scenes/story/story-moonshadow-village-100-8.webp","/scenes/story/cinematic/storywide/moonshadow-climax-black-glass.webp","Resolve this exact current story beat to retained, reviewed artwork."
"story-epilogue-moonshadow-village-loyal:6/page:1/The Keeper's Open Account","src/data/story-epilogues.ts:625","Nyx's stall, a new account open beneath the keeper's name","background","","0,1,2","VARIANT","3","/scenes/story/story-moonshadow-village-100-8.webp","/scenes/story/cinematic/storywide/moonshadow-keeper-account-stall-v1.webp","Integrated supported story-state variant: moonKeeperAccount. See production.json for reference lock and production brief."
"story-epilogue-moonshadow-village-loyal:6/page:1/The Keeper's Open Account","src/data/story-epilogues.ts:625","Nyx's stall, a new account open beneath the keeper's name","actor","Nyx","0,1,2","FIT/CACHE FIX","4","/portraits/cinematic/storywide/nyx-neutral.webp?v=891202c8e","/portraits/cinematic/storywide/nyx-neutral.webp?v=891202c8e","Retain source; use its reviewed focal point, non-mirrored orientation, or scoped cutout shadow. Existing revision contract remains intact."
"story-epilogue-ashen-leaf-village-honorable:0/page:0/What Came Back","src/data/story-epilogues.ts:645","Dawn over ash-house row, frost on returned paper","background","","0,1,2,3","VARIANT","3","/scenes/story/story-ashen-leaf-village-100-8.webp","/scenes/story/cinematic/storywide/ashen-ash-house-row-dawn-v1.webp","Integrated supported story-state variant: ashenRowDawn. See production.json for reference lock and production brief."
"story-epilogue-ashen-leaf-village-honorable:0/page:1/The Channel Never Stopped","src/data/story-epilogues.ts:656","The east terrace channel, water climbing through frost","background","","0,1,2","VARIANT","3","/scenes/story/story-ashen-leaf-village-100-8.webp","/scenes/story/cinematic/storywide/ashen-east-channel-frost-v1.webp","Integrated supported story-state variant: ashenChannelFrost. See production.json for reference lock and production brief."
"story-epilogue-ashen-leaf-village-honorable:0/page:1/The Channel Never Stopped","src/data/story-epilogues.ts:656","The east terrace channel, water climbing through frost","actor","Toma Reed","0,1,2","KEEP","5","/portraits/cinematic/toma-reed.webp?v=891202c8e","/portraits/cinematic/toma-reed.webp?v=891202c8e","Retain reviewed accurate artwork."
"story-epilogue-ashen-leaf-village-honorable:1/page:0/What Came Back","src/data/story-epilogues.ts:645","Dawn over ash-house row, doors open to the cold","background","","0,1,2,3","VARIANT","3","/scenes/story/story-ashen-leaf-village-100-8.webp","/scenes/story/cinematic/storywide/ashen-ash-house-row-dawn-v1.webp","Integrated supported story-state variant: ashenRowDawn. See production.json for reference lock and production brief."
"story-epilogue-ashen-leaf-village-honorable:1/page:1/A Thin Spring, Freely Chosen","src/data/story-epilogues.ts:683","The Reed kitchen, Aren's letter unfolded on the table","background","","0,1,2","VARIANT","3","/scenes/story/story-ashen-leaf-village-100-8.webp","/scenes/story/cinematic/storywide/ashen-reed-kitchen-letter-v1.webp","Integrated supported story-state variant: reedKitchenLetter. See production.json for reference lock and production brief."
"story-epilogue-ashen-leaf-village-honorable:1/page:1/A Thin Spring, Freely Chosen","src/data/story-epilogues.ts:683","The Reed kitchen, Aren's letter unfolded on the table","actor","Toma Reed","0,1,2","KEEP","5","/portraits/cinematic/toma-reed.webp?v=891202c8e","/portraits/cinematic/toma-reed.webp?v=891202c8e","Retain reviewed accurate artwork."
"story-epilogue-ashen-leaf-village-merciful:2/page:0/The Willing Flame","src/data/story-epilogues.ts:701","The Rootfire chamber, one small clean flame, the alcove dusted","background","","0,1,2,3","VARIANT","3","/scenes/story/story-ashen-leaf-village-100-8.webp","/scenes/story/cinematic/storywide/ashen-willing-flame-v1.webp","Integrated supported story-state variant: ashenWillingFlameSingle. See production.json for reference lock and production brief."
"story-epilogue-ashen-leaf-village-merciful:2/page:1/Bought Honestly Twice","src/data/story-epilogues.ts:712","The kiln yard, steam and cold sunlight","background","","0,1,2","REPLACE","3","/scenes/story/story-ashen-leaf-village-100-8.webp","/scenes/story/cinematic/storywide/ashen-kiln-yard-cold-day-v2.webp","Integrated reviewed replacement: ashenKilnYardBeforeSnow. See production.json for reference lock and production brief."
"story-epilogue-ashen-leaf-village-merciful:2/page:1/Bought Honestly Twice","src/data/story-epilogues.ts:712","The kiln yard, steam and cold sunlight","actor","Elder Mori","0,1,2","KEEP","5","/portraits/cinematic/elder-mori.webp?v=891202c8e","/portraits/cinematic/elder-mori.webp?v=891202c8e","Retain reviewed accurate artwork."
"story-epilogue-ashen-leaf-village-merciful:3/page:0/The Willing Flame","src/data/story-epilogues.ts:701","The Rootfire chamber, one small clean flame","background","","0,1,2,3","VARIANT","3","/scenes/story/story-ashen-leaf-village-100-8.webp","/scenes/story/cinematic/storywide/ashen-willing-flame-v1.webp","Integrated supported story-state variant: ashenWillingFlameSingle. See production.json for reference lock and production brief."
"story-epilogue-ashen-leaf-village-merciful:3/page:1/The Right to Be Asked","src/data/story-epilogues.ts:739","The kiln stair, Toma turning a blank cedar token over","background","","0,1,2","REPLACE","3","/scenes/story/story-ashen-leaf-village-100-8.webp","/scenes/story/cinematic/storywide/ashen-kiln-stair-door-v1.webp","Integrated reviewed replacement: ashenKilnStair. See production.json for reference lock and production brief."
"story-epilogue-ashen-leaf-village-merciful:3/page:1/The Right to Be Asked","src/data/story-epilogues.ts:739","The kiln stair, Toma turning a blank cedar token over","actor","Toma Reed","0,1,2","KEEP","5","/portraits/cinematic/toma-reed.webp?v=891202c8e","/portraits/cinematic/toma-reed.webp?v=891202c8e","Retain reviewed accurate artwork."
"story-epilogue-ashen-leaf-village-ambitious:4/page:0/The New Keeper","src/data/story-epilogues.ts:356","The Rootfire chamber, the shears at your belt","background","","0,1,2","VARIANT","3","/scenes/story/story-ashen-leaf-village-100-8.webp","/scenes/story/cinematic/storywide/ashen-rootfire-new-keeper-v1.webp","Integrated supported story-state variant: ashenNewKeeper. See production.json for reference lock and production brief."
"story-epilogue-ashen-leaf-village-ambitious:4/page:1/The Chair","src/data/story-epilogues.ts:768","The kiln stair door, Toma not coming in","background","","0,1,2,3","REPLACE","3","/scenes/story/story-ashen-leaf-village-100-8.webp","/scenes/story/cinematic/storywide/ashen-kiln-stair-door-v1.webp","Integrated reviewed replacement: ashenKilnStair. See production.json for reference lock and production brief."
"story-epilogue-ashen-leaf-village-ambitious:4/page:1/The Chair","src/data/story-epilogues.ts:768","The kiln stair door, Toma not coming in","actor","Toma Reed","0,1,2,3","KEEP","5","/portraits/cinematic/toma-reed.webp?v=891202c8e","/portraits/cinematic/toma-reed.webp?v=891202c8e","Retain reviewed accurate artwork."
"story-epilogue-ashen-leaf-village-ambitious:5/page:0/The New Keeper","src/data/story-epilogues.ts:356","The Rootfire chamber, the shears at your belt","background","","0,1,2","VARIANT","3","/scenes/story/story-ashen-leaf-village-100-8.webp","/scenes/story/cinematic/storywide/ashen-rootfire-new-keeper-v1.webp","Integrated supported story-state variant: ashenNewKeeper. See production.json for reference lock and production brief."
"story-epilogue-ashen-leaf-village-ambitious:5/page:1/The Reed Kitchen","src/data/story-epilogues.ts:796","The kiln stair door, Toma not coming in","background","","0,1,2,3","REPLACE","3","/scenes/story/story-ashen-leaf-village-100-8.webp","/scenes/story/cinematic/storywide/ashen-kiln-stair-door-v1.webp","Integrated reviewed replacement: ashenKilnStair. See production.json for reference lock and production brief."
"story-epilogue-ashen-leaf-village-ambitious:5/page:1/The Reed Kitchen","src/data/story-epilogues.ts:796","The kiln stair door, Toma not coming in","actor","Toma Reed","0,1,2,3","KEEP","5","/portraits/cinematic/toma-reed.webp?v=891202c8e","/portraits/cinematic/toma-reed.webp?v=891202c8e","Retain reviewed accurate artwork."
"story-epilogue-ashen-leaf-village-ambitious:6/page:0/The New Keeper","src/data/story-epilogues.ts:356","The Rootfire chamber, the shears at your belt","background","","0,1,2","VARIANT","3","/scenes/story/story-ashen-leaf-village-100-8.webp","/scenes/story/cinematic/storywide/ashen-rootfire-new-keeper-v1.webp","Integrated supported story-state variant: ashenNewKeeper. See production.json for reference lock and production brief."
"story-epilogue-ashen-leaf-village-ambitious:6/page:1/The Next Black Flower","src/data/story-epilogues.ts:823","The Register hall, Mori beside a new line in the bloom chart","background","","0,1,2","REMAP","3","/scenes/story/story-ashen-leaf-village-100-8.webp","/scenes/story/cinematic/ashen-register-hall-wide.webp","Resolve this exact current story beat to retained, reviewed artwork."
"story-epilogue-ashen-leaf-village-ambitious:6/page:1/The Next Black Flower","src/data/story-epilogues.ts:823","The Register hall, Mori beside a new line in the bloom chart","actor","Elder Mori","0,1,2","KEEP","5","/portraits/cinematic/elder-mori.webp?v=891202c8e","/portraits/cinematic/elder-mori.webp?v=891202c8e","Retain reviewed accurate artwork."
"rift-giver-legacy-echo/page:0/The Grave Keeper on the Low Road","src/data/hollow-rifts.ts:87","Dusk on a low country road lined with small leaning gravestones. A hooded shrine keeper kneels among them, brushing moss from a nameless marker, a walking staff resting across her knees.","background","","0,1,2","KEEP","5","/scenes/story/cinematic/side-stories/rift-giver-legacy-echo.webp","/scenes/story/cinematic/side-stories/rift-giver-legacy-echo.webp","Retain reviewed accurate artwork."
"rift-giver-legacy-echo/page:0/The Grave Keeper on the Low Road","src/data/hollow-rifts.ts:87","Dusk on a low country road lined with small leaning gravestones. A hooded shrine keeper kneels among them, brushing moss from a nameless marker, a walking staff resting across her knees.","actor","Senna Graveward","0,1,2","KEEP","5","/portraits/cinematic/side-stories/senna-graveward.webp?v=891202c8e","/portraits/cinematic/side-stories/senna-graveward.webp?v=891202c8e","Retain reviewed accurate artwork."
"rift-giver-legacy-echo/page:1/What a Legacy Truly Is","src/data/hollow-rifts.ts:97","Senna sits back on her heels among the leaning stones, resting her staff across her knees as if the question deserves her full attention.","background","","0,1,2","KEEP","5","/scenes/story/cinematic/side-stories/rift-giver-legacy-echo.webp","/scenes/story/cinematic/side-stories/rift-giver-legacy-echo.webp","Retain reviewed accurate artwork."
"rift-giver-legacy-echo/page:1/What a Legacy Truly Is","src/data/hollow-rifts.ts:97","Senna sits back on her heels among the leaning stones, resting her staff across her knees as if the question deserves her full attention.","actor","Senna Graveward","0,1,2","KEEP","5","/portraits/cinematic/side-stories/senna-graveward.webp?v=891202c8e","/portraits/cinematic/side-stories/senna-graveward.webp?v=891202c8e","Retain reviewed accurate artwork."
"rift-giver-legacy-echo/page:2/The Cracked Shrine","src/data/hollow-rifts.ts:107","Senna rises and points with a weathered hand toward a dark ridge on the horizon, where a faint violet shimmer bleeds up from a broken shrine among the far hills.","background","","0,1,2","KEEP","5","/scenes/story/cinematic/side-stories/rift-giver-legacy-echo.webp","/scenes/story/cinematic/side-stories/rift-giver-legacy-echo.webp","Retain reviewed accurate artwork."
"rift-giver-legacy-echo/page:2/The Cracked Shrine","src/data/hollow-rifts.ts:107","Senna rises and points with a weathered hand toward a dark ridge on the horizon, where a faint violet shimmer bleeds up from a broken shrine among the far hills.","actor","Senna Graveward","0,1,2","KEEP","5","/portraits/cinematic/side-stories/senna-graveward.webp?v=891202c8e","/portraits/cinematic/side-stories/senna-graveward.webp?v=891202c8e","Retain reviewed accurate artwork."
"rift-giver-legacy-echo:repeat/page:0/A Second Disturbance","src/lib/hollow-rifts.ts:183","Senna compares a fresh rubbing with the first one already filed","background","","0,1","KEEP","5","/scenes/story/cinematic/side-stories/rift-giver-legacy-echo.webp","/scenes/story/cinematic/side-stories/rift-giver-legacy-echo.webp","Retain reviewed accurate artwork."
"rift-giver-legacy-echo:repeat/page:0/A Second Disturbance","src/lib/hollow-rifts.ts:183","Senna compares a fresh rubbing with the first one already filed","actor","Senna Graveward","0,1","KEEP","5","/portraits/cinematic/side-stories/senna-graveward.webp?v=891202c8e","/portraits/cinematic/side-stories/senna-graveward.webp?v=891202c8e","Retain reviewed accurate artwork."
"rift-descend-legacy-echo/page:0/Down the Short Gate","src/data/hollow-rifts.ts:123","A narrow stair of worn stone spirals down into a dim, humming hollow beneath the cracked shrine floor, a single leaning grave marker glowing faintly at the bottom.","background","","0,1,2","KEEP","5","/scenes/story/cinematic/side-stories/rift-descend-legacy-echo.webp","/scenes/story/cinematic/side-stories/rift-descend-legacy-echo.webp","Retain reviewed accurate artwork."
"rift-descend-legacy-echo/page:1/The Unremembered","src/data/hollow-rifts.ts:83","At the bottom of the short gate a figure waits in the grey light, its features blurred and shifting as though it can never quite decide whose face to wear. Where its heart should be, a single warm ember of someone else's refusal still burns.","background","","0,1,2","KEEP","5","/scenes/story/cinematic/side-stories/rift-descend-legacy-echo.webp","/scenes/story/cinematic/side-stories/rift-descend-legacy-echo.webp","Retain reviewed accurate artwork."
"rift-descend-legacy-echo/page:1/The Unremembered","src/data/hollow-rifts.ts:83","At the bottom of the short gate a figure waits in the grey light, its features blurred and shifting as though it can never quite decide whose face to wear. Where its heart should be, a single warm ember of someone else's refusal still burns.","actor","The Unremembered","0,1,2","KEEP","5","/portraits/cinematic/side-stories/the-unremembered.webp?v=891202c8e","/portraits/cinematic/side-stories/the-unremembered.webp?v=891202c8e","Retain reviewed accurate artwork."
"rift-first-clear-legacy-echo/page:0/A Deed Kept","src/lib/hollow-rifts.ts:289","Senna's brush follows the recovered rubbing without touching its oldest strokes","background","","0,1","REMAP","3","/scenes/story/rift-giver-legacy-echo.webp","/scenes/story/cinematic/side-stories/rift-giver-legacy-echo.webp","Resolve this exact current story beat to retained, reviewed artwork."
"rift-first-clear-legacy-echo/page:0/A Deed Kept","src/lib/hollow-rifts.ts:289","Senna's brush follows the recovered rubbing without touching its oldest strokes","actor","Senna Graveward","0,1","REMAP","2","/portraits/senna-graveward.webp","/portraits/cinematic/side-stories/senna-graveward.webp?v=891202c8e","Resolve this exact current story beat to retained, reviewed artwork."
"rift-giver-hollow-stalker/page:0/A Scout Off Her Route","src/data/hollow-rifts.ts:163","The road, a scout catching her breath against a boundary stone","background","","0,1,2","KEEP","5","/scenes/story/cinematic/side-stories/rift-giver-hollow-stalker.webp","/scenes/story/cinematic/side-stories/rift-giver-hollow-stalker.webp","Retain reviewed accurate artwork."
"rift-giver-hollow-stalker/page:0/A Scout Off Her Route","src/data/hollow-rifts.ts:163","The road, a scout catching her breath against a boundary stone","actor","Scout Vessa","0,1,2","REPLACE","1","/portraits/cinematic/side-stories/scout-vessa.webp?v=891202c8e","/portraits/cinematic/side-stories/scout-vessa-clean-alpha-v1.webp?v=891202c8e","Integrated reviewed replacement: vessaCleanAlpha. See production.json for reference lock and production brief."
"rift-giver-hollow-stalker/page:1/What Leaks Back","src/data/hollow-rifts.ts:173","Vessa keeps her eyes on the seam while she speaks, plain and level, the way she would name a rockslide or a bad ford.","background","","0,1,2","KEEP","5","/scenes/story/cinematic/side-stories/rift-giver-hollow-stalker.webp","/scenes/story/cinematic/side-stories/rift-giver-hollow-stalker.webp","Retain reviewed accurate artwork."
"rift-giver-hollow-stalker/page:1/What Leaks Back","src/data/hollow-rifts.ts:173","Vessa keeps her eyes on the seam while she speaks, plain and level, the way she would name a rockslide or a bad ford.","actor","Scout Vessa","0,1,2","REPLACE","1","/portraits/cinematic/side-stories/scout-vessa.webp?v=891202c8e","/portraits/cinematic/side-stories/scout-vessa-clean-alpha-v1.webp?v=891202c8e","Integrated reviewed replacement: vessaCleanAlpha. See production.json for reference lock and production brief."
"rift-giver-hollow-stalker/page:2/The Seam Hums","src/data/hollow-rifts.ts:183","The boundary stone, the scout's map spread flat","background","","0,1,2","KEEP","5","/scenes/story/cinematic/side-stories/rift-giver-hollow-stalker.webp","/scenes/story/cinematic/side-stories/rift-giver-hollow-stalker.webp","Retain reviewed accurate artwork."
"rift-giver-hollow-stalker/page:2/The Seam Hums","src/data/hollow-rifts.ts:183","The boundary stone, the scout's map spread flat","actor","Scout Vessa","0,1,2","REPLACE","1","/portraits/cinematic/side-stories/scout-vessa.webp?v=891202c8e","/portraits/cinematic/side-stories/scout-vessa-clean-alpha-v1.webp?v=891202c8e","Integrated reviewed replacement: vessaCleanAlpha. See production.json for reference lock and production brief."
"rift-giver-hollow-stalker:repeat/page:0/The Seam Opens Again","src/lib/hollow-rifts.ts:189","Vessa adds a new violet line to a map whose older seam is crossed out","background","","0,1","KEEP","5","/scenes/story/cinematic/side-stories/rift-giver-hollow-stalker.webp","/scenes/story/cinematic/side-stories/rift-giver-hollow-stalker.webp","Retain reviewed accurate artwork."
"rift-giver-hollow-stalker:repeat/page:0/The Seam Opens Again","src/lib/hollow-rifts.ts:189","Vessa adds a new violet line to a map whose older seam is crossed out","actor","Scout Vessa","0,1","REPLACE","1","/portraits/cinematic/side-stories/scout-vessa.webp?v=891202c8e","/portraits/cinematic/side-stories/scout-vessa-clean-alpha-v1.webp?v=891202c8e","Integrated reviewed replacement: vessaCleanAlpha. See production.json for reference lock and production brief."
"rift-descend-hollow-stalker/page:0/The Seam","src/data/hollow-rifts.ts:199","A rift mouth torn into the hillside, humming bruise-violet","background","","0,1,2","KEEP","5","/scenes/story/cinematic/side-stories/rift-descend-hollow-stalker.webp","/scenes/story/cinematic/side-stories/rift-descend-hollow-stalker.webp","Retain reviewed accurate artwork."
"rift-first-clear-hollow-stalker/page:0/The Line Holds","src/lib/hollow-rifts.ts:290","Vessa measures the dead grass beside the sealed seam","background","","0,1","REPLACE","3","/scenes/story/rift-giver-hollow-stalker.webp","/scenes/story/cinematic/side-stories/rift-stalker-sealed-slope-v1.webp","Integrated reviewed replacement: riftStalkerSealed. See production.json for reference lock and production brief."
"rift-first-clear-hollow-stalker/page:0/The Line Holds","src/lib/hollow-rifts.ts:290","Vessa measures the dead grass beside the sealed seam","actor","Scout Vessa","0,1","REPLACE","2","/portraits/scout-vessa.webp","/portraits/cinematic/side-stories/scout-vessa-clean-alpha-v1.webp?v=891202c8e","Integrated reviewed replacement: vessaCleanAlpha. See production.json for reference lock and production brief."
"rift-giver-beast-warren/page:0/The Handler at the Kennels","src/data/hollow-rifts.ts:231","A kennel-yard off the road, chains rattling in empty runs","background","","0,1,2","KEEP","5","/scenes/story/cinematic/side-stories/rift-giver-beast-warren.webp","/scenes/story/cinematic/side-stories/rift-giver-beast-warren.webp","Retain reviewed accurate artwork."
"rift-giver-beast-warren/page:0/The Handler at the Kennels","src/data/hollow-rifts.ts:231","A kennel-yard off the road, chains rattling in empty runs","actor","Houndmaster Bel","0,1,2","REPLACE","1","/portraits/cinematic/side-stories/houndmaster-bel.webp?v=891202c8e","/portraits/cinematic/side-stories/houndmaster-bel-clean-alpha-v1.webp?v=891202c8e","Integrated reviewed replacement: belCleanAlpha. See production.json for reference lock and production brief."
"rift-giver-beast-warren/page:1/What the Bond Is","src/data/hollow-rifts.ts:241","The kennel-yard at dusk, straw and iron and the low sound of animals settling. Bel loops an empty lead back over its peg and turns to face you, her voice dropping to the low even tone she saves for frightened animals.","background","","0,1,2","KEEP","5","/scenes/story/cinematic/side-stories/rift-giver-beast-warren.webp","/scenes/story/cinematic/side-stories/rift-giver-beast-warren.webp","Retain reviewed accurate artwork."
"rift-giver-beast-warren/page:1/What the Bond Is","src/data/hollow-rifts.ts:241","The kennel-yard at dusk, straw and iron and the low sound of animals settling. Bel loops an empty lead back over its peg and turns to face you, her voice dropping to the low even tone she saves for frightened animals.","actor","Houndmaster Bel","0,1,2","REPLACE","1","/portraits/cinematic/side-stories/houndmaster-bel.webp?v=891202c8e","/portraits/cinematic/side-stories/houndmaster-bel-clean-alpha-v1.webp?v=891202c8e","Integrated reviewed replacement: belCleanAlpha. See production.json for reference lock and production brief."
"rift-giver-beast-warren/page:2/The Alpha Turned","src/data/hollow-rifts.ts:251","The kennel gate, a single broken collar in Bel's hands","background","","0,1,2","KEEP","5","/scenes/story/cinematic/side-stories/rift-giver-beast-warren.webp","/scenes/story/cinematic/side-stories/rift-giver-beast-warren.webp","Retain reviewed accurate artwork."
"rift-giver-beast-warren/page:2/The Alpha Turned","src/data/hollow-rifts.ts:251","The kennel gate, a single broken collar in Bel's hands","actor","Houndmaster Bel","0,1,2","REPLACE","1","/portraits/cinematic/side-stories/houndmaster-bel.webp?v=891202c8e","/portraits/cinematic/side-stories/houndmaster-bel-clean-alpha-v1.webp?v=891202c8e","Integrated reviewed replacement: belCleanAlpha. See production.json for reference lock and production brief."
"rift-giver-beast-warren:repeat/page:0/A Voice From Another Warren","src/lib/hollow-rifts.ts:195","Bel stands beside Nara, bandaged and awake, while a distant den answers her bark","background","","0,1","VARIANT","3","/scenes/story/cinematic/side-stories/rift-giver-beast-warren.webp","/scenes/story/cinematic/side-stories/rift-nara-healing-kennels-v2.webp","Integrated supported story-state variant: riftNaraHealingScale. See production.json for reference lock and production brief."
"rift-giver-beast-warren:repeat/page:0/A Voice From Another Warren","src/lib/hollow-rifts.ts:195","Bel stands beside Nara, bandaged and awake, while a distant den answers her bark","actor","Houndmaster Bel","0,1","REPLACE","1","/portraits/cinematic/side-stories/houndmaster-bel.webp?v=891202c8e","/portraits/cinematic/side-stories/houndmaster-bel-clean-alpha-v1.webp?v=891202c8e","Integrated reviewed replacement: belCleanAlpha. See production.json for reference lock and production brief."
"rift-descend-beast-warren/page:0/The Warren","src/data/hollow-rifts.ts:267","A beast-den torn open under the ridge, bones and broken collars underfoot","background","","0,1","KEEP","5","/scenes/story/cinematic/side-stories/rift-descend-beast-warren.webp","/scenes/story/cinematic/side-stories/rift-descend-beast-warren.webp","Retain reviewed accurate artwork."
"rift-descend-beast-warren/page:0/The Warren","src/data/hollow-rifts.ts:267","A beast-den torn open under the ridge, bones and broken collars underfoot","background","","2,3","VARIANT","3","/scenes/story/cinematic/side-stories/rift-descend-beast-warren.webp","/scenes/story/cinematic/side-stories/rift-nara-controlled-warren-v1.webp","Integrated supported story-state variant: riftNaraHeld. See production.json for reference lock and production brief."
"rift-first-clear-beast-warren/page:0/Water Before Thanks","src/lib/hollow-rifts.ts:291","Bel kneels outside the warren as Nara breathes against her coat","background","","0,1","REPLACE","3","/scenes/story/rift-giver-beast-warren.webp","/scenes/story/cinematic/side-stories/rift-warren-mouth-after-v1.webp","Integrated reviewed replacement: riftWarrenMouth. See production.json for reference lock and production brief."
"rift-first-clear-beast-warren/page:0/Water Before Thanks","src/lib/hollow-rifts.ts:291","Bel kneels outside the warren as Nara breathes against her coat","actor","Houndmaster Bel","0,1","VARIANT","2","/portraits/houndmaster-bel.webp","/portraits/cinematic/side-stories/houndmaster-bel-nara-rescue-v1.webp?v=891202c8e","Integrated supported story-state variant: belNaraRescue. See production.json for reference lock and production brief."
"rift-giver-engine-echo/page:0/The Recorder With the Wrong Ledger","src/data/hollow-rifts.ts:300","A storm-country waystation, a clerk hunched over a book that keeps writing itself","background","","0,1,2","KEEP","5","/scenes/story/cinematic/side-stories/rift-giver-engine-echo.webp","/scenes/story/cinematic/side-stories/rift-giver-engine-echo.webp","Retain reviewed accurate artwork."
"rift-giver-engine-echo/page:0/The Recorder With the Wrong Ledger","src/data/hollow-rifts.ts:300","A storm-country waystation, a clerk hunched over a book that keeps writing itself","actor","Recorder Sann","0,1,2","KEEP","5","/portraits/cinematic/side-stories/recorder-sann.webp?v=891202c8e","/portraits/cinematic/side-stories/recorder-sann.webp?v=891202c8e","Retain reviewed accurate artwork."
"rift-giver-engine-echo/page:1/What the Engine Drank","src/data/hollow-rifts.ts:310","The disused Engine yard behind Stormveil's arena. Sann sets a lantern on the cracked intake floor, and the old drain-seams under the chalk ring catch the light like the veins of something asleep.","background","","0,1,2","REPLACE","3","/scenes/story/cinematic/side-stories/rift-giver-engine-echo.webp","/scenes/story/cinematic/side-stories/rift-disused-engine-yard-v1.webp","Integrated reviewed replacement: riftEngineYard. See production.json for reference lock and production brief."
"rift-giver-engine-echo/page:1/What the Engine Drank","src/data/hollow-rifts.ts:310","The disused Engine yard behind Stormveil's arena. Sann sets a lantern on the cracked intake floor, and the old drain-seams under the chalk ring catch the light like the veins of something asleep.","actor","Recorder Sann","0,1,2","KEEP","5","/portraits/cinematic/side-stories/recorder-sann.webp?v=891202c8e","/portraits/cinematic/side-stories/recorder-sann.webp?v=891202c8e","Retain reviewed accurate artwork."
"rift-giver-engine-echo/page:2/The Circle on the Stone","src/data/hollow-rifts.ts:320","The waystation table, a manifest weighted flat by a storm-glass paperweight","background","","0,1,2","KEEP","5","/scenes/story/cinematic/side-stories/rift-giver-engine-echo.webp","/scenes/story/cinematic/side-stories/rift-giver-engine-echo.webp","Retain reviewed accurate artwork."
"rift-giver-engine-echo/page:2/The Circle on the Stone","src/data/hollow-rifts.ts:320","The waystation table, a manifest weighted flat by a storm-glass paperweight","actor","Recorder Sann","0,1,2","KEEP","5","/portraits/cinematic/side-stories/recorder-sann.webp?v=891202c8e","/portraits/cinematic/side-stories/recorder-sann.webp?v=891202c8e","Retain reviewed accurate artwork."
"rift-giver-engine-echo:repeat/page:0/A Fresh Column","src/lib/hollow-rifts.ts:201","Sann lays a new manifest beside the signed original","background","","0,1","KEEP","5","/scenes/story/cinematic/side-stories/rift-giver-engine-echo.webp","/scenes/story/cinematic/side-stories/rift-giver-engine-echo.webp","Retain reviewed accurate artwork."
"rift-giver-engine-echo:repeat/page:0/A Fresh Column","src/lib/hollow-rifts.ts:201","Sann lays a new manifest beside the signed original","actor","Recorder Sann","0,1","KEEP","5","/portraits/cinematic/side-stories/recorder-sann.webp?v=891202c8e","/portraits/cinematic/side-stories/recorder-sann.webp?v=891202c8e","Retain reviewed accurate artwork."
"rift-descend-engine-echo/page:0/The Drain-Line","src/data/hollow-rifts.ts:336","A rift torn over an old drain channel, the quartered circle scorched beside it, storm-light bleeding up","background","","0,1,2","KEEP","5","/scenes/story/cinematic/side-stories/rift-descend-engine-echo.webp","/scenes/story/cinematic/side-stories/rift-descend-engine-echo.webp","Retain reviewed accurate artwork."
"rift-first-clear-engine-echo/page:0/A Name on the Manifest","src/lib/hollow-rifts.ts:292","Sann lays the recovered manifest flat on the waystation table","background","","0,1","REMAP","3","/scenes/story/rift-giver-engine-echo.webp","/scenes/story/cinematic/side-stories/rift-giver-engine-echo.webp","Resolve this exact current story beat to retained, reviewed artwork."
"rift-first-clear-engine-echo/page:0/A Name on the Manifest","src/lib/hollow-rifts.ts:292","Sann lays the recovered manifest flat on the waystation table","actor","Recorder Sann","0,1","REMAP","2","/portraits/recorder-sann.webp","/portraits/cinematic/side-stories/recorder-sann.webp?v=891202c8e","Resolve this exact current story beat to retained, reviewed artwork."
"rift-giver-hollow-name/page:0/The Keeper of the Hall-Road","src/data/hollow-rifts.ts:368","A quiet shrine-road, an old keeper reading names off a worn wooden slate","background","","0,1,2","KEEP","5","/scenes/story/cinematic/side-stories/rift-giver-hollow-name.webp","/scenes/story/cinematic/side-stories/rift-giver-hollow-name.webp","Retain reviewed accurate artwork."
"rift-giver-hollow-name/page:0/The Keeper of the Hall-Road","src/data/hollow-rifts.ts:368","A quiet shrine-road, an old keeper reading names off a worn wooden slate","actor","Keeper Oru","0,1,2","KEEP","5","/portraits/cinematic/side-stories/keeper-oru.webp?v=891202c8e","/portraits/cinematic/side-stories/keeper-oru.webp?v=891202c8e","Retain reviewed accurate artwork."
"rift-giver-hollow-name/page:1/The Hall and the Hollow","src/data/hollow-rifts.ts:378","Inside the small shrine, Oru stands before a wall of carved names lit by low lanternflame, one hand resting on the cold stone.","background","","0,1,2","REPLACE","3","/scenes/story/cinematic/side-stories/rift-giver-hollow-name.webp","/scenes/story/cinematic/side-stories/rift-hall-carved-names-v1.webp","Integrated reviewed replacement: riftHallNames. See production.json for reference lock and production brief."
"rift-giver-hollow-name/page:1/The Hall and the Hollow","src/data/hollow-rifts.ts:378","Inside the small shrine, Oru stands before a wall of carved names lit by low lanternflame, one hand resting on the cold stone.","actor","Keeper Oru","0,1,2","KEEP","5","/portraits/cinematic/side-stories/keeper-oru.webp?v=891202c8e","/portraits/cinematic/side-stories/keeper-oru.webp?v=891202c8e","Retain reviewed accurate artwork."
"rift-giver-hollow-name/page:2/An Era That Will Not End","src/data/hollow-rifts.ts:388","The shrine step, the name-slate turned face-down","background","","0,1,2","KEEP","5","/scenes/story/cinematic/side-stories/rift-giver-hollow-name.webp","/scenes/story/cinematic/side-stories/rift-giver-hollow-name.webp","Retain reviewed accurate artwork."
"rift-giver-hollow-name/page:2/An Era That Will Not End","src/data/hollow-rifts.ts:388","The shrine step, the name-slate turned face-down","actor","Keeper Oru","0,1,2","KEEP","5","/portraits/cinematic/side-stories/keeper-oru.webp?v=891202c8e","/portraits/cinematic/side-stories/keeper-oru.webp?v=891202c8e","Retain reviewed accurate artwork."
"rift-giver-hollow-name:repeat/page:0/The Form Returns","src/lib/hollow-rifts.ts:207","Oru sets a fresh Hall-mark shard beside the condemnation already on file","background","","0,1","REPLACE","3","/scenes/story/cinematic/side-stories/rift-giver-hollow-name.webp","/scenes/story/cinematic/side-stories/rift-hall-carved-names-v1.webp","Integrated reviewed replacement: riftHallNames. See production.json for reference lock and production brief."
"rift-giver-hollow-name:repeat/page:0/The Form Returns","src/lib/hollow-rifts.ts:207","Oru sets a fresh Hall-mark shard beside the condemnation already on file","actor","Keeper Oru","0,1","KEEP","5","/portraits/cinematic/side-stories/keeper-oru.webp?v=891202c8e","/portraits/cinematic/side-stories/keeper-oru.webp?v=891202c8e","Retain reviewed accurate artwork."
"rift-descend-hollow-name/page:0/The Hollowed Legacy","src/data/hollow-rifts.ts:404","A rift like an old shrine turned inside out, era-banners rotted to threads","background","","0,1,2","KEEP","5","/scenes/story/cinematic/side-stories/rift-descend-hollow-name.webp","/scenes/story/cinematic/side-stories/rift-descend-hollow-name.webp","Retain reviewed accurate artwork."
"rift-first-clear-hollow-name/page:0/Filed Beside the Warning","src/lib/hollow-rifts.ts:293","Oru fits the recovered Hall-mark shard below the face-down slate","background","","0,1","REPLACE","3","/scenes/story/rift-giver-hollow-name.webp","/scenes/story/cinematic/side-stories/rift-hall-carved-names-v1.webp","Integrated reviewed replacement: riftHallNames. See production.json for reference lock and production brief."
"rift-first-clear-hollow-name/page:0/Filed Beside the Warning","src/lib/hollow-rifts.ts:293","Oru fits the recovered Hall-mark shard below the face-down slate","actor","Keeper Oru","0,1","REMAP","2","/portraits/keeper-oru.webp","/portraits/cinematic/side-stories/keeper-oru.webp?v=891202c8e","Resolve this exact current story beat to retained, reviewed artwork."
"rift-giver-mirror-shard/page:0/The Broker Who Sells Nothing Tonight","src/data/hollow-rifts.ts:436","A moonlit canal booth, its shelf of sealed files knocked to the floor","background","","0,1,2","VARIANT","3","/scenes/story/cinematic/side-stories/rift-giver-mirror-shard.webp","/scenes/story/cinematic/side-stories/rift-nemo-shuttered-booth-v1.webp","Integrated supported story-state variant: riftNemoClosedBooth. See production.json for reference lock and production brief."
"rift-giver-mirror-shard/page:0/The Broker Who Sells Nothing Tonight","src/data/hollow-rifts.ts:436","A moonlit canal booth, its shelf of sealed files knocked to the floor","actor","Broker Nemo","0,1,2","KEEP","5","/portraits/cinematic/side-stories/broker-nemo.webp?v=891202c8e","/portraits/cinematic/side-stories/broker-nemo.webp?v=891202c8e","Retain reviewed accurate artwork."
"rift-giver-mirror-shard/page:1/What the Mirror Drank","src/data/hollow-rifts.ts:446","The canal booth. Nemo keeps one hand flat on a shuttered whisper-booth's cold glass as if holding a door shut, his eyes on the faint quartered mark scored into its frame.","background","","0,1,2","VARIANT","3","/scenes/story/cinematic/side-stories/rift-giver-mirror-shard.webp","/scenes/story/cinematic/side-stories/rift-nemo-shuttered-booth-v1.webp","Integrated supported story-state variant: riftNemoClosedBooth. See production.json for reference lock and production brief."
"rift-giver-mirror-shard/page:1/What the Mirror Drank","src/data/hollow-rifts.ts:446","The canal booth. Nemo keeps one hand flat on a shuttered whisper-booth's cold glass as if holding a door shut, his eyes on the faint quartered mark scored into its frame.","actor","Broker Nemo","0,1,2","KEEP","5","/portraits/cinematic/side-stories/broker-nemo.webp?v=891202c8e","/portraits/cinematic/side-stories/broker-nemo.webp?v=891202c8e","Retain reviewed accurate artwork."
"rift-giver-mirror-shard/page:2/A Face That Is Not Yours","src/data/hollow-rifts.ts:456","The canal booth, a broken hand-mirror reflecting the wrong room","background","","0,1,2","VARIANT","3","/scenes/story/cinematic/side-stories/rift-giver-mirror-shard.webp","/scenes/story/cinematic/side-stories/rift-nemo-shuttered-booth-v1.webp","Integrated supported story-state variant: riftNemoClosedBooth. See production.json for reference lock and production brief."
"rift-giver-mirror-shard/page:2/A Face That Is Not Yours","src/data/hollow-rifts.ts:456","The canal booth, a broken hand-mirror reflecting the wrong room","actor","Broker Nemo","0,1,2","KEEP","5","/portraits/cinematic/side-stories/broker-nemo.webp?v=891202c8e","/portraits/cinematic/side-stories/broker-nemo.webp?v=891202c8e","Retain reviewed accurate artwork."
"rift-giver-mirror-shard:repeat/page:0/Glass Sheds Twice","src/lib/hollow-rifts.ts:213","Nemo shutters the booth around a new sliver of moving glass","background","","0,1","VARIANT","3","/scenes/story/cinematic/side-stories/rift-giver-mirror-shard.webp","/scenes/story/cinematic/side-stories/rift-nemo-shuttered-booth-v1.webp","Integrated supported story-state variant: riftNemoClosedBooth. See production.json for reference lock and production brief."
"rift-giver-mirror-shard:repeat/page:0/Glass Sheds Twice","src/lib/hollow-rifts.ts:213","Nemo shutters the booth around a new sliver of moving glass","actor","Broker Nemo","0,1","KEEP","5","/portraits/cinematic/side-stories/broker-nemo.webp?v=891202c8e","/portraits/cinematic/side-stories/broker-nemo.webp?v=891202c8e","Retain reviewed accurate artwork."
"rift-descend-mirror-shard/page:0/The Shard","src/data/hollow-rifts.ts:472","A rift of black glass and moonlight, reflections that move a half-beat late","background","","0,1,2","KEEP","5","/scenes/story/cinematic/side-stories/rift-descend-mirror-shard.webp","/scenes/story/cinematic/side-stories/rift-descend-mirror-shard.webp","Retain reviewed accurate artwork."
"rift-first-clear-mirror-shard/page:0/Names Returned","src/lib/hollow-rifts.ts:294","Nemo reads the recovered rim with the booth shutters closed","background","","0,1","VARIANT","3","/scenes/story/rift-giver-mirror-shard.webp","/scenes/story/cinematic/side-stories/rift-nemo-shuttered-booth-v1.webp","Integrated supported story-state variant: riftNemoClosedBooth. See production.json for reference lock and production brief."
"rift-first-clear-mirror-shard/page:0/Names Returned","src/lib/hollow-rifts.ts:294","Nemo reads the recovered rim with the booth shutters closed","actor","Broker Nemo","0,1","REMAP","2","/portraits/broker-nemo.webp","/portraits/cinematic/side-stories/broker-nemo.webp?v=891202c8e","Resolve this exact current story beat to retained, reviewed artwork."
"rift-giver-gate-heir/page:0/The Unsworn on the Ridge","src/data/hollow-rifts.ts:504","A high ridge, Kite Harrow on a wagon's tailboard reading a contract she has already read","background","","0,1,2","KEEP","5","/scenes/story/cinematic/side-stories/rift-giver-gate-heir.webp","/scenes/story/cinematic/side-stories/rift-giver-gate-heir.webp","Retain reviewed accurate artwork."
"rift-giver-gate-heir/page:0/The Unsworn on the Ridge","src/data/hollow-rifts.ts:504","A high ridge, Kite Harrow on a wagon's tailboard reading a contract she has already read","actor","Kite Harrow","0,1,2","KEEP","5","/portraits/cinematic/kite-harrow.webp?v=891202c8e","/portraits/cinematic/kite-harrow.webp?v=891202c8e","Retain reviewed accurate artwork."
"rift-giver-gate-heir/page:1/What the Rifts Were Really About","src/data/hollow-rifts.ts:514","The tailboard. Harrow taps a folded ledger against her knee until the paper's edge begins to buckle.","background","","0,1,2,3","KEEP","5","/scenes/story/cinematic/side-stories/rift-giver-gate-heir.webp","/scenes/story/cinematic/side-stories/rift-giver-gate-heir.webp","Retain reviewed accurate artwork."
"rift-giver-gate-heir/page:1/What the Rifts Were Really About","src/data/hollow-rifts.ts:514","The tailboard. Harrow taps a folded ledger against her knee until the paper's edge begins to buckle.","actor","Kite Harrow","0,1,2,3","KEEP","5","/portraits/cinematic/kite-harrow.webp?v=891202c8e","/portraits/cinematic/kite-harrow.webp?v=891202c8e","Retain reviewed accurate artwork."
"rift-giver-gate-heir/page:2/An Heir to the Gate","src/data/hollow-rifts.ts:525","The tailboard, four village seals laid out in a row on the wood","background","","0,1,2","KEEP","5","/scenes/story/cinematic/side-stories/rift-giver-gate-heir.webp","/scenes/story/cinematic/side-stories/rift-giver-gate-heir.webp","Retain reviewed accurate artwork."
"rift-giver-gate-heir/page:2/An Heir to the Gate","src/data/hollow-rifts.ts:525","The tailboard, four village seals laid out in a row on the wood","actor","Kite Harrow","0,1,2","KEEP","5","/portraits/cinematic/kite-harrow.webp?v=891202c8e","/portraits/cinematic/kite-harrow.webp?v=891202c8e","Retain reviewed accurate artwork."
"rift-giver-gate-heir:repeat/page:0/The Backflow Takes Shape","src/lib/hollow-rifts.ts:219","Harrow checks a new pressure report beneath the quartered plate already posted","background","","0,1","VARIANT","3","/scenes/story/cinematic/side-stories/rift-giver-gate-heir.webp","/scenes/story/cinematic/side-stories/harrow-waystation-evidence-v1.webp","Integrated supported story-state variant: harrowPostedEvidence. See production.json for reference lock and production brief."
"rift-giver-gate-heir:repeat/page:0/The Backflow Takes Shape","src/lib/hollow-rifts.ts:219","Harrow checks a new pressure report beneath the quartered plate already posted","actor","Kite Harrow","0,1","KEEP","5","/portraits/cinematic/kite-harrow.webp?v=891202c8e","/portraits/cinematic/kite-harrow.webp?v=891202c8e","Retain reviewed accurate artwork."
"rift-descend-gate-heir/page:0/The Heir","src/data/hollow-rifts.ts:541","The deepest rift yet, four-fold, storm and root and ice and moonlight braided into one dark throat","background","","0,1,2","KEEP","5","/scenes/story/cinematic/side-stories/rift-descend-gate-heir.webp","/scenes/story/cinematic/side-stories/rift-descend-gate-heir.webp","Retain reviewed accurate artwork."
"rift-first-clear-gate-heir/page:0/One Plate, Four Witnesses","src/lib/hollow-rifts.ts:295","A waystation board where Harrow has called witnesses from four roads","background","","0,1","VARIANT","3","/scenes/story/rift-giver-gate-heir.webp","/scenes/story/cinematic/side-stories/harrow-waystation-evidence-v1.webp","Integrated supported story-state variant: harrowPostedEvidence. See production.json for reference lock and production brief."
"rift-first-clear-gate-heir/page:0/One Plate, Four Witnesses","src/lib/hollow-rifts.ts:295","A waystation board where Harrow has called witnesses from four roads","actor","Kite Harrow","0,1","REMAP","1","/portraits/kite-harrow.webp","/portraits/cinematic/kite-harrow.webp?v=891202c8e","Resolve this exact current story beat to retained, reviewed artwork."
"builtin-awakening-lv2/page:0/The Pull Toward Central","src/data/vn-events.ts:23","A summons seal opens across your field record as a hard tug of chakra numbs your fingers.","background","","0,1,2,3,4,5,6","KEEP","5","/scenes/story/cinematic/side-stories/builtin-awakening-lv2.webp","/scenes/story/cinematic/side-stories/builtin-awakening-lv2.webp","Retain reviewed accurate artwork."
"builtin-aura-sphere-lv9/page:0/A Timed Issue Seal","src/data/vn-events.ts:66","A seal sewn into your field kit opens at Ninth Rank, revealing an aura fitting and a recorded message.","background","","0,1,2","KEEP","5","/scenes/story/cinematic/side-stories/builtin-aura-sphere-lv9.webp","/scenes/story/cinematic/side-stories/builtin-aura-sphere-lv9.webp","Retain reviewed accurate artwork."
"builtin-aura-sphere-lv9/page:0/A Timed Issue Seal","src/data/vn-events.ts:66","A seal sewn into your field kit opens at Ninth Rank, revealing an aura fitting and a recorded message.","actor","Village Elder","0,1,2","KEEP","5","/portraits/cinematic/side-stories/village-elder.webp?v=891202c8e","/portraits/cinematic/side-stories/village-elder.webp?v=891202c8e","Retain reviewed accurate artwork."
"builtin-aura-sphere-lv9/page:1/The Sphere Awakens","src/data/vn-events.ts:76","Mist turns slowly over the opened aura fitting while the issue seal finishes its message.","background","","0,1,2,3","KEEP","5","/scenes/story/cinematic/side-stories/builtin-aura-sphere-lv9.webp","/scenes/story/cinematic/side-stories/builtin-aura-sphere-lv9.webp","Retain reviewed accurate artwork."
"builtin-aura-sphere-lv9/page:1/The Sphere Awakens","src/data/vn-events.ts:76","Mist turns slowly over the opened aura fitting while the issue seal finishes its message.","actor","Village Elder","0,1,2,3","KEEP","5","/portraits/cinematic/side-stories/village-elder.webp?v=891202c8e","/portraits/cinematic/side-stories/village-elder.webp?v=891202c8e","Retain reviewed accurate artwork."
"builtin-hidden-dungeon/page:0/First Seal: The Warden","src/data/vn-events.ts:110","A masked shinobi steps from a hall of old torii gates.","background","","0,1,2,3","KEEP","5","/scenes/story/cinematic/side-stories/builtin-hidden-dungeon.webp","/scenes/story/cinematic/side-stories/builtin-hidden-dungeon.webp","Retain reviewed accurate artwork."
"builtin-hidden-dungeon/page:0/First Seal: The Warden","src/data/vn-events.ts:110","A masked shinobi steps from a hall of old torii gates.","actor","Dungeon Warden","0,1,2,3","KEEP","5","/portraits/cinematic/side-stories/dungeon-warden.webp?v=891202c8e","/portraits/cinematic/side-stories/dungeon-warden.webp?v=891202c8e","Retain reviewed accurate artwork."
"builtin-hidden-dungeon/page:1/Second Seal: The Chronicle Table","src/data/vn-events.ts:123","Stone cards grind across a square altar. Five slots wait for your deck.","background","","0,1","REPLACE","3","/scenes/story/cinematic/side-stories/builtin-hidden-dungeon.webp","/scenes/story/cinematic/system/dungeon-chronicle-altar-v1.webp","Integrated reviewed replacement: dungeonChronicleAltarFinal. See production.json for reference lock and production brief."
"builtin-hidden-dungeon/page:1/Second Seal: The Chronicle Table","src/data/vn-events.ts:123","Stone cards grind across a square altar. Five slots wait for your deck.","actor","Dungeon Warden","0,1","KEEP","5","/portraits/cinematic/side-stories/dungeon-warden.webp?v=891202c8e","/portraits/cinematic/side-stories/dungeon-warden.webp?v=891202c8e","Retain reviewed accurate artwork."
"builtin-hidden-dungeon/page:2/Third Seal: The Companion","src/data/vn-events.ts:134","A rare sector beast circles the final chamber, watching both you and your companion.","background","","0,1","REPLACE","3","/scenes/story/cinematic/side-stories/builtin-hidden-dungeon.webp","/scenes/story/cinematic/system/dungeon-companion-chamber-v1.webp","Integrated reviewed replacement: dungeonCompanionChamber. See production.json for reference lock and production brief."
"builtin-hidden-dungeon/page:2/Third Seal: The Companion","src/data/vn-events.ts:134","A rare sector beast circles the final chamber, watching both you and your companion.","actor","Dungeon Warden","0,1","KEEP","5","/portraits/cinematic/side-stories/dungeon-warden.webp?v=891202c8e","/portraits/cinematic/side-stories/dungeon-warden.webp?v=891202c8e","Retain reviewed accurate artwork."
"craft-dungeon-forest/page:0/First Seal: The Warden","src/data/vn-events.ts:110","Roots have buckled the forge gate, and Ashen Leaf repair marks cover its hinges.","background","","0,1,2,3","KEEP","5","/scenes/story/cinematic/side-stories/craft-dungeon-forest.webp","/scenes/story/cinematic/side-stories/craft-dungeon-forest.webp","Retain reviewed accurate artwork."
"craft-dungeon-forest/page:0/First Seal: The Warden","src/data/vn-events.ts:110","Roots have buckled the forge gate, and Ashen Leaf repair marks cover its hinges.","actor","Dungeon Warden","0,1,2,3","KEEP","5","/portraits/cinematic/side-stories/dungeon-warden.webp?v=891202c8e","/portraits/cinematic/side-stories/dungeon-warden.webp?v=891202c8e","Retain reviewed accurate artwork."
"craft-dungeon-forest/page:1/Second Seal: The Chronicle Table","src/data/vn-events.ts:123","Stone cards grind across a square altar. Five slots wait for your deck.","background","","0,1","REPLACE","3","/scenes/story/cinematic/side-stories/craft-dungeon-forest.webp","/scenes/story/cinematic/system/dungeon-chronicle-altar-v1.webp","Integrated reviewed replacement: dungeonChronicleAltarFinal. See production.json for reference lock and production brief."
"craft-dungeon-forest/page:1/Second Seal: The Chronicle Table","src/data/vn-events.ts:123","Stone cards grind across a square altar. Five slots wait for your deck.","actor","Dungeon Warden","0,1","KEEP","5","/portraits/cinematic/side-stories/dungeon-warden.webp?v=891202c8e","/portraits/cinematic/side-stories/dungeon-warden.webp?v=891202c8e","Retain reviewed accurate artwork."
"craft-dungeon-forest/page:2/Third Seal: The Companion","src/data/vn-events.ts:134","A rare sector beast circles the final chamber, watching both you and your companion.","background","","0,1","REPLACE","3","/scenes/story/cinematic/side-stories/craft-dungeon-forest.webp","/scenes/story/cinematic/system/dungeon-companion-chamber-v1.webp","Integrated reviewed replacement: dungeonCompanionChamber. See production.json for reference lock and production brief."
"craft-dungeon-forest/page:2/Third Seal: The Companion","src/data/vn-events.ts:134","A rare sector beast circles the final chamber, watching both you and your companion.","actor","Dungeon Warden","0,1","KEEP","5","/portraits/cinematic/side-stories/dungeon-warden.webp?v=891202c8e","/portraits/cinematic/side-stories/dungeon-warden.webp?v=891202c8e","Retain reviewed accurate artwork."
"craft-dungeon-snow/page:0/First Seal: The Warden","src/data/vn-events.ts:110","A stair cut into the glacier descends toward a frozen armory.","background","","0,1,2,3","KEEP","5","/scenes/story/cinematic/side-stories/craft-dungeon-snow.webp","/scenes/story/cinematic/side-stories/craft-dungeon-snow.webp","Retain reviewed accurate artwork."
"craft-dungeon-snow/page:0/First Seal: The Warden","src/data/vn-events.ts:110","A stair cut into the glacier descends toward a frozen armory.","actor","Dungeon Warden","0,1,2,3","KEEP","5","/portraits/cinematic/side-stories/dungeon-warden.webp?v=891202c8e","/portraits/cinematic/side-stories/dungeon-warden.webp?v=891202c8e","Retain reviewed accurate artwork."
"craft-dungeon-snow/page:1/Second Seal: The Chronicle Table","src/data/vn-events.ts:123","Stone cards grind across a square altar. Five slots wait for your deck.","background","","0,1","REPLACE","3","/scenes/story/cinematic/side-stories/craft-dungeon-snow.webp","/scenes/story/cinematic/system/dungeon-chronicle-altar-v1.webp","Integrated reviewed replacement: dungeonChronicleAltarFinal. See production.json for reference lock and production brief."
"craft-dungeon-snow/page:1/Second Seal: The Chronicle Table","src/data/vn-events.ts:123","Stone cards grind across a square altar. Five slots wait for your deck.","actor","Dungeon Warden","0,1","KEEP","5","/portraits/cinematic/side-stories/dungeon-warden.webp?v=891202c8e","/portraits/cinematic/side-stories/dungeon-warden.webp?v=891202c8e","Retain reviewed accurate artwork."
"craft-dungeon-snow/page:2/Third Seal: The Companion","src/data/vn-events.ts:134","A rare sector beast circles the final chamber, watching both you and your companion.","background","","0,1","REPLACE","3","/scenes/story/cinematic/side-stories/craft-dungeon-snow.webp","/scenes/story/cinematic/system/dungeon-companion-chamber-v1.webp","Integrated reviewed replacement: dungeonCompanionChamber. See production.json for reference lock and production brief."
"craft-dungeon-snow/page:2/Third Seal: The Companion","src/data/vn-events.ts:134","A rare sector beast circles the final chamber, watching both you and your companion.","actor","Dungeon Warden","0,1","KEEP","5","/portraits/cinematic/side-stories/dungeon-warden.webp?v=891202c8e","/portraits/cinematic/side-stories/dungeon-warden.webp?v=891202c8e","Retain reviewed accurate artwork."
"craft-dungeon-volcano/page:0/First Seal: The Warden","src/data/vn-events.ts:110","Heat leaks around a stone door stamped with an old weapons seal.","background","","0,1,2,3","KEEP","5","/scenes/story/cinematic/side-stories/craft-dungeon-volcano.webp","/scenes/story/cinematic/side-stories/craft-dungeon-volcano.webp","Retain reviewed accurate artwork."
"craft-dungeon-volcano/page:0/First Seal: The Warden","src/data/vn-events.ts:110","Heat leaks around a stone door stamped with an old weapons seal.","actor","Dungeon Warden","0,1,2,3","KEEP","5","/portraits/cinematic/side-stories/dungeon-warden.webp?v=891202c8e","/portraits/cinematic/side-stories/dungeon-warden.webp?v=891202c8e","Retain reviewed accurate artwork."
"craft-dungeon-volcano/page:1/Second Seal: The Chronicle Table","src/data/vn-events.ts:123","Stone cards grind across a square altar. Five slots wait for your deck.","background","","0,1","REPLACE","3","/scenes/story/cinematic/side-stories/craft-dungeon-volcano.webp","/scenes/story/cinematic/system/dungeon-chronicle-altar-v1.webp","Integrated reviewed replacement: dungeonChronicleAltarFinal. See production.json for reference lock and production brief."
"craft-dungeon-volcano/page:1/Second Seal: The Chronicle Table","src/data/vn-events.ts:123","Stone cards grind across a square altar. Five slots wait for your deck.","actor","Dungeon Warden","0,1","KEEP","5","/portraits/cinematic/side-stories/dungeon-warden.webp?v=891202c8e","/portraits/cinematic/side-stories/dungeon-warden.webp?v=891202c8e","Retain reviewed accurate artwork."
"craft-dungeon-volcano/page:2/Third Seal: The Companion","src/data/vn-events.ts:134","A rare sector beast circles the final chamber, watching both you and your companion.","background","","0,1","REPLACE","3","/scenes/story/cinematic/side-stories/craft-dungeon-volcano.webp","/scenes/story/cinematic/system/dungeon-companion-chamber-v1.webp","Integrated reviewed replacement: dungeonCompanionChamber. See production.json for reference lock and production brief."
"craft-dungeon-volcano/page:2/Third Seal: The Companion","src/data/vn-events.ts:134","A rare sector beast circles the final chamber, watching both you and your companion.","actor","Dungeon Warden","0,1","KEEP","5","/portraits/cinematic/side-stories/dungeon-warden.webp?v=891202c8e","/portraits/cinematic/side-stories/dungeon-warden.webp?v=891202c8e","Retain reviewed accurate artwork."
"craft-dungeon-shadow/page:0/First Seal: The Warden","src/data/vn-events.ts:110","A black-painted shrine door opens over a narrow descending stair.","background","","0,1,2,3","KEEP","5","/scenes/story/cinematic/side-stories/craft-dungeon-shadow.webp","/scenes/story/cinematic/side-stories/craft-dungeon-shadow.webp","Retain reviewed accurate artwork."
"craft-dungeon-shadow/page:0/First Seal: The Warden","src/data/vn-events.ts:110","A black-painted shrine door opens over a narrow descending stair.","actor","Dungeon Warden","0,1,2,3","KEEP","5","/portraits/cinematic/side-stories/dungeon-warden.webp?v=891202c8e","/portraits/cinematic/side-stories/dungeon-warden.webp?v=891202c8e","Retain reviewed accurate artwork."
"craft-dungeon-shadow/page:1/Second Seal: The Chronicle Table","src/data/vn-events.ts:123","Stone cards grind across a square altar. Five slots wait for your deck.","background","","0,1","REPLACE","3","/scenes/story/cinematic/side-stories/craft-dungeon-shadow.webp","/scenes/story/cinematic/system/dungeon-chronicle-altar-v1.webp","Integrated reviewed replacement: dungeonChronicleAltarFinal. See production.json for reference lock and production brief."
"craft-dungeon-shadow/page:1/Second Seal: The Chronicle Table","src/data/vn-events.ts:123","Stone cards grind across a square altar. Five slots wait for your deck.","actor","Dungeon Warden","0,1","KEEP","5","/portraits/cinematic/side-stories/dungeon-warden.webp?v=891202c8e","/portraits/cinematic/side-stories/dungeon-warden.webp?v=891202c8e","Retain reviewed accurate artwork."
"craft-dungeon-shadow/page:2/Third Seal: The Companion","src/data/vn-events.ts:134","A rare sector beast circles the final chamber, watching both you and your companion.","background","","0,1","REPLACE","3","/scenes/story/cinematic/side-stories/craft-dungeon-shadow.webp","/scenes/story/cinematic/system/dungeon-companion-chamber-v1.webp","Integrated reviewed replacement: dungeonCompanionChamber. See production.json for reference lock and production brief."
"craft-dungeon-shadow/page:2/Third Seal: The Companion","src/data/vn-events.ts:134","A rare sector beast circles the final chamber, watching both you and your companion.","actor","Dungeon Warden","0,1","KEEP","5","/portraits/cinematic/side-stories/dungeon-warden.webp?v=891202c8e","/portraits/cinematic/side-stories/dungeon-warden.webp?v=891202c8e","Retain reviewed accurate artwork."
"craft-dungeon-central/page:0/First Seal: The Warden","src/data/vn-events.ts:110","An old inspection gate beneath Central stands open for the first time in years.","background","","0,1,2,3","KEEP","5","/scenes/story/cinematic/side-stories/craft-dungeon-central.webp","/scenes/story/cinematic/side-stories/craft-dungeon-central.webp","Retain reviewed accurate artwork."
"craft-dungeon-central/page:0/First Seal: The Warden","src/data/vn-events.ts:110","An old inspection gate beneath Central stands open for the first time in years.","actor","Dungeon Warden","0,1,2,3","KEEP","5","/portraits/cinematic/side-stories/dungeon-warden.webp?v=891202c8e","/portraits/cinematic/side-stories/dungeon-warden.webp?v=891202c8e","Retain reviewed accurate artwork."
"craft-dungeon-central/page:1/Second Seal: The Chronicle Table","src/data/vn-events.ts:123","Stone cards grind across a square altar. Five slots wait for your deck.","background","","0,1","REPLACE","3","/scenes/story/cinematic/side-stories/craft-dungeon-central.webp","/scenes/story/cinematic/system/dungeon-chronicle-altar-v1.webp","Integrated reviewed replacement: dungeonChronicleAltarFinal. See production.json for reference lock and production brief."
"craft-dungeon-central/page:1/Second Seal: The Chronicle Table","src/data/vn-events.ts:123","Stone cards grind across a square altar. Five slots wait for your deck.","actor","Dungeon Warden","0,1","KEEP","5","/portraits/cinematic/side-stories/dungeon-warden.webp?v=891202c8e","/portraits/cinematic/side-stories/dungeon-warden.webp?v=891202c8e","Retain reviewed accurate artwork."
"craft-dungeon-central/page:2/Third Seal: The Companion","src/data/vn-events.ts:134","A rare sector beast circles the final chamber, watching both you and your companion.","background","","0,1","REPLACE","3","/scenes/story/cinematic/side-stories/craft-dungeon-central.webp","/scenes/story/cinematic/system/dungeon-companion-chamber-v1.webp","Integrated reviewed replacement: dungeonCompanionChamber. See production.json for reference lock and production brief."
"craft-dungeon-central/page:2/Third Seal: The Companion","src/data/vn-events.ts:134","A rare sector beast circles the final chamber, watching both you and your companion.","actor","Dungeon Warden","0,1","KEEP","5","/portraits/cinematic/side-stories/dungeon-warden.webp?v=891202c8e","/portraits/cinematic/side-stories/dungeon-warden.webp?v=891202c8e","Retain reviewed accurate artwork."
"sys-ancient-chest/page:0/A Seal Under the Rubble","src/data/default-vn-events.ts:67","A straight lacquered edge shows beneath the moss of a collapsed waystation.","background","","0,1,2,3,4","KEEP","5","/scenes/story/cinematic/side-stories/sys-ancient-chest.webp","/scenes/story/cinematic/side-stories/sys-ancient-chest.webp","Retain reviewed accurate artwork."
"sys-ancient-chest/page:1/The Chest Opens","src/data/default-vn-events.ts:85","The old courier chest opens on a row of oilcloth bundles.","background","","0,1,2,3","VARIANT","3","/scenes/story/cinematic/side-stories/sys-ancient-chest.webp","/scenes/story/cinematic/system/ancient-courier-chest-open-v1.webp","Integrated supported story-state variant: ancientChestOpen. See production.json for reference lock and production brief."
"sys-pet-encounter/page:0/Tracks Beside Your Own","src/data/default-vn-events.ts:15","A snapped branch stops you on a narrow sector trail.","background","","0,1,2","KEEP","5","/scenes/story/cinematic/side-stories/sys-pet-encounter.webp","/scenes/story/cinematic/side-stories/sys-pet-encounter.webp","Retain reviewed accurate artwork."
"sys-pet-encounter/page:1/Close Enough to See","src/data/default-vn-events.ts:31","The animal stands between two cedars, muddy and watchful.","background","","0,1,2","KEEP","5","/scenes/story/cinematic/side-stories/sys-pet-encounter.webp","/scenes/story/cinematic/side-stories/sys-pet-encounter.webp","Retain reviewed accurate artwork."
"sys-pet-encounter/page:2/An Open Hand","src/data/default-vn-events.ts:42","You hold out an empty hand and let the animal decide the distance.","background","","0,1,2","KEEP","5","/scenes/story/cinematic/side-stories/sys-pet-encounter.webp","/scenes/story/cinematic/side-stories/sys-pet-encounter.webp","Retain reviewed accurate artwork."
"chronicle-scribe/page:0/The Scribe on the Road","src/lib/chronicle-scribe.ts:90","An old traveler with an enormous satchel waves you down, then sits on the satchel to catch her breath.","background","","0,1","KEEP","5","/scenes/story/cinematic/side-stories/chronicle-scribe.webp","/scenes/story/cinematic/side-stories/chronicle-scribe.webp","Retain reviewed accurate artwork."
"chronicle-scribe/page:0/The Scribe on the Road","src/lib/chronicle-scribe.ts:90","An old traveler with an enormous satchel waves you down, then sits on the satchel to catch her breath.","actor","Scribe Ihara","0,1","KEEP","5","/portraits/cinematic/side-stories/scribe-ihara.webp?v=891202c8e","/portraits/cinematic/side-stories/scribe-ihara.webp?v=891202c8e","Retain reviewed accurate artwork."
"chronicle-scribe/page:1/The Cards","src/lib/chronicle-scribe.ts:98","She unbuckles the satchel. Hundreds of cards sit inside, sorted with string.","background","","0,1,2","KEEP","5","/scenes/story/cinematic/side-stories/chronicle-scribe.webp","/scenes/story/cinematic/side-stories/chronicle-scribe.webp","Retain reviewed accurate artwork."
"chronicle-scribe/page:1/The Cards","src/lib/chronicle-scribe.ts:98","She unbuckles the satchel. Hundreds of cards sit inside, sorted with string.","actor","Scribe Ihara","0,1,2","KEEP","5","/portraits/cinematic/side-stories/scribe-ihara.webp?v=891202c8e","/portraits/cinematic/side-stories/scribe-ihara.webp?v=891202c8e","Retain reviewed accurate artwork."
"chronicle-scribe/page:2/Older Than Your Village","src/lib/chronicle-scribe.ts:107","She holds up a card so worn the art is only shadows.","background","","0,1","KEEP","5","/scenes/story/cinematic/side-stories/chronicle-scribe.webp","/scenes/story/cinematic/side-stories/chronicle-scribe.webp","Retain reviewed accurate artwork."
"chronicle-scribe/page:2/Older Than Your Village","src/lib/chronicle-scribe.ts:107","She holds up a card so worn the art is only shadows.","actor","Scribe Ihara","0,1","KEEP","5","/portraits/cinematic/side-stories/scribe-ihara.webp?v=891202c8e","/portraits/cinematic/side-stories/scribe-ihara.webp?v=891202c8e","Retain reviewed accurate artwork."
"chronicle-scribe/page:3/Why Cards","src/lib/chronicle-scribe.ts:115","She wraps the old card away again, gentle as a splint.","background","","0,1","KEEP","5","/scenes/story/cinematic/side-stories/chronicle-scribe.webp","/scenes/story/cinematic/side-stories/chronicle-scribe.webp","Retain reviewed accurate artwork."
"chronicle-scribe/page:3/Why Cards","src/lib/chronicle-scribe.ts:115","She wraps the old card away again, gentle as a splint.","actor","Scribe Ihara","0,1","KEEP","5","/portraits/cinematic/side-stories/scribe-ihara.webp?v=891202c8e","/portraits/cinematic/side-stories/scribe-ihara.webp?v=891202c8e","Retain reviewed accurate artwork."
"chronicle-scribe/page:4/The Traveler's Codex","src/lib/chronicle-scribe.ts:123","She pulls a wrapped deck from the bottom of the satchel. It still smells of press-ink.","background","","0,1","KEEP","5","/scenes/story/cinematic/side-stories/chronicle-scribe.webp","/scenes/story/cinematic/side-stories/chronicle-scribe.webp","Retain reviewed accurate artwork."
"chronicle-scribe/page:4/The Traveler's Codex","src/lib/chronicle-scribe.ts:123","She pulls a wrapped deck from the bottom of the satchel. It still smells of press-ink.","actor","Scribe Ihara","0,1","KEEP","5","/portraits/cinematic/side-stories/scribe-ihara.webp?v=891202c8e","/portraits/cinematic/side-stories/scribe-ihara.webp?v=891202c8e","Retain reviewed accurate artwork."
"legacy-sage-offer/page:0/A Stranger on the Road","src/lib/legacy-sage-vn.ts:30","/scenes/legacy-sage-offer.png","background","","0,1,2","KEEP","5","/scenes/story/cinematic/side-stories/legacy-sage-offer.webp","/scenes/story/cinematic/side-stories/legacy-sage-offer.webp","Retain reviewed accurate artwork."
"legacy-sage-offer/page:0/A Stranger on the Road","src/lib/legacy-sage-vn.ts:30","/scenes/legacy-sage-offer.png","actor","Wandering Sage","0,1,2","KEEP","5","/portraits/cinematic/side-stories/wandering-sage.webp?v=891202c8e","/portraits/cinematic/side-stories/wandering-sage.webp?v=891202c8e","Retain reviewed accurate artwork."
"legacy-sage-offer/page:1/The Paths Before You","src/lib/legacy-sage-vn.ts:40","/scenes/legacy-sage-offer.png","background","","0","KEEP","5","/scenes/story/cinematic/side-stories/legacy-sage-offer.webp","/scenes/story/cinematic/side-stories/legacy-sage-offer.webp","Retain reviewed accurate artwork."
"legacy-sage-offer/page:1/The Paths Before You","src/lib/legacy-sage-vn.ts:40","/scenes/legacy-sage-offer.png","actor","Wandering Sage","0","KEEP","5","/portraits/cinematic/side-stories/wandering-sage.webp?v=891202c8e","/portraits/cinematic/side-stories/wandering-sage.webp?v=891202c8e","Retain reviewed accurate artwork."
"legacy-sage-offer/page:2/The Weight of the Choice","src/lib/legacy-sage-vn.ts:49","/scenes/legacy-sage-offer.png","background","","0,1,2","KEEP","5","/scenes/story/cinematic/side-stories/legacy-sage-offer.webp","/scenes/story/cinematic/side-stories/legacy-sage-offer.webp","Retain reviewed accurate artwork."
"legacy-sage-offer/page:2/The Weight of the Choice","src/lib/legacy-sage-vn.ts:49","/scenes/legacy-sage-offer.png","actor","Wandering Sage","0,1,2","KEEP","5","/portraits/cinematic/side-stories/wandering-sage.webp?v=891202c8e","/portraits/cinematic/side-stories/wandering-sage.webp?v=891202c8e","Retain reviewed accurate artwork."
"story-reckoning-vanta-ninth/page:0/The Old Man at the Boundary","src/data/story-reckonings.ts:81","The Stormveil outskirts, where the arena road gives way to open sky","background","","0,1,2","REMAP","2","/scenes/story/story-reckoning-vanta-ninth.webp","/scenes/story/cinematic/storywide/stormveil-threshold.webp","Resolve this exact current story beat to retained, reviewed artwork."
"story-reckoning-vanta-ninth/page:0/The Old Man at the Boundary","src/data/story-reckonings.ts:81","The Stormveil outskirts, where the arena road gives way to open sky","actor","Elder Vanta","0,1,2","REMAP","1","/portraits/elder-vanta.webp","/portraits/cinematic/storywide/elder-vanta.webp?v=891202c8e","Resolve this exact current story beat to retained, reviewed artwork."
"story-reckoning-vanta-ninth/page:1/Close the Share","src/data/story-reckonings.ts:91","The boundary road, rain gathering over the arena cables","background","","0,1,2","REMAP","2","/scenes/story/story-reckoning-vanta-ninth.webp","/scenes/story/cinematic/storywide/stormveil-threshold.webp","Resolve this exact current story beat to retained, reviewed artwork."
"story-reckoning-vanta-ninth/page:1/Close the Share","src/data/story-reckonings.ts:91","The boundary road, rain gathering over the arena cables","actor","Elder Vanta","0,1,2","REMAP","1","/portraits/elder-vanta.webp","/portraits/cinematic/storywide/elder-vanta.webp?v=891202c8e","Resolve this exact current story beat to retained, reviewed artwork."
"story-reckoning-vanta-ninth-return:traits-0/page:0/The Seal Comes Home","src/data/story-reckonings.ts:107","The boundary stone, the storm-seal cold in your hand","background","","0,1,2","REMAP","2","/scenes/story/story-reckoning-vanta-ninth-return.webp","/scenes/story/cinematic/storywide/stormveil-threshold.webp","Resolve this exact current story beat to retained, reviewed artwork."
"story-reckoning-vanta-ninth-return:traits-0/page:0/The Seal Comes Home","src/data/story-reckonings.ts:107","The boundary stone, the storm-seal cold in your hand","actor","Elder Vanta","0,1,2","REMAP","1","/portraits/elder-vanta.webp","/portraits/cinematic/storywide/elder-vanta.webp?v=891202c8e","Resolve this exact current story beat to retained, reviewed artwork."
"story-reckoning-mira-marker/page:0/The Watcher on the Ridge Road","src/data/story-reckonings.ts:141","The Stormveil outskirts, where the ridge path starts climbing","background","","0,1,2","KEEP","5","/scenes/story/cinematic/storywide/stormveil-threshold.webp","/scenes/story/cinematic/storywide/stormveil-threshold.webp","Retain reviewed accurate artwork."
"story-reckoning-mira-marker/page:0/The Watcher on the Ridge Road","src/data/story-reckonings.ts:141","The Stormveil outskirts, where the ridge path starts climbing","actor","Mira Volt","0,1,2","REMAP","1","/portraits/mira-volt.webp","/portraits/cinematic/storywide/mira-volt-neutral.webp?v=891202c8e","Resolve this exact current story beat to retained, reviewed artwork."
"story-reckoning-mira-marker-return:traits-0/page:0/The Marker, Set Again","src/data/story-reckonings.ts:179","The ridge gate, the marker pieces fitted back together","background","","0,1,2","KEEP","5","/scenes/story/cinematic/storywide/stormveil-threshold.webp","/scenes/story/cinematic/storywide/stormveil-threshold.webp","Retain reviewed accurate artwork."
"story-reckoning-mira-marker-return:traits-0/page:0/The Marker, Set Again","src/data/story-reckonings.ts:179","The ridge gate, the marker pieces fitted back together","actor","Mira Volt","0,1,2","REMAP","1","/portraits/mira-volt.webp","/portraits/cinematic/storywide/mira-volt-neutral.webp?v=891202c8e","Resolve this exact current story beat to retained, reviewed artwork."
"story-reckoning-mira-marker-return:traits-1/page:0/The Coil That Crossed","src/data/story-reckonings.ts:157","The ridge gate, the recovered packet resting beside Mira's emptied cable bag","background","","0,1,2","KEEP","5","/scenes/story/cinematic/storywide/stormveil-threshold.webp","/scenes/story/cinematic/storywide/stormveil-threshold.webp","Retain reviewed accurate artwork."
"story-reckoning-mira-marker-return:traits-1/page:0/The Coil That Crossed","src/data/story-reckonings.ts:157","The ridge gate, the recovered packet resting beside Mira's emptied cable bag","actor","Mira Volt","0,1,2","REMAP","1","/portraits/mira-volt.webp","/portraits/cinematic/storywide/mira-volt-neutral.webp?v=891202c8e","Resolve this exact current story beat to retained, reviewed artwork."
"story-reckoning-mira-marker-return:traits-1/page:1/The Marker, Set Again","src/data/story-reckonings.ts:179","The ridge gate, the marker pieces fitted back together","background","","0,1,2","KEEP","5","/scenes/story/cinematic/storywide/stormveil-threshold.webp","/scenes/story/cinematic/storywide/stormveil-threshold.webp","Retain reviewed accurate artwork."
"story-reckoning-mira-marker-return:traits-1/page:1/The Marker, Set Again","src/data/story-reckonings.ts:179","The ridge gate, the marker pieces fitted back together","actor","Mira Volt","0,1,2","REMAP","1","/portraits/mira-volt.webp","/portraits/cinematic/storywide/mira-volt-neutral.webp?v=891202c8e","Resolve this exact current story beat to retained, reviewed artwork."
"story-reckoning-mira-marker-return:traits-2/page:0/The Question Asked in Public","src/data/story-reckonings.ts:168","The ridge gate, picker-road mud drying on the recovered packet","background","","0,1,2","KEEP","5","/scenes/story/cinematic/storywide/stormveil-threshold.webp","/scenes/story/cinematic/storywide/stormveil-threshold.webp","Retain reviewed accurate artwork."
"story-reckoning-mira-marker-return:traits-2/page:0/The Question Asked in Public","src/data/story-reckonings.ts:168","The ridge gate, picker-road mud drying on the recovered packet","actor","Mira Volt","0,1,2","REMAP","1","/portraits/mira-volt.webp","/portraits/cinematic/storywide/mira-volt-neutral.webp?v=891202c8e","Resolve this exact current story beat to retained, reviewed artwork."
"story-reckoning-mira-marker-return:traits-2/page:1/The Marker, Set Again","src/data/story-reckonings.ts:179","The ridge gate, the marker pieces fitted back together","background","","0,1,2","KEEP","5","/scenes/story/cinematic/storywide/stormveil-threshold.webp","/scenes/story/cinematic/storywide/stormveil-threshold.webp","Retain reviewed accurate artwork."
"story-reckoning-mira-marker-return:traits-2/page:1/The Marker, Set Again","src/data/story-reckonings.ts:179","The ridge gate, the marker pieces fitted back together","actor","Mira Volt","0,1,2","REMAP","1","/portraits/mira-volt.webp","/portraits/cinematic/storywide/mira-volt-neutral.webp?v=891202c8e","Resolve this exact current story beat to retained, reviewed artwork."
"story-reckoning-mira-marker-return:traits-3/page:0/The Coil That Crossed","src/data/story-reckonings.ts:157","The ridge gate, the recovered packet resting beside Mira's emptied cable bag","background","","0,1,2","KEEP","5","/scenes/story/cinematic/storywide/stormveil-threshold.webp","/scenes/story/cinematic/storywide/stormveil-threshold.webp","Retain reviewed accurate artwork."
"story-reckoning-mira-marker-return:traits-3/page:0/The Coil That Crossed","src/data/story-reckonings.ts:157","The ridge gate, the recovered packet resting beside Mira's emptied cable bag","actor","Mira Volt","0,1,2","REMAP","1","/portraits/mira-volt.webp","/portraits/cinematic/storywide/mira-volt-neutral.webp?v=891202c8e","Resolve this exact current story beat to retained, reviewed artwork."
"story-reckoning-mira-marker-return:traits-3/page:1/The Question Asked in Public","src/data/story-reckonings.ts:168","The ridge gate, picker-road mud drying on the recovered packet","background","","0,1,2","KEEP","5","/scenes/story/cinematic/storywide/stormveil-threshold.webp","/scenes/story/cinematic/storywide/stormveil-threshold.webp","Retain reviewed accurate artwork."
"story-reckoning-mira-marker-return:traits-3/page:1/The Question Asked in Public","src/data/story-reckonings.ts:168","The ridge gate, picker-road mud drying on the recovered packet","actor","Mira Volt","0,1,2","REMAP","1","/portraits/mira-volt.webp","/portraits/cinematic/storywide/mira-volt-neutral.webp?v=891202c8e","Resolve this exact current story beat to retained, reviewed artwork."
"story-reckoning-mira-marker-return:traits-3/page:2/The Marker, Set Again","src/data/story-reckonings.ts:179","The ridge gate, the marker pieces fitted back together","background","","0,1,2","KEEP","5","/scenes/story/cinematic/storywide/stormveil-threshold.webp","/scenes/story/cinematic/storywide/stormveil-threshold.webp","Retain reviewed accurate artwork."
"story-reckoning-mira-marker-return:traits-3/page:2/The Marker, Set Again","src/data/story-reckonings.ts:179","The ridge gate, the marker pieces fitted back together","actor","Mira Volt","0,1,2","REMAP","1","/portraits/mira-volt.webp","/portraits/cinematic/storywide/mira-volt-neutral.webp?v=891202c8e","Resolve this exact current story beat to retained, reviewed artwork."
"story-reckoning-toma-cinders/page:0/The Clerk at the Ash Line","src/data/story-reckonings.ts:209","The Ashen Leaf outskirts, ash drifting past the last boundary post","background","","0,1,2","KEEP","5","/scenes/story/cinematic/storywide/ashen-threshold.webp","/scenes/story/cinematic/storywide/ashen-threshold.webp","Retain reviewed accurate artwork."
"story-reckoning-toma-cinders/page:0/The Clerk at the Ash Line","src/data/story-reckonings.ts:209","The Ashen Leaf outskirts, ash drifting past the last boundary post","actor","Toma Reed","0,1,2","REMAP","1","/portraits/toma-reed.webp","/portraits/cinematic/toma-reed.webp?v=891202c8e","Resolve this exact current story beat to retained, reviewed artwork."
"story-reckoning-toma-cinders/page:1/A Name Is Not a Number","src/data/story-reckonings.ts:219","The ash road climbing off the outskirts","background","","0,1,2","KEEP","5","/scenes/story/cinematic/storywide/ashen-threshold.webp","/scenes/story/cinematic/storywide/ashen-threshold.webp","Retain reviewed accurate artwork."
"story-reckoning-toma-cinders/page:1/A Name Is Not a Number","src/data/story-reckonings.ts:219","The ash road climbing off the outskirts","actor","Toma Reed","0,1,2","REMAP","1","/portraits/toma-reed.webp","/portraits/cinematic/toma-reed.webp?v=891202c8e","Resolve this exact current story beat to retained, reviewed artwork."
"story-reckoning-toma-cinders-return:traits-0/page:0/Read Aloud, Once","src/data/story-reckonings.ts:257","The outskirts register post, the cedar plates gathered in your hands","background","","0,1,2","KEEP","5","/scenes/story/cinematic/storywide/ashen-threshold.webp","/scenes/story/cinematic/storywide/ashen-threshold.webp","Retain reviewed accurate artwork."
"story-reckoning-toma-cinders-return:traits-0/page:0/Read Aloud, Once","src/data/story-reckonings.ts:257","The outskirts register post, the cedar plates gathered in your hands","actor","Toma Reed","0,1,2","REMAP","1","/portraits/toma-reed.webp","/portraits/cinematic/toma-reed.webp?v=891202c8e","Resolve this exact current story beat to retained, reviewed artwork."
"story-reckoning-toma-cinders-return:traits-1/page:0/The Crossing First","src/data/story-reckonings.ts:235","The outskirts register post, channel water drying on the recovered cedar","background","","0,1,2","KEEP","5","/scenes/story/cinematic/storywide/ashen-threshold.webp","/scenes/story/cinematic/storywide/ashen-threshold.webp","Retain reviewed accurate artwork."
"story-reckoning-toma-cinders-return:traits-1/page:0/The Crossing First","src/data/story-reckonings.ts:235","The outskirts register post, channel water drying on the recovered cedar","actor","Toma Reed","0,1,2","REMAP","1","/portraits/toma-reed.webp","/portraits/cinematic/toma-reed.webp?v=891202c8e","Resolve this exact current story beat to retained, reviewed artwork."
"story-reckoning-toma-cinders-return:traits-1/page:1/Read Aloud, Once","src/data/story-reckonings.ts:257","The outskirts register post, the cedar plates gathered in your hands","background","","0,1,2","KEEP","5","/scenes/story/cinematic/storywide/ashen-threshold.webp","/scenes/story/cinematic/storywide/ashen-threshold.webp","Retain reviewed accurate artwork."
"story-reckoning-toma-cinders-return:traits-1/page:1/Read Aloud, Once","src/data/story-reckonings.ts:257","The outskirts register post, the cedar plates gathered in your hands","actor","Toma Reed","0,1,2","REMAP","1","/portraits/toma-reed.webp","/portraits/cinematic/toma-reed.webp?v=891202c8e","Resolve this exact current story beat to retained, reviewed artwork."
"story-reckoning-toma-cinders-return:traits-2/page:0/The Crossing After","src/data/story-reckonings.ts:246","The outskirts register post, four bridge clamps still hanging from Toma's belt","background","","0,1,2","KEEP","5","/scenes/story/cinematic/storywide/ashen-threshold.webp","/scenes/story/cinematic/storywide/ashen-threshold.webp","Retain reviewed accurate artwork."
"story-reckoning-toma-cinders-return:traits-2/page:0/The Crossing After","src/data/story-reckonings.ts:246","The outskirts register post, four bridge clamps still hanging from Toma's belt","actor","Toma Reed","0,1,2","REMAP","1","/portraits/toma-reed.webp","/portraits/cinematic/toma-reed.webp?v=891202c8e","Resolve this exact current story beat to retained, reviewed artwork."
"story-reckoning-toma-cinders-return:traits-2/page:1/Read Aloud, Once","src/data/story-reckonings.ts:257","The outskirts register post, the cedar plates gathered in your hands","background","","0,1,2","KEEP","5","/scenes/story/cinematic/storywide/ashen-threshold.webp","/scenes/story/cinematic/storywide/ashen-threshold.webp","Retain reviewed accurate artwork."
"story-reckoning-toma-cinders-return:traits-2/page:1/Read Aloud, Once","src/data/story-reckonings.ts:257","The outskirts register post, the cedar plates gathered in your hands","actor","Toma Reed","0,1,2","REMAP","1","/portraits/toma-reed.webp","/portraits/cinematic/toma-reed.webp?v=891202c8e","Resolve this exact current story beat to retained, reviewed artwork."
"story-reckoning-toma-cinders-return:traits-3/page:0/The Crossing First","src/data/story-reckonings.ts:235","The outskirts register post, channel water drying on the recovered cedar","background","","0,1,2","KEEP","5","/scenes/story/cinematic/storywide/ashen-threshold.webp","/scenes/story/cinematic/storywide/ashen-threshold.webp","Retain reviewed accurate artwork."
"story-reckoning-toma-cinders-return:traits-3/page:0/The Crossing First","src/data/story-reckonings.ts:235","The outskirts register post, channel water drying on the recovered cedar","actor","Toma Reed","0,1,2","REMAP","1","/portraits/toma-reed.webp","/portraits/cinematic/toma-reed.webp?v=891202c8e","Resolve this exact current story beat to retained, reviewed artwork."
"story-reckoning-toma-cinders-return:traits-3/page:1/The Crossing After","src/data/story-reckonings.ts:246","The outskirts register post, four bridge clamps still hanging from Toma's belt","background","","0,1,2","REMAP","3","/scenes/story/cinematic/storywide/ashen-civic.webp","/scenes/story/cinematic/storywide/ashen-threshold.webp","Resolve this exact current story beat to retained, reviewed artwork."
"story-reckoning-toma-cinders-return:traits-3/page:1/The Crossing After","src/data/story-reckonings.ts:246","The outskirts register post, four bridge clamps still hanging from Toma's belt","actor","Toma Reed","0,1,2","REMAP","1","/portraits/toma-reed.webp","/portraits/cinematic/toma-reed.webp?v=891202c8e","Resolve this exact current story beat to retained, reviewed artwork."
"story-reckoning-toma-cinders-return:traits-3/page:2/Read Aloud, Once","src/data/story-reckonings.ts:257","The outskirts register post, the cedar plates gathered in your hands","background","","0,1,2","KEEP","5","/scenes/story/cinematic/storywide/ashen-threshold.webp","/scenes/story/cinematic/storywide/ashen-threshold.webp","Retain reviewed accurate artwork."
"story-reckoning-toma-cinders-return:traits-3/page:2/Read Aloud, Once","src/data/story-reckonings.ts:257","The outskirts register post, the cedar plates gathered in your hands","actor","Toma Reed","0,1,2","REMAP","1","/portraits/toma-reed.webp","/portraits/cinematic/toma-reed.webp?v=891202c8e","Resolve this exact current story beat to retained, reviewed artwork."
"story-reckoning-mori-working-copy/page:0/The Archivist at the Gate","src/data/story-reckonings.ts:295","The Ashen Leaf outskirts, a battered ledger under Mori's arm","background","","0,1,2","REMAP","2","/scenes/story/story-reckoning-mori-working-copy.webp","/scenes/story/cinematic/storywide/ashen-threshold.webp","Resolve this exact current story beat to retained, reviewed artwork."
"story-reckoning-mori-working-copy/page:0/The Archivist at the Gate","src/data/story-reckonings.ts:295","The Ashen Leaf outskirts, a battered ledger under Mori's arm","actor","Elder Mori","0,1,2","REMAP","1","/portraits/elder-mori.webp","/portraits/cinematic/elder-mori.webp?v=891202c8e","Resolve this exact current story beat to retained, reviewed artwork."
"story-reckoning-mori-working-copy/page:1/Struck and Sold","src/data/story-reckonings.ts:305","The boundary post, ash on the wind","background","","0,1,2","REMAP","3","/scenes/story/cinematic/storywide/ashen-ashfall.webp","/scenes/story/cinematic/storywide/ashen-threshold.webp","Resolve this exact current story beat to retained, reviewed artwork."
"story-reckoning-mori-working-copy/page:1/Struck and Sold","src/data/story-reckonings.ts:305","The boundary post, ash on the wind","actor","Elder Mori","0,1,2","REMAP","1","/portraits/elder-mori.webp","/portraits/cinematic/elder-mori.webp?v=891202c8e","Resolve this exact current story beat to retained, reviewed artwork."
"story-reckoning-mori-working-copy/page:2/Bring It to the Working Copy","src/data/story-reckonings.ts:315","The boundary post at dusk","background","","0,1,2","REMAP","2","/scenes/story/story-reckoning-mori-working-copy.webp","/scenes/story/cinematic/storywide/ashen-threshold.webp","Resolve this exact current story beat to retained, reviewed artwork."
"story-reckoning-mori-working-copy/page:2/Bring It to the Working Copy","src/data/story-reckonings.ts:315","The boundary post at dusk","actor","Elder Mori","0,1,2","REMAP","1","/portraits/elder-mori.webp","/portraits/cinematic/elder-mori.webp?v=891202c8e","Resolve this exact current story beat to retained, reviewed artwork."
"story-reckoning-mori-working-copy-return:traits-0/page:0/Set It in the Book","src/data/story-reckonings.ts:331","The boundary post, the struck name-plate in your hand","background","","0,1,2","REMAP","2","/scenes/story/story-reckoning-mori-working-copy-return.webp","/scenes/story/cinematic/storywide/ashen-threshold.webp","Resolve this exact current story beat to retained, reviewed artwork."
"story-reckoning-mori-working-copy-return:traits-0/page:0/Set It in the Book","src/data/story-reckonings.ts:331","The boundary post, the struck name-plate in your hand","actor","Elder Mori","0,1,2","REMAP","1","/portraits/elder-mori.webp","/portraits/cinematic/elder-mori.webp?v=891202c8e","Resolve this exact current story beat to retained, reviewed artwork."
"story-reckoning-sova-true-roll/page:0/The Records-Keeper in the Snow","src/data/story-reckonings.ts:362","The Frostfang outskirts, snow whipping past the gate stones","background","","0,1,2","KEEP","5","/scenes/story/cinematic/storywide/frostfang-threshold.webp","/scenes/story/cinematic/storywide/frostfang-threshold.webp","Retain reviewed accurate artwork."
"story-reckoning-sova-true-roll/page:0/The Records-Keeper in the Snow","src/data/story-reckonings.ts:362","The Frostfang outskirts, snow whipping past the gate stones","actor","Elder Sova","0,1,2","REMAP","1","/portraits/elder-sova.webp","/portraits/cinematic/storywide/elder-sova-canon.webp?v=891202c8e","Resolve this exact current story beat to retained, reviewed artwork."
"story-reckoning-sova-true-roll/page:1/Who Is Owed, Who Is Missed","src/data/story-reckonings.ts:372","The ridge road above the outskirts","background","","0,1,2","KEEP","5","/scenes/story/cinematic/storywide/frostfang-threshold.webp","/scenes/story/cinematic/storywide/frostfang-threshold.webp","Retain reviewed accurate artwork."
"story-reckoning-sova-true-roll/page:1/Who Is Owed, Who Is Missed","src/data/story-reckonings.ts:372","The ridge road above the outskirts","actor","Elder Sova","0,1,2","REMAP","1","/portraits/elder-sova.webp","/portraits/cinematic/storywide/elder-sova-canon.webp?v=891202c8e","Resolve this exact current story beat to retained, reviewed artwork."
"story-reckoning-sova-true-roll-return:traits-0/page:0/Bound Again","src/data/story-reckonings.ts:410","The gate stone, the roll pages gathered and iced stiff in your hands","background","","0,1,2","KEEP","5","/scenes/story/cinematic/storywide/frostfang-threshold.webp","/scenes/story/cinematic/storywide/frostfang-threshold.webp","Retain reviewed accurate artwork."
"story-reckoning-sova-true-roll-return:traits-0/page:0/Bound Again","src/data/story-reckonings.ts:410","The gate stone, the roll pages gathered and iced stiff in your hands","actor","Elder Sova","0,1,2","REMAP","1","/portraits/elder-sova.webp","/portraits/cinematic/storywide/elder-sova-canon.webp?v=891202c8e","Resolve this exact current story beat to retained, reviewed artwork."
"story-reckoning-sova-true-roll-return:traits-1/page:0/Recovered at Half Wick","src/data/story-reckonings.ts:388","The gate stone, the true roll held between signatures from the wall and lower kitchen","background","","0,1,2","KEEP","5","/scenes/story/cinematic/storywide/frostfang-threshold.webp","/scenes/story/cinematic/storywide/frostfang-threshold.webp","Retain reviewed accurate artwork."
"story-reckoning-sova-true-roll-return:traits-1/page:0/Recovered at Half Wick","src/data/story-reckonings.ts:388","The gate stone, the true roll held between signatures from the wall and lower kitchen","actor","Elder Sova","0,1,2","REMAP","1","/portraits/elder-sova.webp","/portraits/cinematic/storywide/elder-sova-canon.webp?v=891202c8e","Resolve this exact current story beat to retained, reviewed artwork."
"story-reckoning-sova-true-roll-return:traits-1/page:1/Bound Again","src/data/story-reckonings.ts:410","The gate stone, the roll pages gathered and iced stiff in your hands","background","","0,1,2","KEEP","5","/scenes/story/cinematic/storywide/frostfang-threshold.webp","/scenes/story/cinematic/storywide/frostfang-threshold.webp","Retain reviewed accurate artwork."
"story-reckoning-sova-true-roll-return:traits-1/page:1/Bound Again","src/data/story-reckonings.ts:410","The gate stone, the roll pages gathered and iced stiff in your hands","actor","Elder Sova","0,1,2","REMAP","1","/portraits/elder-sova.webp","/portraits/cinematic/storywide/elder-sova-canon.webp?v=891202c8e","Resolve this exact current story beat to retained, reviewed artwork."
"story-reckoning-sova-true-roll-return:traits-2/page:0/Recovered After Waiting","src/data/story-reckonings.ts:399","The gate stone, the true roll beside a flour-marked drift map","background","","0,1,2","KEEP","5","/scenes/story/cinematic/storywide/frostfang-threshold.webp","/scenes/story/cinematic/storywide/frostfang-threshold.webp","Retain reviewed accurate artwork."
"story-reckoning-sova-true-roll-return:traits-2/page:0/Recovered After Waiting","src/data/story-reckonings.ts:399","The gate stone, the true roll beside a flour-marked drift map","actor","Elder Sova","0,1,2","REMAP","1","/portraits/elder-sova.webp","/portraits/cinematic/storywide/elder-sova-canon.webp?v=891202c8e","Resolve this exact current story beat to retained, reviewed artwork."
"story-reckoning-sova-true-roll-return:traits-2/page:1/Bound Again","src/data/story-reckonings.ts:410","The gate stone, the roll pages gathered and iced stiff in your hands","background","","0,1,2","KEEP","5","/scenes/story/cinematic/storywide/frostfang-threshold.webp","/scenes/story/cinematic/storywide/frostfang-threshold.webp","Retain reviewed accurate artwork."
"story-reckoning-sova-true-roll-return:traits-2/page:1/Bound Again","src/data/story-reckonings.ts:410","The gate stone, the roll pages gathered and iced stiff in your hands","actor","Elder Sova","0,1,2","REMAP","1","/portraits/elder-sova.webp","/portraits/cinematic/storywide/elder-sova-canon.webp?v=891202c8e","Resolve this exact current story beat to retained, reviewed artwork."
"story-reckoning-sova-true-roll-return:traits-3/page:0/Recovered at Half Wick","src/data/story-reckonings.ts:388","The gate stone, the true roll held between signatures from the wall and lower kitchen","background","","0,1,2","KEEP","5","/scenes/story/cinematic/storywide/frostfang-threshold.webp","/scenes/story/cinematic/storywide/frostfang-threshold.webp","Retain reviewed accurate artwork."
"story-reckoning-sova-true-roll-return:traits-3/page:0/Recovered at Half Wick","src/data/story-reckonings.ts:388","The gate stone, the true roll held between signatures from the wall and lower kitchen","actor","Elder Sova","0,1,2","REMAP","1","/portraits/elder-sova.webp","/portraits/cinematic/storywide/elder-sova-canon.webp?v=891202c8e","Resolve this exact current story beat to retained, reviewed artwork."
"story-reckoning-sova-true-roll-return:traits-3/page:1/Recovered After Waiting","src/data/story-reckonings.ts:399","The gate stone, the true roll beside a flour-marked drift map","background","","0,1,2","REMAP","3","/scenes/story/cinematic/storywide/frostfang-aftermath.webp","/scenes/story/cinematic/storywide/frostfang-threshold.webp","Resolve this exact current story beat to retained, reviewed artwork."
"story-reckoning-sova-true-roll-return:traits-3/page:1/Recovered After Waiting","src/data/story-reckonings.ts:399","The gate stone, the true roll beside a flour-marked drift map","actor","Elder Sova","0,1,2","REMAP","1","/portraits/elder-sova.webp","/portraits/cinematic/storywide/elder-sova-canon.webp?v=891202c8e","Resolve this exact current story beat to retained, reviewed artwork."
"story-reckoning-sova-true-roll-return:traits-3/page:2/Bound Again","src/data/story-reckonings.ts:410","The gate stone, the roll pages gathered and iced stiff in your hands","background","","0,1,2","KEEP","5","/scenes/story/cinematic/storywide/frostfang-threshold.webp","/scenes/story/cinematic/storywide/frostfang-threshold.webp","Retain reviewed accurate artwork."
"story-reckoning-sova-true-roll-return:traits-3/page:2/Bound Again","src/data/story-reckonings.ts:410","The gate stone, the roll pages gathered and iced stiff in your hands","actor","Elder Sova","0,1,2","REMAP","1","/portraits/elder-sova.webp","/portraits/cinematic/storywide/elder-sova-canon.webp?v=891202c8e","Resolve this exact current story beat to retained, reviewed artwork."
"story-reckoning-yura-exemption/page:0/The Captain at the Ridge Gate","src/data/story-reckonings.ts:448","The Frostfang outskirts, Yura's breath white in the dark","background","","0,1,2","REMAP","2","/scenes/story/story-reckoning-yura-exemption.webp","/scenes/story/cinematic/storywide/frostfang-threshold.webp","Resolve this exact current story beat to retained, reviewed artwork."
"story-reckoning-yura-exemption/page:0/The Captain at the Ridge Gate","src/data/story-reckonings.ts:448","The Frostfang outskirts, Yura's breath white in the dark","actor","Captain Yura","0,1,2","REMAP","1","/portraits/captain-yura.webp","/portraits/cinematic/storywide/captain-yura.webp?v=891202c8e","Resolve this exact current story beat to retained, reviewed artwork."
"story-reckoning-yura-exemption/page:1/Warmth Had No Meter","src/data/story-reckonings.ts:458","The ridge road, ice fences groaning","background","","0,1,2","REMAP","3","/scenes/story/cinematic/storywide/frostfang-intimate.webp","/scenes/story/cinematic/storywide/frostfang-threshold.webp","Resolve this exact current story beat to retained, reviewed artwork."
"story-reckoning-yura-exemption/page:1/Warmth Had No Meter","src/data/story-reckonings.ts:458","The ridge road, ice fences groaning","actor","Captain Yura","0,1,2","REMAP","1","/portraits/captain-yura.webp","/portraits/cinematic/storywide/captain-yura.webp?v=891202c8e","Resolve this exact current story beat to retained, reviewed artwork."
"story-reckoning-yura-exemption/page:2/Bring the Token Back","src/data/story-reckonings.ts:468","The ridge gate, snow starting","background","","0,1,2","REMAP","2","/scenes/story/story-reckoning-yura-exemption.webp","/scenes/story/cinematic/storywide/frostfang-threshold.webp","Resolve this exact current story beat to retained, reviewed artwork."
"story-reckoning-yura-exemption/page:2/Bring the Token Back","src/data/story-reckonings.ts:468","The ridge gate, snow starting","actor","Captain Yura","0,1,2","REMAP","1","/portraits/captain-yura.webp","/portraits/cinematic/storywide/captain-yura.webp?v=891202c8e","Resolve this exact current story beat to retained, reviewed artwork."
"story-reckoning-yura-exemption-return:traits-0/page:0/Back in the Hand","src/data/story-reckonings.ts:484","The ridge gate, the struck warmth-token cold in your palm","background","","0,1,2","REMAP","2","/scenes/story/story-reckoning-yura-exemption-return.webp","/scenes/story/cinematic/storywide/frostfang-threshold.webp","Resolve this exact current story beat to retained, reviewed artwork."
"story-reckoning-yura-exemption-return:traits-0/page:0/Back in the Hand","src/data/story-reckonings.ts:484","The ridge gate, the struck warmth-token cold in your palm","actor","Captain Yura","0,1,2","REMAP","1","/portraits/captain-yura.webp","/portraits/cinematic/storywide/captain-yura.webp?v=891202c8e","Resolve this exact current story beat to retained, reviewed artwork."
"story-reckoning-nyx-ledger/page:0/The Broker at the Canal Gate","src/data/story-reckonings.ts:515","The Moonshadow outskirts, lantern light on black water","background","","0,1,2","KEEP","5","/scenes/story/cinematic/storywide/moonshadow-threshold.webp","/scenes/story/cinematic/storywide/moonshadow-threshold.webp","Retain reviewed accurate artwork."
"story-reckoning-nyx-ledger/page:0/The Broker at the Canal Gate","src/data/story-reckonings.ts:515","The Moonshadow outskirts, lantern light on black water","actor","Nyx","0,1,2","REMAP","1","/portraits/nyx.webp","/portraits/cinematic/storywide/nyx-neutral.webp?v=891202c8e","Resolve this exact current story beat to retained, reviewed artwork."
"story-reckoning-nyx-ledger/page:1/Who Bought, Not Who Owed","src/data/story-reckonings.ts:525","The canal path along the outskirts","background","","0,1,2","KEEP","5","/scenes/story/cinematic/storywide/moonshadow-threshold.webp","/scenes/story/cinematic/storywide/moonshadow-threshold.webp","Retain reviewed accurate artwork."
"story-reckoning-nyx-ledger/page:1/Who Bought, Not Who Owed","src/data/story-reckonings.ts:525","The canal path along the outskirts","actor","Nyx","0,1,2","REMAP","1","/portraits/nyx.webp","/portraits/cinematic/storywide/nyx-neutral.webp?v=891202c8e","Resolve this exact current story beat to retained, reviewed artwork."
"story-reckoning-nyx-ledger-return:traits-0/page:0/The Book Stays Open","src/data/story-reckonings.ts:563","The canal gate, the recovered pages drying in your hands","background","","0,1,2","KEEP","5","/scenes/story/cinematic/storywide/moonshadow-threshold.webp","/scenes/story/cinematic/storywide/moonshadow-threshold.webp","Retain reviewed accurate artwork."
"story-reckoning-nyx-ledger-return:traits-0/page:0/The Book Stays Open","src/data/story-reckonings.ts:563","The canal gate, the recovered pages drying in your hands","actor","Nyx","0,1,2","REMAP","1","/portraits/nyx.webp","/portraits/cinematic/storywide/nyx-neutral.webp?v=891202c8e","Resolve this exact current story beat to retained, reviewed artwork."
"story-reckoning-nyx-ledger-return:traits-1/page:0/A Voice Under Seal","src/data/story-reckonings.ts:541","The canal gate, recovered ledger pages beside a source statement with no public name","background","","0,1,2","KEEP","5","/scenes/story/cinematic/storywide/moonshadow-threshold.webp","/scenes/story/cinematic/storywide/moonshadow-threshold.webp","Retain reviewed accurate artwork."
"story-reckoning-nyx-ledger-return:traits-1/page:0/A Voice Under Seal","src/data/story-reckonings.ts:541","The canal gate, recovered ledger pages beside a source statement with no public name","actor","Nyx","0,1,2","REMAP","1","/portraits/nyx.webp","/portraits/cinematic/storywide/nyx-neutral.webp?v=891202c8e","Resolve this exact current story beat to retained, reviewed artwork."
"story-reckoning-nyx-ledger-return:traits-1/page:1/The Book Stays Open","src/data/story-reckonings.ts:563","The canal gate, the recovered pages drying in your hands","background","","0,1,2","KEEP","5","/scenes/story/cinematic/storywide/moonshadow-threshold.webp","/scenes/story/cinematic/storywide/moonshadow-threshold.webp","Retain reviewed accurate artwork."
"story-reckoning-nyx-ledger-return:traits-1/page:1/The Book Stays Open","src/data/story-reckonings.ts:563","The canal gate, the recovered pages drying in your hands","actor","Nyx","0,1,2","REMAP","1","/portraits/nyx.webp","/portraits/cinematic/storywide/nyx-neutral.webp?v=891202c8e","Resolve this exact current story beat to retained, reviewed artwork."
"story-reckoning-nyx-ledger-return:traits-2/page:0/Many Hands on the Route","src/data/story-reckonings.ts:552","The canal gate, separate return receipts drying around the recovered ledger","background","","0,1,2","KEEP","5","/scenes/story/cinematic/storywide/moonshadow-threshold.webp","/scenes/story/cinematic/storywide/moonshadow-threshold.webp","Retain reviewed accurate artwork."
"story-reckoning-nyx-ledger-return:traits-2/page:0/Many Hands on the Route","src/data/story-reckonings.ts:552","The canal gate, separate return receipts drying around the recovered ledger","actor","Nyx","0,1,2","REMAP","1","/portraits/nyx.webp","/portraits/cinematic/storywide/nyx-neutral.webp?v=891202c8e","Resolve this exact current story beat to retained, reviewed artwork."
"story-reckoning-nyx-ledger-return:traits-2/page:1/The Book Stays Open","src/data/story-reckonings.ts:563","The canal gate, the recovered pages drying in your hands","background","","0,1,2","KEEP","5","/scenes/story/cinematic/storywide/moonshadow-threshold.webp","/scenes/story/cinematic/storywide/moonshadow-threshold.webp","Retain reviewed accurate artwork."
"story-reckoning-nyx-ledger-return:traits-2/page:1/The Book Stays Open","src/data/story-reckonings.ts:563","The canal gate, the recovered pages drying in your hands","actor","Nyx","0,1,2","REMAP","1","/portraits/nyx.webp","/portraits/cinematic/storywide/nyx-neutral.webp?v=891202c8e","Resolve this exact current story beat to retained, reviewed artwork."
"story-reckoning-nyx-ledger-return:traits-3/page:0/A Voice Under Seal","src/data/story-reckonings.ts:541","The canal gate, recovered ledger pages beside a source statement with no public name","background","","0,1,2","KEEP","5","/scenes/story/cinematic/storywide/moonshadow-threshold.webp","/scenes/story/cinematic/storywide/moonshadow-threshold.webp","Retain reviewed accurate artwork."
"story-reckoning-nyx-ledger-return:traits-3/page:0/A Voice Under Seal","src/data/story-reckonings.ts:541","The canal gate, recovered ledger pages beside a source statement with no public name","actor","Nyx","0,1,2","REMAP","1","/portraits/nyx.webp","/portraits/cinematic/storywide/nyx-neutral.webp?v=891202c8e","Resolve this exact current story beat to retained, reviewed artwork."
"story-reckoning-nyx-ledger-return:traits-3/page:1/Many Hands on the Route","src/data/story-reckonings.ts:552","The canal gate, separate return receipts drying around the recovered ledger","background","","0,1,2","REMAP","3","/scenes/story/cinematic/storywide/moonshadow-civic.webp","/scenes/story/cinematic/storywide/moonshadow-threshold.webp","Resolve this exact current story beat to retained, reviewed artwork."
"story-reckoning-nyx-ledger-return:traits-3/page:1/Many Hands on the Route","src/data/story-reckonings.ts:552","The canal gate, separate return receipts drying around the recovered ledger","actor","Nyx","0,1,2","REMAP","1","/portraits/nyx.webp","/portraits/cinematic/storywide/nyx-neutral.webp?v=891202c8e","Resolve this exact current story beat to retained, reviewed artwork."
"story-reckoning-nyx-ledger-return:traits-3/page:2/The Book Stays Open","src/data/story-reckonings.ts:563","The canal gate, the recovered pages drying in your hands","background","","0,1,2","KEEP","5","/scenes/story/cinematic/storywide/moonshadow-threshold.webp","/scenes/story/cinematic/storywide/moonshadow-threshold.webp","Retain reviewed accurate artwork."
"story-reckoning-nyx-ledger-return:traits-3/page:2/The Book Stays Open","src/data/story-reckonings.ts:563","The canal gate, the recovered pages drying in your hands","actor","Nyx","0,1,2","REMAP","1","/portraits/nyx.webp","/portraits/cinematic/storywide/nyx-neutral.webp?v=891202c8e","Resolve this exact current story beat to retained, reviewed artwork."
"story-reckoning-iro-sealed-shelf/page:0/The Archive Master at the Gate","src/data/story-reckonings.ts:601","The Moonshadow outskirts, mist between the close rooftops","background","","0,1,2","REMAP","2","/scenes/story/story-reckoning-iro-sealed-shelf.webp","/scenes/story/cinematic/storywide/moonshadow-threshold.webp","Resolve this exact current story beat to retained, reviewed artwork."
"story-reckoning-iro-sealed-shelf/page:0/The Archive Master at the Gate","src/data/story-reckonings.ts:601","The Moonshadow outskirts, mist between the close rooftops","actor","Shade Master Iro","0,1,2","REMAP","1","/portraits/shade-master-iro.webp","/portraits/cinematic/storywide/shade-master-iro.webp?v=891202c8e","Resolve this exact current story beat to retained, reviewed artwork."
"story-reckoning-iro-sealed-shelf/page:1/Filed Under Load-Bearing","src/data/story-reckonings.ts:611","The founding stone, lanterns swaying","background","","0,1,2","VARIANT","3","/scenes/story/cinematic/storywide/moonshadow-sanctum.webp","/scenes/story/cinematic/storywide/moonshadow-founding-stone-closed-v1.webp","Integrated supported story-state variant: moonFoundingStoneClosed. See production.json for reference lock and production brief."
"story-reckoning-iro-sealed-shelf/page:1/Filed Under Load-Bearing","src/data/story-reckonings.ts:611","The founding stone, lanterns swaying","actor","Shade Master Iro","0,1,2","REMAP","1","/portraits/shade-master-iro.webp","/portraits/cinematic/storywide/shade-master-iro.webp?v=891202c8e","Resolve this exact current story beat to retained, reviewed artwork."
"story-reckoning-iro-sealed-shelf/page:2/Close It for Good","src/data/story-reckonings.ts:621","The founding stone at moonrise","background","","0,1,2","VARIANT","2","/scenes/story/story-reckoning-iro-sealed-shelf.webp","/scenes/story/cinematic/storywide/moonshadow-founding-stone-closed-v1.webp","Integrated supported story-state variant: moonFoundingStoneClosed. See production.json for reference lock and production brief."
"story-reckoning-iro-sealed-shelf/page:2/Close It for Good","src/data/story-reckonings.ts:621","The founding stone at moonrise","actor","Shade Master Iro","0,1,2","REMAP","1","/portraits/shade-master-iro.webp","/portraits/cinematic/storywide/shade-master-iro.webp?v=891202c8e","Resolve this exact current story beat to retained, reviewed artwork."
"story-reckoning-iro-sealed-shelf-return:traits-0/page:0/Unsealed","src/data/story-reckonings.ts:637","The founding stone, the sealed file heavy in your hands","background","","0,1,2","VARIANT","2","/scenes/story/story-reckoning-iro-sealed-shelf-return.webp","/scenes/story/cinematic/storywide/moonshadow-founding-stone-closed-v1.webp","Integrated supported story-state variant: moonFoundingStoneClosed. See production.json for reference lock and production brief."
"story-reckoning-iro-sealed-shelf-return:traits-0/page:0/Unsealed","src/data/story-reckonings.ts:637","The founding stone, the sealed file heavy in your hands","actor","Shade Master Iro","0,1,2","REMAP","1","/portraits/shade-master-iro.webp","/portraits/cinematic/storywide/shade-master-iro.webp?v=891202c8e","Resolve this exact current story beat to retained, reviewed artwork."
"story-reckoning-harrow-unbought/page:0/The Unsworn on the Tailboard","src/data/story-reckonings.ts:679","The village outskirts, Harrow on a wagon's tailboard reading a contract she has already read","background","","0,1,2","REPLACE","2","/scenes/story/story-reckoning-harrow-unbought.webp","/scenes/story/cinematic/side-stories/harrow-waystation-contract-v1.webp","Integrated reviewed replacement: harrowWaystation. See production.json for reference lock and production brief."
"story-reckoning-harrow-unbought/page:0/The Unsworn on the Tailboard","src/data/story-reckonings.ts:679","The village outskirts, Harrow on a wagon's tailboard reading a contract she has already read","actor","Kite Harrow","0,1,2","REMAP","1","/portraits/kite-harrow.webp","/portraits/cinematic/kite-harrow.webp?v=891202c8e","Resolve this exact current story beat to retained, reviewed artwork."
"story-reckoning-harrow-unbought/page:1/A Job on No Roll","src/data/story-reckonings.ts:689","The tailboard, out of the guards' hearing","background","","0,1,2","REPLACE","2","/scenes/story/story-reckoning-harrow-unbought.webp","/scenes/story/cinematic/side-stories/harrow-waystation-contract-v1.webp","Integrated reviewed replacement: harrowWaystation. See production.json for reference lock and production brief."
"story-reckoning-harrow-unbought/page:1/A Job on No Roll","src/data/story-reckonings.ts:689","The tailboard, out of the guards' hearing","actor","Kite Harrow","0,1,2","REMAP","1","/portraits/kite-harrow.webp","/portraits/cinematic/kite-harrow.webp?v=891202c8e","Resolve this exact current story beat to retained, reviewed artwork."
"story-reckoning-harrow-unbought-return:traits-0/page:0/Nailed to the Board","src/data/story-reckonings.ts:705","A waystation board at the edge of the village, the forged die in your hand","background","","0,1","REPLACE","2","/scenes/story/story-reckoning-harrow-unbought-return.webp","/scenes/story/cinematic/side-stories/harrow-waystation-contract-v1.webp","Integrated reviewed replacement: harrowWaystation. See production.json for reference lock and production brief."
"story-reckoning-harrow-unbought-return:traits-0/page:0/Nailed to the Board","src/data/story-reckonings.ts:705","A waystation board at the edge of the village, the forged die in your hand","actor","Kite Harrow","0,1,2","REMAP","1","/portraits/kite-harrow.webp","/portraits/cinematic/kite-harrow.webp?v=891202c8e","Resolve this exact current story beat to retained, reviewed artwork."
"story-reckoning-harrow-unbought-return:traits-0/page:0/Nailed to the Board","src/data/story-reckonings.ts:705","A waystation board at the edge of the village, the forged die in your hand","background","","2","VARIANT","2","/scenes/story/story-reckoning-harrow-unbought-return.webp","/scenes/story/cinematic/side-stories/harrow-waystation-evidence-v1.webp","Integrated supported story-state variant: harrowPostedEvidence. See production.json for reference lock and production brief."
"story-reckoning-field:story-reckoning-mira-marker:sv-ridge-gate:route-0/page:0/Two Ways Up","src/data/story-field-scenes.ts:26","The ridge gate, rain ticking against Mira's weather slate","background","","0,1,2","KEEP","5","/scenes/story/cinematic/storywide/stormveil-threshold.webp","/scenes/story/cinematic/storywide/stormveil-threshold.webp","Retain reviewed accurate artwork."
"story-reckoning-field:story-reckoning-mira-marker:sv-ridge-gate:route-0/page:0/Two Ways Up","src/data/story-field-scenes.ts:26","The ridge gate, rain ticking against Mira's weather slate","actor","Mira Volt","0,1,2","REMAP","1","/portraits/mira-volt.webp","/portraits/cinematic/storywide/mira-volt-neutral.webp?v=891202c8e","Resolve this exact current story beat to retained, reviewed artwork."
"story-reckoning-field:story-reckoning-mira-marker:sv-ridge-gate:replay-0/page:0/Two Ways Up","src/data/story-field-scenes.ts:26","The ridge gate, rain ticking against Mira's weather slate","background","","0,1,2","KEEP","5","/scenes/story/cinematic/storywide/stormveil-threshold.webp","/scenes/story/cinematic/storywide/stormveil-threshold.webp","Retain reviewed accurate artwork."
"story-reckoning-field:story-reckoning-mira-marker:sv-ridge-gate:replay-0/page:0/Two Ways Up","src/data/story-field-scenes.ts:26","The ridge gate, rain ticking against Mira's weather slate","actor","Mira Volt","0,1,2","REMAP","1","/portraits/mira-volt.webp","/portraits/cinematic/storywide/mira-volt-neutral.webp?v=891202c8e","Resolve this exact current story beat to retained, reviewed artwork."
"story-reckoning-field:story-reckoning-mira-marker:sv-ridge-gate:replay-0/page:1/Your Recorded Choice","src/data/story-field-scenes.ts:1","The ridge gate, rain ticking against Mira's weather slate","background","","0","KEEP","5","/scenes/story/cinematic/storywide/stormveil-threshold.webp","/scenes/story/cinematic/storywide/stormveil-threshold.webp","Retain reviewed accurate artwork."
"story-reckoning-field:story-reckoning-mira-marker:sv-broken-cable-span:route-0/page:0/One Sound Line","src/data/story-field-scenes.ts:45","The broken cable span, wind pushing rain sideways through the cut","background","","0,1,2","REPLACE","3","/scenes/story/cinematic/storywide/stormveil-threshold.webp","/scenes/story/cinematic/storywide/stormveil-field-cable-span-v1.webp","Integrated reviewed replacement: stormCableSpan. See production.json for reference lock and production brief."
"story-reckoning-field:story-reckoning-mira-marker:sv-broken-cable-span:route-0/page:0/One Sound Line","src/data/story-field-scenes.ts:45","The broken cable span, wind pushing rain sideways through the cut","actor","Mira Volt","0,1,2","REMAP","1","/portraits/mira-volt.webp","/portraits/cinematic/storywide/mira-volt-neutral.webp?v=891202c8e","Resolve this exact current story beat to retained, reviewed artwork."
"story-reckoning-field:story-reckoning-mira-marker:sv-broken-cable-span:replay-0/page:0/One Sound Line","src/data/story-field-scenes.ts:45","The broken cable span, wind pushing rain sideways through the cut","background","","0,1,2","REPLACE","3","/scenes/story/cinematic/storywide/stormveil-threshold.webp","/scenes/story/cinematic/storywide/stormveil-field-cable-span-v1.webp","Integrated reviewed replacement: stormCableSpan. See production.json for reference lock and production brief."
"story-reckoning-field:story-reckoning-mira-marker:sv-broken-cable-span:replay-0/page:0/One Sound Line","src/data/story-field-scenes.ts:45","The broken cable span, wind pushing rain sideways through the cut","actor","Mira Volt","0,1,2","REMAP","1","/portraits/mira-volt.webp","/portraits/cinematic/storywide/mira-volt-neutral.webp?v=891202c8e","Resolve this exact current story beat to retained, reviewed artwork."
"story-reckoning-field:story-reckoning-mira-marker:sv-broken-cable-span:replay-0/page:1/Your Recorded Choice","src/data/story-field-scenes.ts:1","The broken cable span, wind pushing rain sideways through the cut","background","","0,1","REPLACE","3","/scenes/story/cinematic/storywide/stormveil-threshold.webp","/scenes/story/cinematic/storywide/stormveil-field-cable-span-v1.webp","Integrated reviewed replacement: stormCableSpan. See production.json for reference lock and production brief."
"story-reckoning-field:story-reckoning-mira-marker:sv-signal-cairn:route-0/page:0/Under the Signal Stone","src/data/story-field-scenes.ts:61","The high signal cairn, Mira kneeling beside a rain-dark packet","background","","0,1,2","REPLACE","3","/scenes/story/cinematic/storywide/stormveil-threshold.webp","/scenes/story/cinematic/storywide/stormveil-field-signal-cairn-v1.webp","Integrated reviewed replacement: stormCairn. See production.json for reference lock and production brief."
"story-reckoning-field:story-reckoning-mira-marker:sv-signal-cairn:route-0/page:0/Under the Signal Stone","src/data/story-field-scenes.ts:61","The high signal cairn, Mira kneeling beside a rain-dark packet","actor","Mira Volt","0,1,2","REMAP","1","/portraits/mira-volt.webp","/portraits/cinematic/storywide/mira-volt-neutral.webp?v=891202c8e","Resolve this exact current story beat to retained, reviewed artwork."
"story-reckoning-field:story-reckoning-mira-marker:sv-signal-cairn:replay-0/page:0/Under the Signal Stone","src/data/story-field-scenes.ts:61","The high signal cairn, Mira kneeling beside a rain-dark packet","background","","0,1,2","REPLACE","3","/scenes/story/cinematic/storywide/stormveil-threshold.webp","/scenes/story/cinematic/storywide/stormveil-field-signal-cairn-v1.webp","Integrated reviewed replacement: stormCairn. See production.json for reference lock and production brief."
"story-reckoning-field:story-reckoning-mira-marker:sv-signal-cairn:replay-0/page:0/Under the Signal Stone","src/data/story-field-scenes.ts:61","The high signal cairn, Mira kneeling beside a rain-dark packet","actor","Mira Volt","0,1,2","REMAP","1","/portraits/mira-volt.webp","/portraits/cinematic/storywide/mira-volt-neutral.webp?v=891202c8e","Resolve this exact current story beat to retained, reviewed artwork."
"story-reckoning-field:story-reckoning-mira-marker:sv-signal-cairn:replay-0/page:1/Your Recorded Choice","src/data/story-field-scenes.ts:1","The high signal cairn, Mira kneeling beside a rain-dark packet","background","","0","REPLACE","3","/scenes/story/cinematic/storywide/stormveil-threshold.webp","/scenes/story/cinematic/storywide/stormveil-field-signal-cairn-v1.webp","Integrated reviewed replacement: stormCairn. See production.json for reference lock and production brief."
"story-reckoning-field:story-reckoning-mira-marker:aftermath:route-0/page:0/The High Line, Rechecked","src/data/story-field-scenes.ts:107","Kesa's marker above the ridge gate, Mira testing the high-line brake","background","","0,1,2","VARIANT","3","/scenes/story/cinematic/storywide/stormveil-threshold.webp","/scenes/story/cinematic/storywide/stormveil-field-marker-return-v1.webp","Integrated supported story-state variant: stormCairnAfterFixed. See production.json for reference lock and production brief."
"story-reckoning-field:story-reckoning-mira-marker:aftermath:route-0/page:0/The High Line, Rechecked","src/data/story-field-scenes.ts:107","Kesa's marker above the ridge gate, Mira testing the high-line brake","actor","Mira Volt","0,1,2","REMAP","1","/portraits/mira-volt.webp","/portraits/cinematic/storywide/mira-volt-neutral.webp?v=891202c8e","Resolve this exact current story beat to retained, reviewed artwork."
"story-reckoning-field:story-reckoning-mira-marker:sv-ridge-gate:route-1/page:0/Two Ways Up","src/data/story-field-scenes.ts:26","The ridge gate, rain ticking against Mira's weather slate","background","","0,1,2","KEEP","5","/scenes/story/cinematic/storywide/stormveil-threshold.webp","/scenes/story/cinematic/storywide/stormveil-threshold.webp","Retain reviewed accurate artwork."
"story-reckoning-field:story-reckoning-mira-marker:sv-ridge-gate:route-1/page:0/Two Ways Up","src/data/story-field-scenes.ts:26","The ridge gate, rain ticking against Mira's weather slate","actor","Mira Volt","0,1,2","REMAP","1","/portraits/mira-volt.webp","/portraits/cinematic/storywide/mira-volt-neutral.webp?v=891202c8e","Resolve this exact current story beat to retained, reviewed artwork."
"story-reckoning-field:story-reckoning-mira-marker:sv-ridge-gate:replay-1/page:0/Two Ways Up","src/data/story-field-scenes.ts:26","The ridge gate, rain ticking against Mira's weather slate","background","","0,1,2","KEEP","5","/scenes/story/cinematic/storywide/stormveil-threshold.webp","/scenes/story/cinematic/storywide/stormveil-threshold.webp","Retain reviewed accurate artwork."
"story-reckoning-field:story-reckoning-mira-marker:sv-ridge-gate:replay-1/page:0/Two Ways Up","src/data/story-field-scenes.ts:26","The ridge gate, rain ticking against Mira's weather slate","actor","Mira Volt","0,1,2","REMAP","1","/portraits/mira-volt.webp","/portraits/cinematic/storywide/mira-volt-neutral.webp?v=891202c8e","Resolve this exact current story beat to retained, reviewed artwork."
"story-reckoning-field:story-reckoning-mira-marker:sv-ridge-gate:replay-1/page:1/Your Recorded Choice","src/data/story-field-scenes.ts:1","The ridge gate, rain ticking against Mira's weather slate","background","","0","KEEP","5","/scenes/story/cinematic/storywide/stormveil-threshold.webp","/scenes/story/cinematic/storywide/stormveil-threshold.webp","Retain reviewed accurate artwork."
"story-reckoning-field:story-reckoning-mira-marker:sv-flower-pickers-shelter:route-1/page:0/The Rail Before the Trail","src/data/story-field-scenes.ts:77","The flower-pickers' shelter, three crews waiting behind a loose storm rail","background","","0,1,2","REPLACE","3","/scenes/story/cinematic/storywide/stormveil-threshold.webp","/scenes/story/cinematic/storywide/stormveil-field-picker-shelter-v1.webp","Integrated reviewed replacement: stormLowRail. See production.json for reference lock and production brief."
"story-reckoning-field:story-reckoning-mira-marker:sv-flower-pickers-shelter:route-1/page:0/The Rail Before the Trail","src/data/story-field-scenes.ts:77","The flower-pickers' shelter, three crews waiting behind a loose storm rail","actor","Mira Volt","0,1,2","REMAP","1","/portraits/mira-volt.webp","/portraits/cinematic/storywide/mira-volt-neutral.webp?v=891202c8e","Resolve this exact current story beat to retained, reviewed artwork."
"story-reckoning-field:story-reckoning-mira-marker:sv-flower-pickers-shelter:replay-1/page:0/The Rail Before the Trail","src/data/story-field-scenes.ts:77","The flower-pickers' shelter, three crews waiting behind a loose storm rail","background","","0,1,2","REPLACE","3","/scenes/story/cinematic/storywide/stormveil-threshold.webp","/scenes/story/cinematic/storywide/stormveil-field-picker-shelter-v1.webp","Integrated reviewed replacement: stormLowRail. See production.json for reference lock and production brief."
"story-reckoning-field:story-reckoning-mira-marker:sv-flower-pickers-shelter:replay-1/page:0/The Rail Before the Trail","src/data/story-field-scenes.ts:77","The flower-pickers' shelter, three crews waiting behind a loose storm rail","actor","Mira Volt","0,1,2","REMAP","1","/portraits/mira-volt.webp","/portraits/cinematic/storywide/mira-volt-neutral.webp?v=891202c8e","Resolve this exact current story beat to retained, reviewed artwork."
"story-reckoning-field:story-reckoning-mira-marker:sv-flower-pickers-shelter:replay-1/page:1/Your Recorded Choice","src/data/story-field-scenes.ts:1","The flower-pickers' shelter, three crews waiting behind a loose storm rail","background","","0,1","REPLACE","3","/scenes/story/cinematic/storywide/stormveil-threshold.webp","/scenes/story/cinematic/storywide/stormveil-field-picker-shelter-v1.webp","Integrated reviewed replacement: stormLowRail. See production.json for reference lock and production brief."
"story-reckoning-field:story-reckoning-mira-marker:sv-rain-split-cairn:route-1/page:0/What Wasn't Sold","src/data/story-field-scenes.ts:93","The rain-split cairn, picker crews visible below through the weather","background","","0,1,2","REPLACE","3","/scenes/story/cinematic/storywide/stormveil-threshold.webp","/scenes/story/cinematic/storywide/stormveil-field-signal-cairn-v1.webp","Integrated reviewed replacement: stormCairn. See production.json for reference lock and production brief."
"story-reckoning-field:story-reckoning-mira-marker:sv-rain-split-cairn:route-1/page:0/What Wasn't Sold","src/data/story-field-scenes.ts:93","The rain-split cairn, picker crews visible below through the weather","actor","Mira Volt","0,1,2","REMAP","1","/portraits/mira-volt.webp","/portraits/cinematic/storywide/mira-volt-neutral.webp?v=891202c8e","Resolve this exact current story beat to retained, reviewed artwork."
"story-reckoning-field:story-reckoning-mira-marker:sv-rain-split-cairn:replay-1/page:0/What Wasn't Sold","src/data/story-field-scenes.ts:93","The rain-split cairn, picker crews visible below through the weather","background","","0,1,2","REPLACE","3","/scenes/story/cinematic/storywide/stormveil-threshold.webp","/scenes/story/cinematic/storywide/stormveil-field-signal-cairn-v1.webp","Integrated reviewed replacement: stormCairn. See production.json for reference lock and production brief."
"story-reckoning-field:story-reckoning-mira-marker:sv-rain-split-cairn:replay-1/page:0/What Wasn't Sold","src/data/story-field-scenes.ts:93","The rain-split cairn, picker crews visible below through the weather","actor","Mira Volt","0,1,2","REMAP","1","/portraits/mira-volt.webp","/portraits/cinematic/storywide/mira-volt-neutral.webp?v=891202c8e","Resolve this exact current story beat to retained, reviewed artwork."
"story-reckoning-field:story-reckoning-mira-marker:sv-rain-split-cairn:replay-1/page:1/Your Recorded Choice","src/data/story-field-scenes.ts:1","The rain-split cairn, picker crews visible below through the weather","background","","0","REPLACE","3","/scenes/story/cinematic/storywide/stormveil-threshold.webp","/scenes/story/cinematic/storywide/stormveil-field-signal-cairn-v1.webp","Integrated reviewed replacement: stormCairn. See production.json for reference lock and production brief."
"story-reckoning-field:story-reckoning-mira-marker:aftermath:route-1/page:0/The Low Rail","src/data/story-field-scenes.ts:118","The flower-pickers' road, Mira tightening the public rail below Kesa's marker","background","","0,1,2","REPLACE","3","/scenes/story/cinematic/storywide/stormveil-threshold.webp","/scenes/story/cinematic/storywide/stormveil-field-picker-shelter-v1.webp","Integrated reviewed replacement: stormLowRail. See production.json for reference lock and production brief."
"story-reckoning-field:story-reckoning-mira-marker:aftermath:route-1/page:0/The Low Rail","src/data/story-field-scenes.ts:118","The flower-pickers' road, Mira tightening the public rail below Kesa's marker","actor","Mira Volt","0,1,2","REMAP","1","/portraits/mira-volt.webp","/portraits/cinematic/storywide/mira-volt-neutral.webp?v=891202c8e","Resolve this exact current story beat to retained, reviewed artwork."
"story-reckoning-field:story-reckoning-mira-marker:aftermath:legacy/page:0/Weather at the Marker","src/data/story-field-scenes.ts:130","Kesa's marker above the ridge gate, Mira checking the fitted stone after rain","background","","0,1","VARIANT","3","/scenes/story/cinematic/storywide/stormveil-threshold.webp","/scenes/story/cinematic/storywide/stormveil-field-marker-return-v1.webp","Integrated supported story-state variant: stormCairnAfterFixed. See production.json for reference lock and production brief."
"story-reckoning-field:story-reckoning-mira-marker:aftermath:legacy/page:0/Weather at the Marker","src/data/story-field-scenes.ts:130","Kesa's marker above the ridge gate, Mira checking the fitted stone after rain","actor","Mira Volt","0,1","REMAP","1","/portraits/mira-volt.webp","/portraits/cinematic/storywide/mira-volt-neutral.webp?v=891202c8e","Resolve this exact current story beat to retained, reviewed artwork."
"story-reckoning-field:story-reckoning-toma-cinders:al-ash-line:route-0/page:0/The Bridge or the Trail","src/data/story-field-scenes.ts:147","The ash line, cart ruts crossing a footpath toward the east channel","background","","0,1,2","REMAP","3","/scenes/story/cinematic/storywide/ashen-threshold.webp","/scenes/story/cinematic/side-stories/story-road-three-footprints.webp","Resolve this exact current story beat to retained, reviewed artwork."
"story-reckoning-field:story-reckoning-toma-cinders:al-ash-line:route-0/page:0/The Bridge or the Trail","src/data/story-field-scenes.ts:147","The ash line, cart ruts crossing a footpath toward the east channel","actor","Toma Reed","0,1,2","REMAP","1","/portraits/toma-reed.webp","/portraits/cinematic/toma-reed.webp?v=891202c8e","Resolve this exact current story beat to retained, reviewed artwork."
"story-reckoning-field:story-reckoning-toma-cinders:al-ash-line:replay-0/page:0/The Bridge or the Trail","src/data/story-field-scenes.ts:147","The ash line, cart ruts crossing a footpath toward the east channel","background","","0,1,2","REMAP","3","/scenes/story/cinematic/storywide/ashen-threshold.webp","/scenes/story/cinematic/side-stories/story-road-three-footprints.webp","Resolve this exact current story beat to retained, reviewed artwork."
"story-reckoning-field:story-reckoning-toma-cinders:al-ash-line:replay-0/page:0/The Bridge or the Trail","src/data/story-field-scenes.ts:147","The ash line, cart ruts crossing a footpath toward the east channel","actor","Toma Reed","0,1,2","REMAP","1","/portraits/toma-reed.webp","/portraits/cinematic/toma-reed.webp?v=891202c8e","Resolve this exact current story beat to retained, reviewed artwork."
"story-reckoning-field:story-reckoning-toma-cinders:al-ash-line:replay-0/page:1/Your Recorded Choice","src/data/story-field-scenes.ts:1","The ash line, cart ruts crossing a footpath toward the east channel","background","","0","REMAP","3","/scenes/story/cinematic/storywide/ashen-threshold.webp","/scenes/story/cinematic/side-stories/story-road-three-footprints.webp","Resolve this exact current story beat to retained, reviewed artwork."
"story-reckoning-field:story-reckoning-toma-cinders:al-collapsed-footbridge:route-0/page:0/Sound Before Pretty","src/data/story-field-scenes.ts:166","The collapsed footbridge, Toma lying on one shoulder beneath the split stringer","background","","0,1,2","VARIANT","3","/scenes/story/cinematic/storywide/ashen-threshold.webp","/scenes/story/cinematic/storywide/ashen-east-footbridge-broken-v1.webp","Integrated supported story-state variant: ashenBridgeBroken. See production.json for reference lock and production brief."
"story-reckoning-field:story-reckoning-toma-cinders:al-collapsed-footbridge:route-0/page:0/Sound Before Pretty","src/data/story-field-scenes.ts:166","The collapsed footbridge, Toma lying on one shoulder beneath the split stringer","actor","Toma Reed","0,1,2","REMAP","1","/portraits/toma-reed.webp","/portraits/cinematic/toma-reed.webp?v=891202c8e","Resolve this exact current story beat to retained, reviewed artwork."
"story-reckoning-field:story-reckoning-toma-cinders:al-collapsed-footbridge:replay-0/page:0/Sound Before Pretty","src/data/story-field-scenes.ts:166","The collapsed footbridge, Toma lying on one shoulder beneath the split stringer","background","","0,1,2","VARIANT","3","/scenes/story/cinematic/storywide/ashen-threshold.webp","/scenes/story/cinematic/storywide/ashen-east-footbridge-broken-v1.webp","Integrated supported story-state variant: ashenBridgeBroken. See production.json for reference lock and production brief."
"story-reckoning-field:story-reckoning-toma-cinders:al-collapsed-footbridge:replay-0/page:0/Sound Before Pretty","src/data/story-field-scenes.ts:166","The collapsed footbridge, Toma lying on one shoulder beneath the split stringer","actor","Toma Reed","0,1,2","REMAP","1","/portraits/toma-reed.webp","/portraits/cinematic/toma-reed.webp?v=891202c8e","Resolve this exact current story beat to retained, reviewed artwork."
"story-reckoning-field:story-reckoning-toma-cinders:al-collapsed-footbridge:replay-0/page:1/Your Recorded Choice","src/data/story-field-scenes.ts:1","The collapsed footbridge, Toma lying on one shoulder beneath the split stringer","background","","0,1","VARIANT","3","/scenes/story/cinematic/storywide/ashen-threshold.webp","/scenes/story/cinematic/storywide/ashen-east-footbridge-broken-v1.webp","Integrated supported story-state variant: ashenBridgeBroken. See production.json for reference lock and production brief."
"story-reckoning-field:story-reckoning-toma-cinders:al-east-channel-catch:route-0/page:0/Let the Water Loosen Them","src/data/story-field-scenes.ts:182","The east channel catch, Toma kneeling wrist-deep in brown water","background","","0,1,2","REPLACE","3","/scenes/story/cinematic/storywide/ashen-threshold.webp","/scenes/story/cinematic/storywide/ashen-field-silted-sluice-v1.webp","Integrated reviewed replacement: ashenSluice. See production.json for reference lock and production brief."
"story-reckoning-field:story-reckoning-toma-cinders:al-east-channel-catch:route-0/page:0/Let the Water Loosen Them","src/data/story-field-scenes.ts:182","The east channel catch, Toma kneeling wrist-deep in brown water","actor","Toma Reed","0,1,2","REMAP","1","/portraits/toma-reed.webp","/portraits/cinematic/toma-reed.webp?v=891202c8e","Resolve this exact current story beat to retained, reviewed artwork."
"story-reckoning-field:story-reckoning-toma-cinders:al-east-channel-catch:replay-0/page:0/Let the Water Loosen Them","src/data/story-field-scenes.ts:182","The east channel catch, Toma kneeling wrist-deep in brown water","background","","0,1,2","REPLACE","3","/scenes/story/cinematic/storywide/ashen-threshold.webp","/scenes/story/cinematic/storywide/ashen-field-silted-sluice-v1.webp","Integrated reviewed replacement: ashenSluice. See production.json for reference lock and production brief."
"story-reckoning-field:story-reckoning-toma-cinders:al-east-channel-catch:replay-0/page:0/Let the Water Loosen Them","src/data/story-field-scenes.ts:182","The east channel catch, Toma kneeling wrist-deep in brown water","actor","Toma Reed","0,1,2","REMAP","1","/portraits/toma-reed.webp","/portraits/cinematic/toma-reed.webp?v=891202c8e","Resolve this exact current story beat to retained, reviewed artwork."
"story-reckoning-field:story-reckoning-toma-cinders:al-east-channel-catch:replay-0/page:1/Your Recorded Choice","src/data/story-field-scenes.ts:1","The east channel catch, Toma kneeling wrist-deep in brown water","background","","0","REPLACE","3","/scenes/story/cinematic/storywide/ashen-threshold.webp","/scenes/story/cinematic/storywide/ashen-field-silted-sluice-v1.webp","Integrated reviewed replacement: ashenSluice. See production.json for reference lock and production brief."
"story-reckoning-field:story-reckoning-toma-cinders:aftermath:route-0/page:0/The Bridge Takes Weight","src/data/story-field-scenes.ts:244","The east footbridge, Toma replacing a wedge while morning baskets cross","background","","0,1,2","VARIANT","3","/scenes/story/cinematic/storywide/ashen-threshold.webp","/scenes/story/cinematic/storywide/ashen-east-footbridge-morning-v1.webp","Integrated supported story-state variant: ashenBridgeMorning. See production.json for reference lock and production brief."
"story-reckoning-field:story-reckoning-toma-cinders:aftermath:route-0/page:0/The Bridge Takes Weight","src/data/story-field-scenes.ts:244","The east footbridge, Toma replacing a wedge while morning baskets cross","actor","Toma Reed","0,1,2","REMAP","1","/portraits/toma-reed.webp","/portraits/cinematic/toma-reed.webp?v=891202c8e","Resolve this exact current story beat to retained, reviewed artwork."
"story-reckoning-field:story-reckoning-toma-cinders:al-ash-line:route-1/page:0/The Bridge or the Trail","src/data/story-field-scenes.ts:147","The ash line, cart ruts crossing a footpath toward the east channel","background","","0,1,2","REMAP","3","/scenes/story/cinematic/storywide/ashen-threshold.webp","/scenes/story/cinematic/side-stories/story-road-three-footprints.webp","Resolve this exact current story beat to retained, reviewed artwork."
"story-reckoning-field:story-reckoning-toma-cinders:al-ash-line:route-1/page:0/The Bridge or the Trail","src/data/story-field-scenes.ts:147","The ash line, cart ruts crossing a footpath toward the east channel","actor","Toma Reed","0,1,2","REMAP","1","/portraits/toma-reed.webp","/portraits/cinematic/toma-reed.webp?v=891202c8e","Resolve this exact current story beat to retained, reviewed artwork."
"story-reckoning-field:story-reckoning-toma-cinders:al-ash-line:replay-1/page:0/The Bridge or the Trail","src/data/story-field-scenes.ts:147","The ash line, cart ruts crossing a footpath toward the east channel","background","","0,1,2","REMAP","3","/scenes/story/cinematic/storywide/ashen-threshold.webp","/scenes/story/cinematic/side-stories/story-road-three-footprints.webp","Resolve this exact current story beat to retained, reviewed artwork."
"story-reckoning-field:story-reckoning-toma-cinders:al-ash-line:replay-1/page:0/The Bridge or the Trail","src/data/story-field-scenes.ts:147","The ash line, cart ruts crossing a footpath toward the east channel","actor","Toma Reed","0,1,2","REMAP","1","/portraits/toma-reed.webp","/portraits/cinematic/toma-reed.webp?v=891202c8e","Resolve this exact current story beat to retained, reviewed artwork."
"story-reckoning-field:story-reckoning-toma-cinders:al-ash-line:replay-1/page:1/Your Recorded Choice","src/data/story-field-scenes.ts:1","The ash line, cart ruts crossing a footpath toward the east channel","background","","0","REMAP","3","/scenes/story/cinematic/storywide/ashen-threshold.webp","/scenes/story/cinematic/side-stories/story-road-three-footprints.webp","Resolve this exact current story beat to retained, reviewed artwork."
"story-reckoning-field:story-reckoning-toma-cinders:al-charcoal-yard:route-1/page:0/Ask the Person, Read the Wheel","src/data/story-field-scenes.ts:198","The charcoal yard, workers unloading sacks while Toma studies six identical tracks","background","","0,1,2","REPLACE","3","/scenes/story/cinematic/storywide/ashen-threshold.webp","/scenes/story/cinematic/storywide/ashen-field-charcoal-yard-v1.webp","Integrated reviewed replacement: ashenCharcoalYard. See production.json for reference lock and production brief."
"story-reckoning-field:story-reckoning-toma-cinders:al-charcoal-yard:route-1/page:0/Ask the Person, Read the Wheel","src/data/story-field-scenes.ts:198","The charcoal yard, workers unloading sacks while Toma studies six identical tracks","actor","Toma Reed","0,1,2","REMAP","1","/portraits/toma-reed.webp","/portraits/cinematic/toma-reed.webp?v=891202c8e","Resolve this exact current story beat to retained, reviewed artwork."
"story-reckoning-field:story-reckoning-toma-cinders:al-charcoal-yard:replay-1/page:0/Ask the Person, Read the Wheel","src/data/story-field-scenes.ts:198","The charcoal yard, workers unloading sacks while Toma studies six identical tracks","background","","0,1,2","REPLACE","3","/scenes/story/cinematic/storywide/ashen-threshold.webp","/scenes/story/cinematic/storywide/ashen-field-charcoal-yard-v1.webp","Integrated reviewed replacement: ashenCharcoalYard. See production.json for reference lock and production brief."
"story-reckoning-field:story-reckoning-toma-cinders:al-charcoal-yard:replay-1/page:0/Ask the Person, Read the Wheel","src/data/story-field-scenes.ts:198","The charcoal yard, workers unloading sacks while Toma studies six identical tracks","actor","Toma Reed","0,1,2","REMAP","1","/portraits/toma-reed.webp","/portraits/cinematic/toma-reed.webp?v=891202c8e","Resolve this exact current story beat to retained, reviewed artwork."
"story-reckoning-field:story-reckoning-toma-cinders:al-charcoal-yard:replay-1/page:1/Your Recorded Choice","src/data/story-field-scenes.ts:1","The charcoal yard, workers unloading sacks while Toma studies six identical tracks","background","","0","REPLACE","3","/scenes/story/cinematic/storywide/ashen-threshold.webp","/scenes/story/cinematic/storywide/ashen-field-charcoal-yard-v1.webp","Integrated reviewed replacement: ashenCharcoalYard. See production.json for reference lock and production brief."
"story-reckoning-field:story-reckoning-toma-cinders:al-silted-sluice:route-1/page:0/Cedar in the Silt","src/data/story-field-scenes.ts:214","The silted sluice, Toma sorting each pale edge onto the folded oilcloth","background","","0,1,2","REPLACE","3","/scenes/story/cinematic/storywide/ashen-threshold.webp","/scenes/story/cinematic/storywide/ashen-field-silted-sluice-v1.webp","Integrated reviewed replacement: ashenSluice. See production.json for reference lock and production brief."
"story-reckoning-field:story-reckoning-toma-cinders:al-silted-sluice:route-1/page:0/Cedar in the Silt","src/data/story-field-scenes.ts:214","The silted sluice, Toma sorting each pale edge onto the folded oilcloth","actor","Toma Reed","0,1,2","REMAP","1","/portraits/toma-reed.webp","/portraits/cinematic/toma-reed.webp?v=891202c8e","Resolve this exact current story beat to retained, reviewed artwork."
"story-reckoning-field:story-reckoning-toma-cinders:al-silted-sluice:replay-1/page:0/Cedar in the Silt","src/data/story-field-scenes.ts:214","The silted sluice, Toma sorting each pale edge onto the folded oilcloth","background","","0,1,2","REPLACE","3","/scenes/story/cinematic/storywide/ashen-threshold.webp","/scenes/story/cinematic/storywide/ashen-field-silted-sluice-v1.webp","Integrated reviewed replacement: ashenSluice. See production.json for reference lock and production brief."
"story-reckoning-field:story-reckoning-toma-cinders:al-silted-sluice:replay-1/page:0/Cedar in the Silt","src/data/story-field-scenes.ts:214","The silted sluice, Toma sorting each pale edge onto the folded oilcloth","actor","Toma Reed","0,1,2","REMAP","1","/portraits/toma-reed.webp","/portraits/cinematic/toma-reed.webp?v=891202c8e","Resolve this exact current story beat to retained, reviewed artwork."
"story-reckoning-field:story-reckoning-toma-cinders:al-silted-sluice:replay-1/page:1/Your Recorded Choice","src/data/story-field-scenes.ts:1","The silted sluice, Toma sorting each pale edge onto the folded oilcloth","background","","0","REPLACE","3","/scenes/story/cinematic/storywide/ashen-threshold.webp","/scenes/story/cinematic/storywide/ashen-field-silted-sluice-v1.webp","Integrated reviewed replacement: ashenSluice. See production.json for reference lock and production brief."
"story-reckoning-field:story-reckoning-toma-cinders:al-bridge-after-dark:route-1/page:0/The Job Still Owed","src/data/story-field-scenes.ts:230","The footbridge after dark, one lamp, four clamps, and rain in the leaves","background","","0,1,2","VARIANT","3","/scenes/story/cinematic/storywide/ashen-threshold.webp","/scenes/story/cinematic/storywide/ashen-east-footbridge-repair-night-v1.webp","Integrated supported story-state variant: ashenBridgeRepair. See production.json for reference lock and production brief."
"story-reckoning-field:story-reckoning-toma-cinders:al-bridge-after-dark:route-1/page:0/The Job Still Owed","src/data/story-field-scenes.ts:230","The footbridge after dark, one lamp, four clamps, and rain in the leaves","actor","Toma Reed","0,1,2","REMAP","1","/portraits/toma-reed.webp","/portraits/cinematic/toma-reed.webp?v=891202c8e","Resolve this exact current story beat to retained, reviewed artwork."
"story-reckoning-field:story-reckoning-toma-cinders:al-bridge-after-dark:replay-1/page:0/The Job Still Owed","src/data/story-field-scenes.ts:230","The footbridge after dark, one lamp, four clamps, and rain in the leaves","background","","0,1,2","VARIANT","3","/scenes/story/cinematic/storywide/ashen-threshold.webp","/scenes/story/cinematic/storywide/ashen-east-footbridge-repair-night-v1.webp","Integrated supported story-state variant: ashenBridgeRepair. See production.json for reference lock and production brief."
"story-reckoning-field:story-reckoning-toma-cinders:al-bridge-after-dark:replay-1/page:0/The Job Still Owed","src/data/story-field-scenes.ts:230","The footbridge after dark, one lamp, four clamps, and rain in the leaves","actor","Toma Reed","0,1,2","REMAP","1","/portraits/toma-reed.webp","/portraits/cinematic/toma-reed.webp?v=891202c8e","Resolve this exact current story beat to retained, reviewed artwork."
"story-reckoning-field:story-reckoning-toma-cinders:al-bridge-after-dark:replay-1/page:1/Your Recorded Choice","src/data/story-field-scenes.ts:1","The footbridge after dark, one lamp, four clamps, and rain in the leaves","background","","0","VARIANT","3","/scenes/story/cinematic/storywide/ashen-threshold.webp","/scenes/story/cinematic/storywide/ashen-east-footbridge-repair-night-v1.webp","Integrated supported story-state variant: ashenBridgeRepair. See production.json for reference lock and production brief."
"story-reckoning-field:story-reckoning-toma-cinders:aftermath:route-1/page:0/One More Lamp","src/data/story-field-scenes.ts:255","The footbridge under two lamps, Toma checking the clamps while rain ticks through the leaves","background","","0,1,2","VARIANT","3","/scenes/story/cinematic/storywide/ashen-threshold.webp","/scenes/story/cinematic/storywide/ashen-east-footbridge-two-lamps-v1.webp","Integrated supported story-state variant: ashenBridgeTwoLamps. See production.json for reference lock and production brief."
"story-reckoning-field:story-reckoning-toma-cinders:aftermath:route-1/page:0/One More Lamp","src/data/story-field-scenes.ts:255","The footbridge under two lamps, Toma checking the clamps while rain ticks through the leaves","actor","Toma Reed","0,1,2","REMAP","1","/portraits/toma-reed.webp","/portraits/cinematic/toma-reed.webp?v=891202c8e","Resolve this exact current story beat to retained, reviewed artwork."
"story-reckoning-field:story-reckoning-toma-cinders:aftermath:legacy/page:0/Names on the Post","src/data/story-field-scenes.ts:267","The outskirts register post, Toma cleaning rain grit from the returned cedar","background","","0,1","REPLACE","3","/scenes/story/cinematic/storywide/ashen-threshold.webp","/scenes/story/cinematic/storywide/ashen-outskirts-register-post-v1.webp","Integrated reviewed replacement: ashenRegisterPost. See production.json for reference lock and production brief."
"story-reckoning-field:story-reckoning-toma-cinders:aftermath:legacy/page:0/Names on the Post","src/data/story-field-scenes.ts:267","The outskirts register post, Toma cleaning rain grit from the returned cedar","actor","Toma Reed","0,1","REMAP","1","/portraits/toma-reed.webp","/portraits/cinematic/toma-reed.webp?v=891202c8e","Resolve this exact current story beat to retained, reviewed artwork."
"story-reckoning-field:story-reckoning-sova-true-roll:ff-gate-stones:route-0/page:0/One Jar, Two Needs","src/data/story-field-scenes.ts:284","The gate stones, a wall corporal and a cook waiting on opposite sides of one oil jar","background","","0,1,2","VARIANT","3","/scenes/story/cinematic/storywide/frostfang-threshold.webp","/scenes/story/cinematic/storywide/frostfang-roll-stone-v1.webp","Integrated supported story-state variant: frostIntake. See production.json for reference lock and production brief."
"story-reckoning-field:story-reckoning-sova-true-roll:ff-gate-stones:route-0/page:0/One Jar, Two Needs","src/data/story-field-scenes.ts:284","The gate stones, a wall corporal and a cook waiting on opposite sides of one oil jar","actor","Elder Sova","0,1,2","REMAP","1","/portraits/elder-sova.webp","/portraits/cinematic/storywide/elder-sova-canon.webp?v=891202c8e","Resolve this exact current story beat to retained, reviewed artwork."
"story-reckoning-field:story-reckoning-sova-true-roll:ff-gate-stones:replay-0/page:0/One Jar, Two Needs","src/data/story-field-scenes.ts:284","The gate stones, a wall corporal and a cook waiting on opposite sides of one oil jar","background","","0,1,2","VARIANT","3","/scenes/story/cinematic/storywide/frostfang-threshold.webp","/scenes/story/cinematic/storywide/frostfang-roll-stone-v1.webp","Integrated supported story-state variant: frostIntake. See production.json for reference lock and production brief."
"story-reckoning-field:story-reckoning-sova-true-roll:ff-gate-stones:replay-0/page:0/One Jar, Two Needs","src/data/story-field-scenes.ts:284","The gate stones, a wall corporal and a cook waiting on opposite sides of one oil jar","actor","Elder Sova","0,1,2","REMAP","1","/portraits/elder-sova.webp","/portraits/cinematic/storywide/elder-sova-canon.webp?v=891202c8e","Resolve this exact current story beat to retained, reviewed artwork."
"story-reckoning-field:story-reckoning-sova-true-roll:ff-gate-stones:replay-0/page:1/Your Recorded Choice","src/data/story-field-scenes.ts:1","The gate stones, a wall corporal and a cook waiting on opposite sides of one oil jar","background","","0","VARIANT","3","/scenes/story/cinematic/storywide/frostfang-threshold.webp","/scenes/story/cinematic/storywide/frostfang-roll-stone-v1.webp","Integrated supported story-state variant: frostIntake. See production.json for reference lock and production brief."
"story-reckoning-field:story-reckoning-sova-true-roll:ff-south-watch-post:route-0/page:0/Half Light","src/data/story-field-scenes.ts:303","The south watch post, Sova measuring the last oil into three lamp cups","background","","0,1,2","REMAP","3","/scenes/story/cinematic/storywide/frostfang-threshold.webp","/scenes/story/story-interlude-frostfang-village-30.webp","Resolve this exact current story beat to retained, reviewed artwork."
"story-reckoning-field:story-reckoning-sova-true-roll:ff-south-watch-post:route-0/page:0/Half Light","src/data/story-field-scenes.ts:303","The south watch post, Sova measuring the last oil into three lamp cups","actor","Elder Sova","0,1,2","REMAP","1","/portraits/elder-sova.webp","/portraits/cinematic/storywide/elder-sova-canon.webp?v=891202c8e","Resolve this exact current story beat to retained, reviewed artwork."
"story-reckoning-field:story-reckoning-sova-true-roll:ff-south-watch-post:replay-0/page:0/Half Light","src/data/story-field-scenes.ts:303","The south watch post, Sova measuring the last oil into three lamp cups","background","","0,1,2","REMAP","3","/scenes/story/cinematic/storywide/frostfang-threshold.webp","/scenes/story/story-interlude-frostfang-village-30.webp","Resolve this exact current story beat to retained, reviewed artwork."
"story-reckoning-field:story-reckoning-sova-true-roll:ff-south-watch-post:replay-0/page:0/Half Light","src/data/story-field-scenes.ts:303","The south watch post, Sova measuring the last oil into three lamp cups","actor","Elder Sova","0,1,2","REMAP","1","/portraits/elder-sova.webp","/portraits/cinematic/storywide/elder-sova-canon.webp?v=891202c8e","Resolve this exact current story beat to retained, reviewed artwork."
"story-reckoning-field:story-reckoning-sova-true-roll:ff-south-watch-post:replay-0/page:1/Your Recorded Choice","src/data/story-field-scenes.ts:1","The south watch post, Sova measuring the last oil into three lamp cups","background","","0","REMAP","3","/scenes/story/cinematic/storywide/frostfang-threshold.webp","/scenes/story/story-interlude-frostfang-village-30.webp","Resolve this exact current story beat to retained, reviewed artwork."
"story-reckoning-field:story-reckoning-sova-true-roll:ff-blue-ice-gully:route-0/page:0/Names at Half Wick","src/data/story-field-scenes.ts:319","The blue-ice gully, wall watch and kitchen crews passing pages hand to hand","background","","0,1,2","VARIANT","3","/scenes/story/cinematic/storywide/frostfang-threshold.webp","/scenes/story/cinematic/storywide/frostfang-field-blue-ice-gully-v1.webp","Integrated supported story-state variant: frostGully. See production.json for reference lock and production brief."
"story-reckoning-field:story-reckoning-sova-true-roll:ff-blue-ice-gully:route-0/page:0/Names at Half Wick","src/data/story-field-scenes.ts:319","The blue-ice gully, wall watch and kitchen crews passing pages hand to hand","actor","Elder Sova","0,1,2","REMAP","1","/portraits/elder-sova.webp","/portraits/cinematic/storywide/elder-sova-canon.webp?v=891202c8e","Resolve this exact current story beat to retained, reviewed artwork."
"story-reckoning-field:story-reckoning-sova-true-roll:ff-blue-ice-gully:replay-0/page:0/Names at Half Wick","src/data/story-field-scenes.ts:319","The blue-ice gully, wall watch and kitchen crews passing pages hand to hand","background","","0,1,2","VARIANT","3","/scenes/story/cinematic/storywide/frostfang-threshold.webp","/scenes/story/cinematic/storywide/frostfang-field-blue-ice-gully-v1.webp","Integrated supported story-state variant: frostGully. See production.json for reference lock and production brief."
"story-reckoning-field:story-reckoning-sova-true-roll:ff-blue-ice-gully:replay-0/page:0/Names at Half Wick","src/data/story-field-scenes.ts:319","The blue-ice gully, wall watch and kitchen crews passing pages hand to hand","actor","Elder Sova","0,1,2","REMAP","1","/portraits/elder-sova.webp","/portraits/cinematic/storywide/elder-sova-canon.webp?v=891202c8e","Resolve this exact current story beat to retained, reviewed artwork."
"story-reckoning-field:story-reckoning-sova-true-roll:ff-blue-ice-gully:replay-0/page:1/Your Recorded Choice","src/data/story-field-scenes.ts:1","The blue-ice gully, wall watch and kitchen crews passing pages hand to hand","background","","0","VARIANT","3","/scenes/story/cinematic/storywide/frostfang-threshold.webp","/scenes/story/cinematic/storywide/frostfang-field-blue-ice-gully-v1.webp","Integrated supported story-state variant: frostGully. See production.json for reference lock and production brief."
"story-reckoning-field:story-reckoning-sova-true-roll:aftermath:route-0/page:0/Two Half Measures","src/data/story-field-scenes.ts:365","The gate stones, Sova checking a new oil ledger with the wall corporal and lower-road cook","background","","0,1,2","VARIANT","3","/scenes/story/cinematic/storywide/frostfang-threshold.webp","/scenes/story/cinematic/storywide/frostfang-roll-stone-v1.webp","Integrated supported story-state variant: frostIntake. See production.json for reference lock and production brief."
"story-reckoning-field:story-reckoning-sova-true-roll:aftermath:route-0/page:0/Two Half Measures","src/data/story-field-scenes.ts:365","The gate stones, Sova checking a new oil ledger with the wall corporal and lower-road cook","actor","Elder Sova","0,1,2","REMAP","1","/portraits/elder-sova.webp","/portraits/cinematic/storywide/elder-sova-canon.webp?v=891202c8e","Resolve this exact current story beat to retained, reviewed artwork."
"story-reckoning-field:story-reckoning-sova-true-roll:ff-gate-stones:route-1/page:0/One Jar, Two Needs","src/data/story-field-scenes.ts:284","The gate stones, a wall corporal and a cook waiting on opposite sides of one oil jar","background","","0,1,2","VARIANT","3","/scenes/story/cinematic/storywide/frostfang-threshold.webp","/scenes/story/cinematic/storywide/frostfang-roll-stone-v1.webp","Integrated supported story-state variant: frostIntake. See production.json for reference lock and production brief."
"story-reckoning-field:story-reckoning-sova-true-roll:ff-gate-stones:route-1/page:0/One Jar, Two Needs","src/data/story-field-scenes.ts:284","The gate stones, a wall corporal and a cook waiting on opposite sides of one oil jar","actor","Elder Sova","0,1,2","REMAP","1","/portraits/elder-sova.webp","/portraits/cinematic/storywide/elder-sova-canon.webp?v=891202c8e","Resolve this exact current story beat to retained, reviewed artwork."
"story-reckoning-field:story-reckoning-sova-true-roll:ff-gate-stones:replay-1/page:0/One Jar, Two Needs","src/data/story-field-scenes.ts:284","The gate stones, a wall corporal and a cook waiting on opposite sides of one oil jar","background","","0,1,2","VARIANT","3","/scenes/story/cinematic/storywide/frostfang-threshold.webp","/scenes/story/cinematic/storywide/frostfang-roll-stone-v1.webp","Integrated supported story-state variant: frostIntake. See production.json for reference lock and production brief."
"story-reckoning-field:story-reckoning-sova-true-roll:ff-gate-stones:replay-1/page:0/One Jar, Two Needs","src/data/story-field-scenes.ts:284","The gate stones, a wall corporal and a cook waiting on opposite sides of one oil jar","actor","Elder Sova","0,1,2","REMAP","1","/portraits/elder-sova.webp","/portraits/cinematic/storywide/elder-sova-canon.webp?v=891202c8e","Resolve this exact current story beat to retained, reviewed artwork."
"story-reckoning-field:story-reckoning-sova-true-roll:ff-gate-stones:replay-1/page:1/Your Recorded Choice","src/data/story-field-scenes.ts:1","The gate stones, a wall corporal and a cook waiting on opposite sides of one oil jar","background","","0","VARIANT","3","/scenes/story/cinematic/storywide/frostfang-threshold.webp","/scenes/story/cinematic/storywide/frostfang-roll-stone-v1.webp","Integrated supported story-state variant: frostIntake. See production.json for reference lock and production brief."
"story-reckoning-field:story-reckoning-sova-true-roll:ff-lower-road-kitchen:route-1/page:0/Wait Without Standing Still","src/data/story-field-scenes.ts:335","The lower-road kitchen before dawn, route marks pressed into flour on the table","background","","0,1,2","VARIANT","3","/scenes/story/cinematic/storywide/frostfang-threshold.webp","/scenes/story/cinematic/storywide/frostfang-lower-road-kitchen-v1.webp","Integrated supported story-state variant: frostKitchen. See production.json for reference lock and production brief."
"story-reckoning-field:story-reckoning-sova-true-roll:ff-lower-road-kitchen:route-1/page:0/Wait Without Standing Still","src/data/story-field-scenes.ts:335","The lower-road kitchen before dawn, route marks pressed into flour on the table","actor","Elder Sova","0,1,2","REMAP","1","/portraits/elder-sova.webp","/portraits/cinematic/storywide/elder-sova-canon.webp?v=891202c8e","Resolve this exact current story beat to retained, reviewed artwork."
"story-reckoning-field:story-reckoning-sova-true-roll:ff-lower-road-kitchen:replay-1/page:0/Wait Without Standing Still","src/data/story-field-scenes.ts:335","The lower-road kitchen before dawn, route marks pressed into flour on the table","background","","0,1,2","VARIANT","3","/scenes/story/cinematic/storywide/frostfang-threshold.webp","/scenes/story/cinematic/storywide/frostfang-lower-road-kitchen-v1.webp","Integrated supported story-state variant: frostKitchen. See production.json for reference lock and production brief."
"story-reckoning-field:story-reckoning-sova-true-roll:ff-lower-road-kitchen:replay-1/page:0/Wait Without Standing Still","src/data/story-field-scenes.ts:335","The lower-road kitchen before dawn, route marks pressed into flour on the table","actor","Elder Sova","0,1,2","REMAP","1","/portraits/elder-sova.webp","/portraits/cinematic/storywide/elder-sova-canon.webp?v=891202c8e","Resolve this exact current story beat to retained, reviewed artwork."
"story-reckoning-field:story-reckoning-sova-true-roll:ff-lower-road-kitchen:replay-1/page:1/Your Recorded Choice","src/data/story-field-scenes.ts:1","The lower-road kitchen before dawn, route marks pressed into flour on the table","background","","0","VARIANT","3","/scenes/story/cinematic/storywide/frostfang-threshold.webp","/scenes/story/cinematic/storywide/frostfang-lower-road-kitchen-v1.webp","Integrated supported story-state variant: frostKitchen. See production.json for reference lock and production brief."
"story-reckoning-field:story-reckoning-sova-true-roll:ff-sunlit-drift:route-1/page:0/The Road Comes With You","src/data/story-field-scenes.ts:351","The sunlit drift, searchers spreading from every mark made on the kitchen table","background","","0,1,2","VARIANT","3","/scenes/story/cinematic/storywide/frostfang-threshold.webp","/scenes/story/cinematic/storywide/frostfang-field-sunlit-drift-v1.webp","Integrated supported story-state variant: frostDrift. See production.json for reference lock and production brief."
"story-reckoning-field:story-reckoning-sova-true-roll:ff-sunlit-drift:route-1/page:0/The Road Comes With You","src/data/story-field-scenes.ts:351","The sunlit drift, searchers spreading from every mark made on the kitchen table","actor","Elder Sova","0,1,2","REMAP","1","/portraits/elder-sova.webp","/portraits/cinematic/storywide/elder-sova-canon.webp?v=891202c8e","Resolve this exact current story beat to retained, reviewed artwork."
"story-reckoning-field:story-reckoning-sova-true-roll:ff-sunlit-drift:replay-1/page:0/The Road Comes With You","src/data/story-field-scenes.ts:351","The sunlit drift, searchers spreading from every mark made on the kitchen table","background","","0,1,2","VARIANT","3","/scenes/story/cinematic/storywide/frostfang-threshold.webp","/scenes/story/cinematic/storywide/frostfang-field-sunlit-drift-v1.webp","Integrated supported story-state variant: frostDrift. See production.json for reference lock and production brief."
"story-reckoning-field:story-reckoning-sova-true-roll:ff-sunlit-drift:replay-1/page:0/The Road Comes With You","src/data/story-field-scenes.ts:351","The sunlit drift, searchers spreading from every mark made on the kitchen table","actor","Elder Sova","0,1,2","REMAP","1","/portraits/elder-sova.webp","/portraits/cinematic/storywide/elder-sova-canon.webp?v=891202c8e","Resolve this exact current story beat to retained, reviewed artwork."
"story-reckoning-field:story-reckoning-sova-true-roll:ff-sunlit-drift:replay-1/page:1/Your Recorded Choice","src/data/story-field-scenes.ts:1","The sunlit drift, searchers spreading from every mark made on the kitchen table","background","","0","VARIANT","3","/scenes/story/cinematic/storywide/frostfang-threshold.webp","/scenes/story/cinematic/storywide/frostfang-field-sunlit-drift-v1.webp","Integrated supported story-state variant: frostDrift. See production.json for reference lock and production brief."
"story-reckoning-field:story-reckoning-sova-true-roll:aftermath:route-1/page:0/The First-Light Table","src/data/story-field-scenes.ts:376","The lower-road kitchen, Sova updating the drift map while the broth pot works","background","","0,1,2","VARIANT","3","/scenes/story/cinematic/storywide/frostfang-threshold.webp","/scenes/story/cinematic/storywide/frostfang-lower-road-kitchen-v1.webp","Integrated supported story-state variant: frostKitchen. See production.json for reference lock and production brief."
"story-reckoning-field:story-reckoning-sova-true-roll:aftermath:route-1/page:0/The First-Light Table","src/data/story-field-scenes.ts:376","The lower-road kitchen, Sova updating the drift map while the broth pot works","actor","Elder Sova","0,1,2","REMAP","1","/portraits/elder-sova.webp","/portraits/cinematic/storywide/elder-sova-canon.webp?v=891202c8e","Resolve this exact current story beat to retained, reviewed artwork."
"story-reckoning-field:story-reckoning-sova-true-roll:aftermath:legacy/page:0/The Next Name","src/data/story-field-scenes.ts:388","The gate stones, the rebound true roll open beside the Count","background","","0,1","VARIANT","3","/scenes/story/cinematic/storywide/frostfang-threshold.webp","/scenes/story/cinematic/storywide/frostfang-roll-stone-v1.webp","Integrated supported story-state variant: frostIntake. See production.json for reference lock and production brief."
"story-reckoning-field:story-reckoning-sova-true-roll:aftermath:legacy/page:0/The Next Name","src/data/story-field-scenes.ts:388","The gate stones, the rebound true roll open beside the Count","actor","Elder Sova","0,1","REMAP","1","/portraits/elder-sova.webp","/portraits/cinematic/storywide/elder-sova-canon.webp?v=891202c8e","Resolve this exact current story beat to retained, reviewed artwork."
"story-reckoning-field:story-reckoning-nyx-ledger:ms-canal-gate:route-0/page:0/The Name That Stays Off","src/data/story-field-scenes.ts:405","The canal gate before courier bell, one shutter open the width of two fingers","background","","0,1,2","KEEP","5","/scenes/story/cinematic/storywide/moonshadow-threshold.webp","/scenes/story/cinematic/storywide/moonshadow-threshold.webp","Retain reviewed accurate artwork."
"story-reckoning-field:story-reckoning-nyx-ledger:ms-canal-gate:route-0/page:0/The Name That Stays Off","src/data/story-field-scenes.ts:405","The canal gate before courier bell, one shutter open the width of two fingers","actor","Nyx","0,1,2","REMAP","1","/portraits/nyx.webp","/portraits/cinematic/storywide/nyx-neutral.webp?v=891202c8e","Resolve this exact current story beat to retained, reviewed artwork."
"story-reckoning-field:story-reckoning-nyx-ledger:ms-canal-gate:replay-0/page:0/The Name That Stays Off","src/data/story-field-scenes.ts:405","The canal gate before courier bell, one shutter open the width of two fingers","background","","0,1,2","KEEP","5","/scenes/story/cinematic/storywide/moonshadow-threshold.webp","/scenes/story/cinematic/storywide/moonshadow-threshold.webp","Retain reviewed accurate artwork."
"story-reckoning-field:story-reckoning-nyx-ledger:ms-canal-gate:replay-0/page:0/The Name That Stays Off","src/data/story-field-scenes.ts:405","The canal gate before courier bell, one shutter open the width of two fingers","actor","Nyx","0,1,2","REMAP","1","/portraits/nyx.webp","/portraits/cinematic/storywide/nyx-neutral.webp?v=891202c8e","Resolve this exact current story beat to retained, reviewed artwork."
"story-reckoning-field:story-reckoning-nyx-ledger:ms-canal-gate:replay-0/page:1/Your Recorded Choice","src/data/story-field-scenes.ts:1","The canal gate before courier bell, one shutter open the width of two fingers","background","","0","KEEP","5","/scenes/story/cinematic/storywide/moonshadow-threshold.webp","/scenes/story/cinematic/storywide/moonshadow-threshold.webp","Retain reviewed accurate artwork."
"story-reckoning-field:story-reckoning-nyx-ledger:ms-dyers-footbridge:route-0/page:0/Look East, Walk West","src/data/story-field-scenes.ts:424","The dyers' footbridge, colored water passing under two opposite routes","background","","0,1,2","KEEP","5","/scenes/story/cinematic/storywide/moonshadow-threshold.webp","/scenes/story/cinematic/storywide/moonshadow-threshold.webp","Retain reviewed accurate artwork."
"story-reckoning-field:story-reckoning-nyx-ledger:ms-dyers-footbridge:route-0/page:0/Look East, Walk West","src/data/story-field-scenes.ts:424","The dyers' footbridge, colored water passing under two opposite routes","actor","Nyx","0,1,2","REMAP","1","/portraits/nyx.webp","/portraits/cinematic/storywide/nyx-neutral.webp?v=891202c8e","Resolve this exact current story beat to retained, reviewed artwork."
"story-reckoning-field:story-reckoning-nyx-ledger:ms-dyers-footbridge:replay-0/page:0/Look East, Walk West","src/data/story-field-scenes.ts:424","The dyers' footbridge, colored water passing under two opposite routes","background","","0,1,2","KEEP","5","/scenes/story/cinematic/storywide/moonshadow-threshold.webp","/scenes/story/cinematic/storywide/moonshadow-threshold.webp","Retain reviewed accurate artwork."
"story-reckoning-field:story-reckoning-nyx-ledger:ms-dyers-footbridge:replay-0/page:0/Look East, Walk West","src/data/story-field-scenes.ts:424","The dyers' footbridge, colored water passing under two opposite routes","actor","Nyx","0,1,2","REMAP","1","/portraits/nyx.webp","/portraits/cinematic/storywide/nyx-neutral.webp?v=891202c8e","Resolve this exact current story beat to retained, reviewed artwork."
"story-reckoning-field:story-reckoning-nyx-ledger:ms-dyers-footbridge:replay-0/page:1/Your Recorded Choice","src/data/story-field-scenes.ts:1","The dyers' footbridge, colored water passing under two opposite routes","background","","0","KEEP","5","/scenes/story/cinematic/storywide/moonshadow-threshold.webp","/scenes/story/cinematic/storywide/moonshadow-threshold.webp","Retain reviewed accurate artwork."
"story-reckoning-field:story-reckoning-nyx-ledger:ms-shuttered-boathouse:route-0/page:0/Witness, Name Withheld","src/data/story-field-scenes.ts:440","The shuttered boathouse, Nyx checking torn edges against her ledger binding","background","","0,1,2","REPLACE","3","/scenes/story/cinematic/storywide/moonshadow-threshold.webp","/scenes/story/cinematic/storywide/moonshadow-shuttered-boathouse-v1.webp","Integrated reviewed replacement: moonBoathouse. See production.json for reference lock and production brief."
"story-reckoning-field:story-reckoning-nyx-ledger:ms-shuttered-boathouse:route-0/page:0/Witness, Name Withheld","src/data/story-field-scenes.ts:440","The shuttered boathouse, Nyx checking torn edges against her ledger binding","actor","Nyx","0,1,2","REMAP","1","/portraits/nyx.webp","/portraits/cinematic/storywide/nyx-neutral.webp?v=891202c8e","Resolve this exact current story beat to retained, reviewed artwork."
"story-reckoning-field:story-reckoning-nyx-ledger:ms-shuttered-boathouse:replay-0/page:0/Witness, Name Withheld","src/data/story-field-scenes.ts:440","The shuttered boathouse, Nyx checking torn edges against her ledger binding","background","","0,1,2","REPLACE","3","/scenes/story/cinematic/storywide/moonshadow-threshold.webp","/scenes/story/cinematic/storywide/moonshadow-shuttered-boathouse-v1.webp","Integrated reviewed replacement: moonBoathouse. See production.json for reference lock and production brief."
"story-reckoning-field:story-reckoning-nyx-ledger:ms-shuttered-boathouse:replay-0/page:0/Witness, Name Withheld","src/data/story-field-scenes.ts:440","The shuttered boathouse, Nyx checking torn edges against her ledger binding","actor","Nyx","0,1,2","REMAP","1","/portraits/nyx.webp","/portraits/cinematic/storywide/nyx-neutral.webp?v=891202c8e","Resolve this exact current story beat to retained, reviewed artwork."
"story-reckoning-field:story-reckoning-nyx-ledger:ms-shuttered-boathouse:replay-0/page:1/Your Recorded Choice","src/data/story-field-scenes.ts:1","The shuttered boathouse, Nyx checking torn edges against her ledger binding","background","","0","REPLACE","3","/scenes/story/cinematic/storywide/moonshadow-threshold.webp","/scenes/story/cinematic/storywide/moonshadow-shuttered-boathouse-v1.webp","Integrated reviewed replacement: moonBoathouse. See production.json for reference lock and production brief."
"story-reckoning-field:story-reckoning-nyx-ledger:aftermath:route-0/page:0/The Back Stool Stays Empty","src/data/story-field-scenes.ts:486","Nyx's stall, the rear shutter open a finger-width and the front counter busy","background","","0,1,2","REPLACE","3","/scenes/story/cinematic/storywide/moonshadow-threshold.webp","/scenes/story/cinematic/storywide/moonshadow-registry-booth-v1.webp","Integrated reviewed replacement: moonBooth. See production.json for reference lock and production brief."
"story-reckoning-field:story-reckoning-nyx-ledger:aftermath:route-0/page:0/The Back Stool Stays Empty","src/data/story-field-scenes.ts:486","Nyx's stall, the rear shutter open a finger-width and the front counter busy","actor","Nyx","0,1,2","REMAP","1","/portraits/nyx.webp","/portraits/cinematic/storywide/nyx-neutral.webp?v=891202c8e","Resolve this exact current story beat to retained, reviewed artwork."
"story-reckoning-field:story-reckoning-nyx-ledger:ms-canal-gate:route-1/page:0/The Name That Stays Off","src/data/story-field-scenes.ts:405","The canal gate before courier bell, one shutter open the width of two fingers","background","","0,1,2","KEEP","5","/scenes/story/cinematic/storywide/moonshadow-threshold.webp","/scenes/story/cinematic/storywide/moonshadow-threshold.webp","Retain reviewed accurate artwork."
"story-reckoning-field:story-reckoning-nyx-ledger:ms-canal-gate:route-1/page:0/The Name That Stays Off","src/data/story-field-scenes.ts:405","The canal gate before courier bell, one shutter open the width of two fingers","actor","Nyx","0,1,2","REMAP","1","/portraits/nyx.webp","/portraits/cinematic/storywide/nyx-neutral.webp?v=891202c8e","Resolve this exact current story beat to retained, reviewed artwork."
"story-reckoning-field:story-reckoning-nyx-ledger:ms-canal-gate:replay-1/page:0/The Name That Stays Off","src/data/story-field-scenes.ts:405","The canal gate before courier bell, one shutter open the width of two fingers","background","","0,1,2","KEEP","5","/scenes/story/cinematic/storywide/moonshadow-threshold.webp","/scenes/story/cinematic/storywide/moonshadow-threshold.webp","Retain reviewed accurate artwork."
"story-reckoning-field:story-reckoning-nyx-ledger:ms-canal-gate:replay-1/page:0/The Name That Stays Off","src/data/story-field-scenes.ts:405","The canal gate before courier bell, one shutter open the width of two fingers","actor","Nyx","0,1,2","REMAP","1","/portraits/nyx.webp","/portraits/cinematic/storywide/nyx-neutral.webp?v=891202c8e","Resolve this exact current story beat to retained, reviewed artwork."
"story-reckoning-field:story-reckoning-nyx-ledger:ms-canal-gate:replay-1/page:1/Your Recorded Choice","src/data/story-field-scenes.ts:1","The canal gate before courier bell, one shutter open the width of two fingers","background","","0","KEEP","5","/scenes/story/cinematic/storywide/moonshadow-threshold.webp","/scenes/story/cinematic/storywide/moonshadow-threshold.webp","Retain reviewed accurate artwork."
"story-reckoning-field:story-reckoning-nyx-ledger:ms-night-ferry-landing:route-1/page:0/Hands in the Light","src/data/story-field-scenes.ts:456","The night ferry landing, torn pages arriving from sleeves, baskets, and one fish crate","background","","0,1,2","REMAP","3","/scenes/story/cinematic/storywide/moonshadow-threshold.webp","/scenes/story/story-interlude-moonshadow-village-80.webp","Resolve this exact current story beat to retained, reviewed artwork."
"story-reckoning-field:story-reckoning-nyx-ledger:ms-night-ferry-landing:route-1/page:0/Hands in the Light","src/data/story-field-scenes.ts:456","The night ferry landing, torn pages arriving from sleeves, baskets, and one fish crate","actor","Nyx","0,1,2","REMAP","1","/portraits/nyx.webp","/portraits/cinematic/storywide/nyx-neutral.webp?v=891202c8e","Resolve this exact current story beat to retained, reviewed artwork."
"story-reckoning-field:story-reckoning-nyx-ledger:ms-night-ferry-landing:replay-1/page:0/Hands in the Light","src/data/story-field-scenes.ts:456","The night ferry landing, torn pages arriving from sleeves, baskets, and one fish crate","background","","0,1,2","REMAP","3","/scenes/story/cinematic/storywide/moonshadow-threshold.webp","/scenes/story/story-interlude-moonshadow-village-80.webp","Resolve this exact current story beat to retained, reviewed artwork."
"story-reckoning-field:story-reckoning-nyx-ledger:ms-night-ferry-landing:replay-1/page:0/Hands in the Light","src/data/story-field-scenes.ts:456","The night ferry landing, torn pages arriving from sleeves, baskets, and one fish crate","actor","Nyx","0,1,2","REMAP","1","/portraits/nyx.webp","/portraits/cinematic/storywide/nyx-neutral.webp?v=891202c8e","Resolve this exact current story beat to retained, reviewed artwork."
"story-reckoning-field:story-reckoning-nyx-ledger:ms-night-ferry-landing:replay-1/page:1/Your Recorded Choice","src/data/story-field-scenes.ts:1","The night ferry landing, torn pages arriving from sleeves, baskets, and one fish crate","background","","0","REMAP","3","/scenes/story/cinematic/storywide/moonshadow-threshold.webp","/scenes/story/story-interlude-moonshadow-village-80.webp","Resolve this exact current story beat to retained, reviewed artwork."
"story-reckoning-field:story-reckoning-nyx-ledger:ms-old-toll-booth:route-1/page:0/No Single Story","src/data/story-field-scenes.ts:472","The old toll booth, Nyx matching page tears while holders give separate accounts","background","","0,1,2","REPLACE","3","/scenes/story/cinematic/storywide/moonshadow-threshold.webp","/scenes/story/cinematic/storywide/moonshadow-registry-booth-v1.webp","Integrated reviewed replacement: moonBooth. See production.json for reference lock and production brief."
"story-reckoning-field:story-reckoning-nyx-ledger:ms-old-toll-booth:route-1/page:0/No Single Story","src/data/story-field-scenes.ts:472","The old toll booth, Nyx matching page tears while holders give separate accounts","actor","Nyx","0,1,2","REMAP","1","/portraits/nyx.webp","/portraits/cinematic/storywide/nyx-neutral.webp?v=891202c8e","Resolve this exact current story beat to retained, reviewed artwork."
"story-reckoning-field:story-reckoning-nyx-ledger:ms-old-toll-booth:replay-1/page:0/No Single Story","src/data/story-field-scenes.ts:472","The old toll booth, Nyx matching page tears while holders give separate accounts","background","","0,1,2","REPLACE","3","/scenes/story/cinematic/storywide/moonshadow-threshold.webp","/scenes/story/cinematic/storywide/moonshadow-registry-booth-v1.webp","Integrated reviewed replacement: moonBooth. See production.json for reference lock and production brief."
"story-reckoning-field:story-reckoning-nyx-ledger:ms-old-toll-booth:replay-1/page:0/No Single Story","src/data/story-field-scenes.ts:472","The old toll booth, Nyx matching page tears while holders give separate accounts","actor","Nyx","0,1,2","REMAP","1","/portraits/nyx.webp","/portraits/cinematic/storywide/nyx-neutral.webp?v=891202c8e","Resolve this exact current story beat to retained, reviewed artwork."
"story-reckoning-field:story-reckoning-nyx-ledger:ms-old-toll-booth:replay-1/page:1/Your Recorded Choice","src/data/story-field-scenes.ts:1","The old toll booth, Nyx matching page tears while holders give separate accounts","background","","0","REPLACE","3","/scenes/story/cinematic/storywide/moonshadow-threshold.webp","/scenes/story/cinematic/storywide/moonshadow-registry-booth-v1.webp","Integrated reviewed replacement: moonBooth. See production.json for reference lock and production brief."
"story-reckoning-field:story-reckoning-nyx-ledger:aftermath:route-1/page:0/Paste Under the Nails","src/data/story-field-scenes.ts:497","The canal gate, Nyx scraping down an old public notice while a fresh return list dries","background","","0,1,2","KEEP","5","/scenes/story/cinematic/storywide/moonshadow-threshold.webp","/scenes/story/cinematic/storywide/moonshadow-threshold.webp","Retain reviewed accurate artwork."
"story-reckoning-field:story-reckoning-nyx-ledger:aftermath:route-1/page:0/Paste Under the Nails","src/data/story-field-scenes.ts:497","The canal gate, Nyx scraping down an old public notice while a fresh return list dries","actor","Nyx","0,1,2","REMAP","1","/portraits/nyx.webp","/portraits/cinematic/storywide/nyx-neutral.webp?v=891202c8e","Resolve this exact current story beat to retained, reviewed artwork."
"story-reckoning-field:story-reckoning-nyx-ledger:aftermath:legacy/page:0/The Open Chain","src/data/story-field-scenes.ts:509","The canal gate, Nyx oiling the chain that keeps the buyers' ledger open","background","","0,1","KEEP","5","/scenes/story/cinematic/storywide/moonshadow-threshold.webp","/scenes/story/cinematic/storywide/moonshadow-threshold.webp","Retain reviewed accurate artwork."
"story-reckoning-field:story-reckoning-nyx-ledger:aftermath:legacy/page:0/The Open Chain","src/data/story-field-scenes.ts:509","The canal gate, Nyx oiling the chain that keeps the buyers' ledger open","actor","Nyx","0,1","REMAP","1","/portraits/nyx.webp","/portraits/cinematic/storywide/nyx-neutral.webp?v=891202c8e","Resolve this exact current story beat to retained, reviewed artwork."
"echoes-1-tovin-pre/page:0/The Lowest Floor","src/data/echoes-of-war-scenes.ts:25","A dust-grey landing inside the tower, one man standing beside a hanging rope","background","","0,1,2","KEEP","5","/scenes/story/echoes-tovin.webp","/scenes/story/echoes-tovin.webp","Retain reviewed accurate artwork."
"echoes-1-tovin-pre/page:0/The Lowest Floor","src/data/echoes-of-war-scenes.ts:25","A dust-grey landing inside the tower, one man standing beside a hanging rope","actor","Tovin","0,1,2","REPLACE","1","/portraits/tovin.webp","/portraits/cinematic/echoes/tovin-cutout-v1.webp?v=891202c8e","Integrated reviewed replacement: echoTovinCutout. See production.json for reference lock and production brief."
"echoes-1-tovin-pre/page:1/The Rope","src/data/echoes-of-war-scenes.ts:29","Tovin holds up a length of old rope. The top is cut clean.","background","","0,1,2","KEEP","5","/scenes/story/echoes-tovin.webp","/scenes/story/echoes-tovin.webp","Retain reviewed accurate artwork."
"echoes-1-tovin-pre/page:1/The Rope","src/data/echoes-of-war-scenes.ts:29","Tovin holds up a length of old rope. The top is cut clean.","actor","Tovin","0,1,2","REPLACE","1","/portraits/tovin.webp","/portraits/cinematic/echoes/tovin-cutout-v1.webp?v=891202c8e","Integrated reviewed replacement: echoTovinCutout. See production.json for reference lock and production brief."
"echoes-1-tovin-pre/page:2/What They Promised","src/data/echoes-of-war-scenes.ts:33","The landing, the rope coiled over his shoulder like a duty","background","","0,1,2","KEEP","5","/scenes/story/echoes-tovin.webp","/scenes/story/echoes-tovin.webp","Retain reviewed accurate artwork."
"echoes-1-tovin-pre/page:2/What They Promised","src/data/echoes-of-war-scenes.ts:33","The landing, the rope coiled over his shoulder like a duty","actor","Tovin","0,1,2","REPLACE","1","/portraits/tovin.webp","/portraits/cinematic/echoes/tovin-cutout-v1.webp?v=891202c8e","Integrated reviewed replacement: echoTovinCutout. See production.json for reference lock and production brief."
"echoes-1-tovin-pre/page:3/You Showed Up","src/data/echoes-of-war-scenes.ts:37","The landing, a stone table with two worn seats","background","","0,1,2","REPLACE","3","/scenes/story/echoes-tovin.webp","/scenes/story/cinematic/echoes/lower-landing-table-v1.webp","Integrated reviewed replacement: echoStoneTable. See production.json for reference lock and production brief."
"echoes-1-tovin-pre/page:3/You Showed Up","src/data/echoes-of-war-scenes.ts:37","The landing, a stone table with two worn seats","actor","Tovin","0,1,2","REPLACE","1","/portraits/tovin.webp","/portraits/cinematic/echoes/tovin-cutout-v1.webp?v=891202c8e","Integrated reviewed replacement: echoTovinCutout. See production.json for reference lock and production brief."
"echoes-1-tovin-defeat/page:0/The Watch Continues","src/data/echoes-of-war-scenes.ts:43","The landing, Tovin gathering the cards without hurry","background","","0,1,2","REPLACE","3","/scenes/story/echoes-tovin.webp","/scenes/story/cinematic/echoes/lower-landing-table-v1.webp","Integrated reviewed replacement: echoStoneTable. See production.json for reference lock and production brief."
"echoes-1-tovin-defeat/page:0/The Watch Continues","src/data/echoes-of-war-scenes.ts:43","The landing, Tovin gathering the cards without hurry","actor","Tovin","0,1,2","REPLACE","1","/portraits/tovin.webp","/portraits/cinematic/echoes/tovin-cutout-v1.webp?v=891202c8e","Integrated reviewed replacement: echoTovinCutout. See production.json for reference lock and production brief."
"echoes-1-tovin-victory/page:0/There","src/data/echoes-of-war-scenes.ts:49","The landing, the last card face up between them","background","","0,1,2","REPLACE","3","/scenes/story/echoes-tovin.webp","/scenes/story/cinematic/echoes/lower-landing-table-v1.webp","Integrated reviewed replacement: echoStoneTable. See production.json for reference lock and production brief."
"echoes-1-tovin-victory/page:0/There","src/data/echoes-of-war-scenes.ts:49","The landing, the last card face up between them","actor","Tovin","0,1,2","REPLACE","1","/portraits/tovin.webp","/portraits/cinematic/echoes/tovin-cutout-v1.webp?v=891202c8e","Integrated reviewed replacement: echoTovinCutout. See production.json for reference lock and production brief."
"echoes-1-tovin-victory/page:1/The Record","src/data/echoes-of-war-scenes.ts:53","Tovin sets the cut rope down on the stone table","background","","0,1","REPLACE","3","/scenes/story/echoes-tovin.webp","/scenes/story/cinematic/echoes/lower-landing-rope-table-v1.webp","Integrated reviewed replacement: echoRopeTable. See production.json for reference lock and production brief."
"echoes-1-tovin-victory/page:1/The Record","src/data/echoes-of-war-scenes.ts:53","Tovin sets the cut rope down on the stone table","actor","Narrator","0,1","REMAP","1","/portraits/tovin.webp","","Suppress the unrelated narrator/absent-actor portrait; preserve explicit creator art."
"echoes-1-tovin-victory/page:2/Finished","src/data/echoes-of-war-scenes.ts:56","The landing, lighter somehow, the dust settling","background","","0,1,2","REPLACE","3","/scenes/story/echoes-tovin.webp","/scenes/story/cinematic/echoes/lower-landing-rope-table-v1.webp","Integrated reviewed replacement: echoRopeTable. See production.json for reference lock and production brief."
"echoes-1-tovin-victory/page:2/Finished","src/data/echoes-of-war-scenes.ts:56","The landing, lighter somehow, the dust settling","actor","Tovin","0,1,2","VARIANT","1","/portraits/tovin.webp","/portraits/cinematic/echoes/tovin-empty-hand-v1.webp?v=891202c8e","Integrated supported story-state variant: echoTovinEmpty. See production.json for reference lock and production brief."
"echoes-1-tovin-rematch/page:0/Replay the Memory","src/data/echoes-of-war-scenes.ts:62","The landing, the table already dealt","background","","0,1","REPLACE","3","/scenes/story/echoes-tovin.webp","/scenes/story/cinematic/echoes/lower-landing-table-v1.webp","Integrated reviewed replacement: echoStoneTable. See production.json for reference lock and production brief."
"echoes-1-tovin-rematch/page:0/Replay the Memory","src/data/echoes-of-war-scenes.ts:62","The landing, the table already dealt","actor","Tovin","0,1","REPLACE","1","/portraits/tovin.webp","/portraits/cinematic/echoes/tovin-cutout-v1.webp?v=891202c8e","Integrated reviewed replacement: echoTovinCutout. See production.json for reference lock and production brief."
"echoes-2-vetta-pre/page:0/The Grain Floor","src/data/echoes-of-war-scenes.ts:69","A landing stacked with grain sacks gone grey with dust, a woman weighing nothing on a balance scale","background","","0,1,2","KEEP","5","/scenes/story/echoes-vetta.webp","/scenes/story/echoes-vetta.webp","Retain reviewed accurate artwork."
"echoes-2-vetta-pre/page:0/The Grain Floor","src/data/echoes-of-war-scenes.ts:69","A landing stacked with grain sacks gone grey with dust, a woman weighing nothing on a balance scale","actor","Vetta","0,1,2","REPLACE","1","/portraits/vetta.webp","/portraits/cinematic/echoes/vetta-cutout-v1.webp?v=891202c8e","Integrated reviewed replacement: echoVettaCutout. See production.json for reference lock and production brief."
"echoes-2-vetta-pre/page:1/The Accusation","src/data/echoes-of-war-scenes.ts:73","The landing, flour dust hanging in the lamplight","background","","0,1,2","KEEP","5","/scenes/story/echoes-vetta.webp","/scenes/story/echoes-vetta.webp","Retain reviewed accurate artwork."
"echoes-2-vetta-pre/page:1/The Accusation","src/data/echoes-of-war-scenes.ts:73","The landing, flour dust hanging in the lamplight","actor","Vetta","0,1,2","REPLACE","1","/portraits/vetta.webp","/portraits/cinematic/echoes/vetta-cutout-v1.webp?v=891202c8e","Integrated reviewed replacement: echoVettaCutout. See production.json for reference lock and production brief."
"echoes-2-vetta-pre/page:2/Never Answered","src/data/echoes-of-war-scenes.ts:77","The landing, the balance scale swaying slightly","background","","0,1,2","KEEP","5","/scenes/story/echoes-vetta.webp","/scenes/story/echoes-vetta.webp","Retain reviewed accurate artwork."
"echoes-2-vetta-pre/page:2/Never Answered","src/data/echoes-of-war-scenes.ts:77","The landing, the balance scale swaying slightly","actor","Vetta","0,1,2","REPLACE","1","/portraits/vetta.webp","/portraits/cinematic/echoes/vetta-cutout-v1.webp?v=891202c8e","Integrated reviewed replacement: echoVettaCutout. See production.json for reference lock and production brief."
"echoes-2-vetta-pre/page:3/Terms","src/data/echoes-of-war-scenes.ts:81","The landing, Vetta shuffling with a trader's quick hands","background","","0,1,2","KEEP","5","/scenes/story/echoes-vetta.webp","/scenes/story/echoes-vetta.webp","Retain reviewed accurate artwork."
"echoes-2-vetta-pre/page:3/Terms","src/data/echoes-of-war-scenes.ts:81","The landing, Vetta shuffling with a trader's quick hands","actor","Vetta","0,1,2","REPLACE","1","/portraits/vetta.webp","/portraits/cinematic/echoes/vetta-cutout-v1.webp?v=891202c8e","Integrated reviewed replacement: echoVettaCutout. See production.json for reference lock and production brief."
"echoes-2-vetta-defeat/page:0/The Renegotiation","src/data/echoes-of-war-scenes.ts:87","The landing, Vetta already restacking the deck","background","","0,1","KEEP","5","/scenes/story/echoes-vetta.webp","/scenes/story/echoes-vetta.webp","Retain reviewed accurate artwork."
"echoes-2-vetta-defeat/page:0/The Renegotiation","src/data/echoes-of-war-scenes.ts:87","The landing, Vetta already restacking the deck","actor","Vetta","0,1","REPLACE","1","/portraits/vetta.webp","/portraits/cinematic/echoes/vetta-cutout-v1.webp?v=891202c8e","Integrated reviewed replacement: echoVettaCutout. See production.json for reference lock and production brief."
"echoes-2-vetta-victory/page:0/Paid in Full","src/data/echoes-of-war-scenes.ts:92","The landing, the scale finally still","background","","0,1","KEEP","5","/scenes/story/echoes-vetta.webp","/scenes/story/echoes-vetta.webp","Retain reviewed accurate artwork."
"echoes-2-vetta-victory/page:0/Paid in Full","src/data/echoes-of-war-scenes.ts:92","The landing, the scale finally still","actor","Vetta","0,1","REPLACE","1","/portraits/vetta.webp","/portraits/cinematic/echoes/vetta-cutout-v1.webp?v=891202c8e","Integrated reviewed replacement: echoVettaCutout. See production.json for reference lock and production brief."
"echoes-2-vetta-victory/page:1/The Truth","src/data/echoes-of-war-scenes.ts:95","The landing, Vetta looking at her own hands","background","","0,1,2","KEEP","5","/scenes/story/echoes-vetta.webp","/scenes/story/echoes-vetta.webp","Retain reviewed accurate artwork."
"echoes-2-vetta-victory/page:1/The Truth","src/data/echoes-of-war-scenes.ts:95","The landing, Vetta looking at her own hands","actor","Vetta","0,1,2","REPLACE","1","/portraits/vetta.webp","/portraits/cinematic/echoes/vetta-cutout-v1.webp?v=891202c8e","Integrated reviewed replacement: echoVettaCutout. See production.json for reference lock and production brief."
"echoes-2-vetta-victory/page:2/The Name","src/data/echoes-of-war-scenes.ts:99","The landing, dust drifting off the sacks like smoke","background","","0,1,2","KEEP","5","/scenes/story/echoes-vetta.webp","/scenes/story/echoes-vetta.webp","Retain reviewed accurate artwork."
"echoes-2-vetta-victory/page:2/The Name","src/data/echoes-of-war-scenes.ts:99","The landing, dust drifting off the sacks like smoke","actor","Vetta","0,1,2","REPLACE","1","/portraits/vetta.webp","/portraits/cinematic/echoes/vetta-cutout-v1.webp?v=891202c8e","Integrated reviewed replacement: echoVettaCutout. See production.json for reference lock and production brief."
"echoes-2-vetta-rematch/page:0/Replay the Memory","src/data/echoes-of-war-scenes.ts:62","The landing, the deck squared and waiting","background","","0,1","KEEP","5","/scenes/story/echoes-vetta.webp","/scenes/story/echoes-vetta.webp","Retain reviewed accurate artwork."
"echoes-2-vetta-rematch/page:0/Replay the Memory","src/data/echoes-of-war-scenes.ts:62","The landing, the deck squared and waiting","actor","Vetta","0,1","REPLACE","1","/portraits/vetta.webp","/portraits/cinematic/echoes/vetta-cutout-v1.webp?v=891202c8e","Integrated reviewed replacement: echoVettaCutout. See production.json for reference lock and production brief."
"echoes-3-aya-pre/page:0/The Third Landing","src/data/echoes-of-war-scenes.ts:112","A landing with a courier's satchel on a hook, straps worn to thread, a young woman pacing","background","","0,1,2","FIT/CACHE FIX","4","/scenes/story/echoes-aya.webp","/scenes/story/echoes-aya.webp","Retain source; use its reviewed focal point, non-mirrored orientation, or scoped cutout shadow. Existing revision contract remains intact."
"echoes-3-aya-pre/page:0/The Third Landing","src/data/echoes-of-war-scenes.ts:112","A landing with a courier's satchel on a hook, straps worn to thread, a young woman pacing","actor","Aya","0,1,2","REPLACE","1","/portraits/aya.webp","/portraits/cinematic/echoes/aya-cutout-v1.webp?v=891202c8e","Integrated reviewed replacement: echoAyaCutout. See production.json for reference lock and production brief."
"echoes-3-aya-pre/page:1/The Route","src/data/echoes-of-war-scenes.ts:116","The landing, her hand resting on the satchel without looking at it","background","","0,1,2","FIT/CACHE FIX","4","/scenes/story/echoes-aya.webp","/scenes/story/echoes-aya.webp","Retain source; use its reviewed focal point, non-mirrored orientation, or scoped cutout shadow. Existing revision contract remains intact."
"echoes-3-aya-pre/page:1/The Route","src/data/echoes-of-war-scenes.ts:116","The landing, her hand resting on the satchel without looking at it","actor","Aya","0,1,2","REPLACE","1","/portraits/aya.webp","/portraits/cinematic/echoes/aya-cutout-v1.webp?v=891202c8e","Integrated reviewed replacement: echoAyaCutout. See production.json for reference lock and production brief."
"echoes-3-aya-pre/page:2/The Cost","src/data/echoes-of-war-scenes.ts:120","The landing, the pacing stopped","background","","0,1,2","FIT/CACHE FIX","4","/scenes/story/echoes-aya.webp","/scenes/story/echoes-aya.webp","Retain source; use its reviewed focal point, non-mirrored orientation, or scoped cutout shadow. Existing revision contract remains intact."
"echoes-3-aya-pre/page:2/The Cost","src/data/echoes-of-war-scenes.ts:120","The landing, the pacing stopped","actor","Aya","0,1,2","REPLACE","1","/portraits/aya.webp","/portraits/cinematic/echoes/aya-cutout-v1.webp?v=891202c8e","Integrated reviewed replacement: echoAyaCutout. See production.json for reference lock and production brief."
"echoes-3-aya-pre/page:3/The Match","src/data/echoes-of-war-scenes.ts:124","The landing, Aya already cutting her deck one-handed","background","","0,1,2","FIT/CACHE FIX","4","/scenes/story/echoes-aya.webp","/scenes/story/echoes-aya.webp","Retain source; use its reviewed focal point, non-mirrored orientation, or scoped cutout shadow. Existing revision contract remains intact."
"echoes-3-aya-pre/page:3/The Match","src/data/echoes-of-war-scenes.ts:124","The landing, Aya already cutting her deck one-handed","actor","Aya","0,1,2","REPLACE","1","/portraits/aya.webp","/portraits/cinematic/echoes/aya-cutout-v1.webp?v=891202c8e","Integrated reviewed replacement: echoAyaCutout. See production.json for reference lock and production brief."
"echoes-3-aya-defeat/page:0/Too Slow","src/data/echoes-of-war-scenes.ts:130","The landing, Aya not even winded","background","","0,1,2","FIT/CACHE FIX","4","/scenes/story/echoes-aya.webp","/scenes/story/echoes-aya.webp","Retain source; use its reviewed focal point, non-mirrored orientation, or scoped cutout shadow. Existing revision contract remains intact."
"echoes-3-aya-defeat/page:0/Too Slow","src/data/echoes-of-war-scenes.ts:130","The landing, Aya not even winded","actor","Aya","0,1,2","REPLACE","1","/portraits/aya.webp","/portraits/cinematic/echoes/aya-cutout-v1.webp?v=891202c8e","Integrated reviewed replacement: echoAyaCutout. See production.json for reference lock and production brief."
"echoes-3-aya-victory/page:0/Delivered","src/data/echoes-of-war-scenes.ts:136","The landing, the satchel finally hanging still","background","","0,1","FIT/CACHE FIX","4","/scenes/story/echoes-aya.webp","/scenes/story/echoes-aya.webp","Retain source; use its reviewed focal point, non-mirrored orientation, or scoped cutout shadow. Existing revision contract remains intact."
"echoes-3-aya-victory/page:0/Delivered","src/data/echoes-of-war-scenes.ts:136","The landing, the satchel finally hanging still","actor","Aya","0,1","REPLACE","1","/portraits/aya.webp","/portraits/cinematic/echoes/aya-cutout-v1.webp?v=891202c8e","Integrated reviewed replacement: echoAyaCutout. See production.json for reference lock and production brief."
"echoes-3-aya-victory/page:1/The Answer","src/data/echoes-of-war-scenes.ts:139","The landing, Aya looking at her palms","background","","0,1,2","FIT/CACHE FIX","4","/scenes/story/echoes-aya.webp","/scenes/story/echoes-aya.webp","Retain source; use its reviewed focal point, non-mirrored orientation, or scoped cutout shadow. Existing revision contract remains intact."
"echoes-3-aya-victory/page:1/The Answer","src/data/echoes-of-war-scenes.ts:139","The landing, Aya looking at her palms","actor","Aya","0,1,2","REPLACE","1","/portraits/aya.webp","/portraits/cinematic/echoes/aya-cutout-v1.webp?v=891202c8e","Integrated reviewed replacement: echoAyaCutout. See production.json for reference lock and production brief."
"echoes-3-aya-victory/page:2/Go On Up","src/data/echoes-of-war-scenes.ts:143","The landing, the stairs waiting","background","","0,1,2","FIT/CACHE FIX","4","/scenes/story/echoes-aya.webp","/scenes/story/echoes-aya.webp","Retain source; use its reviewed focal point, non-mirrored orientation, or scoped cutout shadow. Existing revision contract remains intact."
"echoes-3-aya-victory/page:2/Go On Up","src/data/echoes-of-war-scenes.ts:143","The landing, the stairs waiting","actor","Aya","0,1,2","REPLACE","1","/portraits/aya.webp","/portraits/cinematic/echoes/aya-cutout-v1.webp?v=891202c8e","Integrated reviewed replacement: echoAyaCutout. See production.json for reference lock and production brief."
"echoes-3-aya-rematch/page:0/Replay the Memory","src/data/echoes-of-war-scenes.ts:62","The landing, the satchel packed again","background","","0,1","FIT/CACHE FIX","4","/scenes/story/echoes-aya.webp","/scenes/story/echoes-aya.webp","Retain source; use its reviewed focal point, non-mirrored orientation, or scoped cutout shadow. Existing revision contract remains intact."
"echoes-3-aya-rematch/page:0/Replay the Memory","src/data/echoes-of-war-scenes.ts:62","The landing, the satchel packed again","actor","Aya","0,1","REPLACE","1","/portraits/aya.webp","/portraits/cinematic/echoes/aya-cutout-v1.webp?v=891202c8e","Integrated reviewed replacement: echoAyaCutout. See production.json for reference lock and production brief."
"echoes-3-aya-victory:denied-attack/page:0/Delivered","src/data/echoes-of-war-scenes.ts:136","The landing, the satchel finally hanging still","background","","0,1","FIT/CACHE FIX","4","/scenes/story/echoes-aya.webp","/scenes/story/echoes-aya.webp","Retain source; use its reviewed focal point, non-mirrored orientation, or scoped cutout shadow. Existing revision contract remains intact."
"echoes-3-aya-victory:denied-attack/page:0/Delivered","src/data/echoes-of-war-scenes.ts:136","The landing, the satchel finally hanging still","actor","Aya","0,1","REPLACE","1","/portraits/aya.webp","/portraits/cinematic/echoes/aya-cutout-v1.webp?v=891202c8e","Integrated reviewed replacement: echoAyaCutout. See production.json for reference lock and production brief."
"echoes-3-aya-victory:denied-attack/page:1/What the Table Kept","src/data/echoes-of-war-scenes.ts:563","Aya gathers the cards, one stopped attack still bright in the Chronicle","background","","0","FIT/CACHE FIX","4","/scenes/story/echoes-aya.webp","/scenes/story/echoes-aya.webp","Retain source; use its reviewed focal point, non-mirrored orientation, or scoped cutout shadow. Existing revision contract remains intact."
"echoes-3-aya-victory:denied-attack/page:1/What the Table Kept","src/data/echoes-of-war-scenes.ts:563","Aya gathers the cards, one stopped attack still bright in the Chronicle","actor","Aya","0","REPLACE","1","/portraits/aya.webp","/portraits/cinematic/echoes/aya-cutout-v1.webp?v=891202c8e","Integrated reviewed replacement: echoAyaCutout. See production.json for reference lock and production brief."
"echoes-3-aya-victory:denied-attack/page:2/The Answer","src/data/echoes-of-war-scenes.ts:139","The landing, Aya looking at her palms","background","","0,1,2","FIT/CACHE FIX","4","/scenes/story/echoes-aya.webp","/scenes/story/echoes-aya.webp","Retain source; use its reviewed focal point, non-mirrored orientation, or scoped cutout shadow. Existing revision contract remains intact."
"echoes-3-aya-victory:denied-attack/page:2/The Answer","src/data/echoes-of-war-scenes.ts:139","The landing, Aya looking at her palms","actor","Aya","0,1,2","REPLACE","1","/portraits/aya.webp","/portraits/cinematic/echoes/aya-cutout-v1.webp?v=891202c8e","Integrated reviewed replacement: echoAyaCutout. See production.json for reference lock and production brief."
"echoes-3-aya-victory:denied-attack/page:3/Go On Up","src/data/echoes-of-war-scenes.ts:143","The landing, the stairs waiting","background","","0,1,2","FIT/CACHE FIX","4","/scenes/story/echoes-aya.webp","/scenes/story/echoes-aya.webp","Retain source; use its reviewed focal point, non-mirrored orientation, or scoped cutout shadow. Existing revision contract remains intact."
"echoes-3-aya-victory:denied-attack/page:3/Go On Up","src/data/echoes-of-war-scenes.ts:143","The landing, the stairs waiting","actor","Aya","0,1,2","REPLACE","1","/portraits/aya.webp","/portraits/cinematic/echoes/aya-cutout-v1.webp?v=891202c8e","Integrated reviewed replacement: echoAyaCutout. See production.json for reference lock and production brief."
"echoes-3-aya-victory:recovered-ground/page:0/Delivered","src/data/echoes-of-war-scenes.ts:136","The landing, the satchel finally hanging still","background","","0,1","FIT/CACHE FIX","4","/scenes/story/echoes-aya.webp","/scenes/story/echoes-aya.webp","Retain source; use its reviewed focal point, non-mirrored orientation, or scoped cutout shadow. Existing revision contract remains intact."
"echoes-3-aya-victory:recovered-ground/page:0/Delivered","src/data/echoes-of-war-scenes.ts:136","The landing, the satchel finally hanging still","actor","Aya","0,1","REPLACE","1","/portraits/aya.webp","/portraits/cinematic/echoes/aya-cutout-v1.webp?v=891202c8e","Integrated reviewed replacement: echoAyaCutout. See production.json for reference lock and production brief."
"echoes-3-aya-victory:recovered-ground/page:1/What the Table Kept","src/data/echoes-of-war-scenes.ts:563","Aya gathers the cards as the Chronicle holds the moment the line steadied","background","","0","FIT/CACHE FIX","4","/scenes/story/echoes-aya.webp","/scenes/story/echoes-aya.webp","Retain source; use its reviewed focal point, non-mirrored orientation, or scoped cutout shadow. Existing revision contract remains intact."
"echoes-3-aya-victory:recovered-ground/page:1/What the Table Kept","src/data/echoes-of-war-scenes.ts:563","Aya gathers the cards as the Chronicle holds the moment the line steadied","actor","Aya","0","REPLACE","1","/portraits/aya.webp","/portraits/cinematic/echoes/aya-cutout-v1.webp?v=891202c8e","Integrated reviewed replacement: echoAyaCutout. See production.json for reference lock and production brief."
"echoes-3-aya-victory:recovered-ground/page:2/The Answer","src/data/echoes-of-war-scenes.ts:139","The landing, Aya looking at her palms","background","","0,1,2","FIT/CACHE FIX","4","/scenes/story/echoes-aya.webp","/scenes/story/echoes-aya.webp","Retain source; use its reviewed focal point, non-mirrored orientation, or scoped cutout shadow. Existing revision contract remains intact."
"echoes-3-aya-victory:recovered-ground/page:2/The Answer","src/data/echoes-of-war-scenes.ts:139","The landing, Aya looking at her palms","actor","Aya","0,1,2","REPLACE","1","/portraits/aya.webp","/portraits/cinematic/echoes/aya-cutout-v1.webp?v=891202c8e","Integrated reviewed replacement: echoAyaCutout. See production.json for reference lock and production brief."
"echoes-3-aya-victory:recovered-ground/page:3/Go On Up","src/data/echoes-of-war-scenes.ts:143","The landing, the stairs waiting","background","","0,1,2","FIT/CACHE FIX","4","/scenes/story/echoes-aya.webp","/scenes/story/echoes-aya.webp","Retain source; use its reviewed focal point, non-mirrored orientation, or scoped cutout shadow. Existing revision contract remains intact."
"echoes-3-aya-victory:recovered-ground/page:3/Go On Up","src/data/echoes-of-war-scenes.ts:143","The landing, the stairs waiting","actor","Aya","0,1,2","REPLACE","1","/portraits/aya.webp","/portraits/cinematic/echoes/aya-cutout-v1.webp?v=891202c8e","Integrated reviewed replacement: echoAyaCutout. See production.json for reference lock and production brief."
"echoes-3-aya-victory:rebuilt-line/page:0/Delivered","src/data/echoes-of-war-scenes.ts:136","The landing, the satchel finally hanging still","background","","0,1","FIT/CACHE FIX","4","/scenes/story/echoes-aya.webp","/scenes/story/echoes-aya.webp","Retain source; use its reviewed focal point, non-mirrored orientation, or scoped cutout shadow. Existing revision contract remains intact."
"echoes-3-aya-victory:rebuilt-line/page:0/Delivered","src/data/echoes-of-war-scenes.ts:136","The landing, the satchel finally hanging still","actor","Aya","0,1","REPLACE","1","/portraits/aya.webp","/portraits/cinematic/echoes/aya-cutout-v1.webp?v=891202c8e","Integrated reviewed replacement: echoAyaCutout. See production.json for reference lock and production brief."
"echoes-3-aya-victory:rebuilt-line/page:1/What the Table Kept","src/data/echoes-of-war-scenes.ts:563","Aya gathers the cards as a fallen place on the table fills again","background","","0","FIT/CACHE FIX","4","/scenes/story/echoes-aya.webp","/scenes/story/echoes-aya.webp","Retain source; use its reviewed focal point, non-mirrored orientation, or scoped cutout shadow. Existing revision contract remains intact."
"echoes-3-aya-victory:rebuilt-line/page:1/What the Table Kept","src/data/echoes-of-war-scenes.ts:563","Aya gathers the cards as a fallen place on the table fills again","actor","Aya","0","REPLACE","1","/portraits/aya.webp","/portraits/cinematic/echoes/aya-cutout-v1.webp?v=891202c8e","Integrated reviewed replacement: echoAyaCutout. See production.json for reference lock and production brief."
"echoes-3-aya-victory:rebuilt-line/page:2/The Answer","src/data/echoes-of-war-scenes.ts:139","The landing, Aya looking at her palms","background","","0,1,2","FIT/CACHE FIX","4","/scenes/story/echoes-aya.webp","/scenes/story/echoes-aya.webp","Retain source; use its reviewed focal point, non-mirrored orientation, or scoped cutout shadow. Existing revision contract remains intact."
"echoes-3-aya-victory:rebuilt-line/page:2/The Answer","src/data/echoes-of-war-scenes.ts:139","The landing, Aya looking at her palms","actor","Aya","0,1,2","REPLACE","1","/portraits/aya.webp","/portraits/cinematic/echoes/aya-cutout-v1.webp?v=891202c8e","Integrated reviewed replacement: echoAyaCutout. See production.json for reference lock and production brief."
"echoes-3-aya-victory:rebuilt-line/page:3/Go On Up","src/data/echoes-of-war-scenes.ts:143","The landing, the stairs waiting","background","","0,1,2","FIT/CACHE FIX","4","/scenes/story/echoes-aya.webp","/scenes/story/echoes-aya.webp","Retain source; use its reviewed focal point, non-mirrored orientation, or scoped cutout shadow. Existing revision contract remains intact."
"echoes-3-aya-victory:rebuilt-line/page:3/Go On Up","src/data/echoes-of-war-scenes.ts:143","The landing, the stairs waiting","actor","Aya","0,1,2","REPLACE","1","/portraits/aya.webp","/portraits/cinematic/echoes/aya-cutout-v1.webp?v=891202c8e","Integrated reviewed replacement: echoAyaCutout. See production.json for reference lock and production brief."
"echoes-3-aya-victory:unrecorded/page:0/Delivered","src/data/echoes-of-war-scenes.ts:136","The landing, the satchel finally hanging still","background","","0,1","FIT/CACHE FIX","4","/scenes/story/echoes-aya.webp","/scenes/story/echoes-aya.webp","Retain source; use its reviewed focal point, non-mirrored orientation, or scoped cutout shadow. Existing revision contract remains intact."
"echoes-3-aya-victory:unrecorded/page:0/Delivered","src/data/echoes-of-war-scenes.ts:136","The landing, the satchel finally hanging still","actor","Aya","0,1","REPLACE","1","/portraits/aya.webp","/portraits/cinematic/echoes/aya-cutout-v1.webp?v=891202c8e","Integrated reviewed replacement: echoAyaCutout. See production.json for reference lock and production brief."
"echoes-3-aya-victory:unrecorded/page:1/What the Table Kept","src/data/echoes-of-war-scenes.ts:563","Aya gathers the cards while the Chronicle settles","background","","0","FIT/CACHE FIX","4","/scenes/story/echoes-aya.webp","/scenes/story/echoes-aya.webp","Retain source; use its reviewed focal point, non-mirrored orientation, or scoped cutout shadow. Existing revision contract remains intact."
"echoes-3-aya-victory:unrecorded/page:1/What the Table Kept","src/data/echoes-of-war-scenes.ts:563","Aya gathers the cards while the Chronicle settles","actor","Aya","0","REPLACE","1","/portraits/aya.webp","/portraits/cinematic/echoes/aya-cutout-v1.webp?v=891202c8e","Integrated reviewed replacement: echoAyaCutout. See production.json for reference lock and production brief."
"echoes-3-aya-victory:unrecorded/page:2/The Answer","src/data/echoes-of-war-scenes.ts:139","The landing, Aya looking at her palms","background","","0,1,2","FIT/CACHE FIX","4","/scenes/story/echoes-aya.webp","/scenes/story/echoes-aya.webp","Retain source; use its reviewed focal point, non-mirrored orientation, or scoped cutout shadow. Existing revision contract remains intact."
"echoes-3-aya-victory:unrecorded/page:2/The Answer","src/data/echoes-of-war-scenes.ts:139","The landing, Aya looking at her palms","actor","Aya","0,1,2","REPLACE","1","/portraits/aya.webp","/portraits/cinematic/echoes/aya-cutout-v1.webp?v=891202c8e","Integrated reviewed replacement: echoAyaCutout. See production.json for reference lock and production brief."
"echoes-3-aya-victory:unrecorded/page:3/Go On Up","src/data/echoes-of-war-scenes.ts:143","The landing, the stairs waiting","background","","0,1,2","FIT/CACHE FIX","4","/scenes/story/echoes-aya.webp","/scenes/story/echoes-aya.webp","Retain source; use its reviewed focal point, non-mirrored orientation, or scoped cutout shadow. Existing revision contract remains intact."
"echoes-3-aya-victory:unrecorded/page:3/Go On Up","src/data/echoes-of-war-scenes.ts:143","The landing, the stairs waiting","actor","Aya","0,1,2","REPLACE","1","/portraits/aya.webp","/portraits/cinematic/echoes/aya-cutout-v1.webp?v=891202c8e","Integrated reviewed replacement: echoAyaCutout. See production.json for reference lock and production brief."
"echoes-4-ansel-pre/page:0/The Records Floor","src/data/echoes-of-war-scenes.ts:156","A landing walled with pigeonhole shelves, one ledger open on a stand, a neat man squaring its corners","background","","0,1,2","KEEP","5","/scenes/story/echoes-ansel.webp","/scenes/story/echoes-ansel.webp","Retain reviewed accurate artwork."
"echoes-4-ansel-pre/page:0/The Records Floor","src/data/echoes-of-war-scenes.ts:156","A landing walled with pigeonhole shelves, one ledger open on a stand, a neat man squaring its corners","actor","Ansel","0,1,2","REPLACE","1","/portraits/ansel.webp","/portraits/cinematic/echoes/ansel-cutout-v1.webp?v=891202c8e","Integrated reviewed replacement: echoAnselCutout. See production.json for reference lock and production brief."
"echoes-4-ansel-pre/page:1/The Entries","src/data/echoes-of-war-scenes.ts:160","The landing, his finger resting on one scraped line","background","","0,1,2","KEEP","5","/scenes/story/echoes-ansel.webp","/scenes/story/echoes-ansel.webp","Retain reviewed accurate artwork."
"echoes-4-ansel-pre/page:1/The Entries","src/data/echoes-of-war-scenes.ts:160","The landing, his finger resting on one scraped line","actor","Ansel","0,1,2","REPLACE","1","/portraits/ansel.webp","/portraits/cinematic/echoes/ansel-cutout-v1.webp?v=891202c8e","Integrated reviewed replacement: echoAnselCutout. See production.json for reference lock and production brief."
"echoes-4-ansel-pre/page:2/Marrek","src/data/echoes-of-war-scenes.ts:164","The landing, the lamplight catching one empty stool beside the stand","background","","0,1,2","KEEP","5","/scenes/story/echoes-ansel.webp","/scenes/story/echoes-ansel.webp","Retain reviewed accurate artwork."
"echoes-4-ansel-pre/page:2/Marrek","src/data/echoes-of-war-scenes.ts:164","The landing, the lamplight catching one empty stool beside the stand","actor","Ansel","0,1,2","REPLACE","1","/portraits/ansel.webp","/portraits/cinematic/echoes/ansel-cutout-v1.webp?v=891202c8e","Integrated reviewed replacement: echoAnselCutout. See production.json for reference lock and production brief."
"echoes-4-ansel-pre/page:3/The Appointment","src/data/echoes-of-war-scenes.ts:168","The landing, Ansel closing the ledger with both hands","background","","0,1,2","KEEP","5","/scenes/story/echoes-ansel.webp","/scenes/story/echoes-ansel.webp","Retain reviewed accurate artwork."
"echoes-4-ansel-pre/page:3/The Appointment","src/data/echoes-of-war-scenes.ts:168","The landing, Ansel closing the ledger with both hands","actor","Ansel","0,1,2","REPLACE","1","/portraits/ansel.webp","/portraits/cinematic/echoes/ansel-cutout-v1.webp?v=891202c8e","Integrated reviewed replacement: echoAnselCutout. See production.json for reference lock and production brief."
"echoes-4-ansel-defeat/page:0/A Correction","src/data/echoes-of-war-scenes.ts:174","The landing, Ansel noting something small in the margin","background","","0,1","KEEP","5","/scenes/story/echoes-ansel.webp","/scenes/story/echoes-ansel.webp","Retain reviewed accurate artwork."
"echoes-4-ansel-defeat/page:0/A Correction","src/data/echoes-of-war-scenes.ts:174","The landing, Ansel noting something small in the margin","actor","Ansel","0,1","REPLACE","1","/portraits/ansel.webp","/portraits/cinematic/echoes/ansel-cutout-v1.webp?v=891202c8e","Integrated reviewed replacement: echoAnselCutout. See production.json for reference lock and production brief."
"echoes-4-ansel-victory/page:0/Entered","src/data/echoes-of-war-scenes.ts:179","The landing, the ledger open to a fresh page","background","","0,1","KEEP","5","/scenes/story/echoes-ansel.webp","/scenes/story/echoes-ansel.webp","Retain reviewed accurate artwork."
"echoes-4-ansel-victory/page:0/Entered","src/data/echoes-of-war-scenes.ts:179","The landing, the ledger open to a fresh page","actor","Ansel","0,1","REPLACE","1","/portraits/ansel.webp","/portraits/cinematic/echoes/ansel-cutout-v1.webp?v=891202c8e","Integrated reviewed replacement: echoAnselCutout. See production.json for reference lock and production brief."
"echoes-4-ansel-victory/page:1/The Confession","src/data/echoes-of-war-scenes.ts:182","The landing, his hands flat on the stand for once","background","","0,1,2","KEEP","5","/scenes/story/echoes-ansel.webp","/scenes/story/echoes-ansel.webp","Retain reviewed accurate artwork."
"echoes-4-ansel-victory/page:1/The Confession","src/data/echoes-of-war-scenes.ts:182","The landing, his hands flat on the stand for once","actor","Ansel","0,1,2","REPLACE","1","/portraits/ansel.webp","/portraits/cinematic/echoes/ansel-cutout-v1.webp?v=891202c8e","Integrated reviewed replacement: echoAnselCutout. See production.json for reference lock and production brief."
"echoes-4-ansel-victory/page:2/Adjournment","src/data/echoes-of-war-scenes.ts:186","The landing, the stool beside him pushed neatly in","background","","0,1,2","KEEP","5","/scenes/story/echoes-ansel.webp","/scenes/story/echoes-ansel.webp","Retain reviewed accurate artwork."
"echoes-4-ansel-victory/page:2/Adjournment","src/data/echoes-of-war-scenes.ts:186","The landing, the stool beside him pushed neatly in","actor","Ansel","0,1,2","REPLACE","1","/portraits/ansel.webp","/portraits/cinematic/echoes/ansel-cutout-v1.webp?v=891202c8e","Integrated reviewed replacement: echoAnselCutout. See production.json for reference lock and production brief."
"echoes-4-ansel-rematch/page:0/Replay the Memory","src/data/echoes-of-war-scenes.ts:62","The landing, the columns waiting","background","","0,1","KEEP","5","/scenes/story/echoes-ansel.webp","/scenes/story/echoes-ansel.webp","Retain reviewed accurate artwork."
"echoes-4-ansel-rematch/page:0/Replay the Memory","src/data/echoes-of-war-scenes.ts:62","The landing, the columns waiting","actor","Ansel","0,1","REPLACE","1","/portraits/ansel.webp","/portraits/cinematic/echoes/ansel-cutout-v1.webp?v=891202c8e","Integrated reviewed replacement: echoAnselCutout. See production.json for reference lock and production brief."
"echoes-5-sela-pre/page:0/The Infirmary Floor","src/data/echoes-of-war-scenes.ts:199","A landing hung with clinic curtains gone stiff with age, a woman folding and refolding a strip of linen","background","","0,1,2","KEEP","5","/scenes/story/echoes-sela.webp","/scenes/story/echoes-sela.webp","Retain reviewed accurate artwork."
"echoes-5-sela-pre/page:0/The Infirmary Floor","src/data/echoes-of-war-scenes.ts:199","A landing hung with clinic curtains gone stiff with age, a woman folding and refolding a strip of linen","actor","Sela","0,1,2","REPLACE","1","/portraits/sela.webp","/portraits/cinematic/echoes/sela-linen-cutout-v1.webp?v=891202c8e","Integrated reviewed replacement: echoSelaCutout. See production.json for reference lock and production brief."
"echoes-5-sela-pre/page:1/The Ward","src/data/echoes-of-war-scenes.ts:203","The landing, a long row of empty cots behind the curtains","background","","0,1,2","KEEP","5","/scenes/story/echoes-sela.webp","/scenes/story/echoes-sela.webp","Retain reviewed accurate artwork."
"echoes-5-sela-pre/page:1/The Ward","src/data/echoes-of-war-scenes.ts:203","The landing, a long row of empty cots behind the curtains","actor","Sela","0,1,2","REPLACE","1","/portraits/sela.webp","/portraits/cinematic/echoes/sela-linen-cutout-v1.webp?v=891202c8e","Integrated reviewed replacement: echoSelaCutout. See production.json for reference lock and production brief."
"echoes-5-sela-pre/page:2/The Decision","src/data/echoes-of-war-scenes.ts:207","The landing, her thumb pressed against a dried bloodstain on the curtain edge","background","","0,1,2","KEEP","5","/scenes/story/echoes-sela.webp","/scenes/story/echoes-sela.webp","Retain reviewed accurate artwork."
"echoes-5-sela-pre/page:2/The Decision","src/data/echoes-of-war-scenes.ts:207","The landing, her thumb pressed against a dried bloodstain on the curtain edge","actor","Sela","0,1,2","REPLACE","1","/portraits/sela.webp","/portraits/cinematic/echoes/sela-linen-cutout-v1.webp?v=891202c8e","Integrated reviewed replacement: echoSelaCutout. See production.json for reference lock and production brief."
"echoes-5-sela-pre/page:3/What I Need","src/data/echoes-of-war-scenes.ts:211","The landing, the linen finally set down","background","","0,1,2","KEEP","5","/scenes/story/echoes-sela.webp","/scenes/story/echoes-sela.webp","Retain reviewed accurate artwork."
"echoes-5-sela-pre/page:3/What I Need","src/data/echoes-of-war-scenes.ts:211","The landing, the linen finally set down","actor","Sela","0,1,2","VARIANT","1","/portraits/sela.webp","/portraits/cinematic/echoes/sela-empty-hand-v1.webp?v=891202c8e","Integrated supported story-state variant: echoSelaEmpty. See production.json for reference lock and production brief."
"echoes-5-sela-defeat/page:0/Pulse Check","src/data/echoes-of-war-scenes.ts:217","The landing, Sela watching with a clinician's eye","background","","0,1","KEEP","5","/scenes/story/echoes-sela.webp","/scenes/story/echoes-sela.webp","Retain reviewed accurate artwork."
"echoes-5-sela-defeat/page:0/Pulse Check","src/data/echoes-of-war-scenes.ts:217","The landing, Sela watching with a clinician's eye","actor","Sela","0,1","VARIANT","1","/portraits/sela.webp","/portraits/cinematic/echoes/sela-empty-hand-v1.webp?v=891202c8e","Integrated supported story-state variant: echoSelaEmpty. See production.json for reference lock and production brief."
"echoes-5-sela-victory/page:0/The Second Opinion","src/data/echoes-of-war-scenes.ts:222","The landing, the cards resting like instruments laid down","background","","0,1","KEEP","5","/scenes/story/echoes-sela.webp","/scenes/story/echoes-sela.webp","Retain reviewed accurate artwork."
"echoes-5-sela-victory/page:0/The Second Opinion","src/data/echoes-of-war-scenes.ts:222","The landing, the cards resting like instruments laid down","actor","Sela","0,1","VARIANT","1","/portraits/sela.webp","/portraits/cinematic/echoes/sela-empty-hand-v1.webp?v=891202c8e","Integrated supported story-state variant: echoSelaEmpty. See production.json for reference lock and production brief."
"echoes-5-sela-victory/page:1/We","src/data/echoes-of-war-scenes.ts:225","The landing, Sela standing very straight","background","","0,1,2","KEEP","5","/scenes/story/echoes-sela.webp","/scenes/story/echoes-sela.webp","Retain reviewed accurate artwork."
"echoes-5-sela-victory/page:1/We","src/data/echoes-of-war-scenes.ts:225","The landing, Sela standing very straight","actor","Sela","0,1,2","VARIANT","1","/portraits/sela.webp","/portraits/cinematic/echoes/sela-empty-hand-v1.webp?v=891202c8e","Integrated supported story-state variant: echoSelaEmpty. See production.json for reference lock and production brief."
"echoes-5-sela-victory/page:2/Discharge","src/data/echoes-of-war-scenes.ts:229","The landing, the curtains stirring though there is no wind","background","","0,1,2","KEEP","5","/scenes/story/echoes-sela.webp","/scenes/story/echoes-sela.webp","Retain reviewed accurate artwork."
"echoes-5-sela-victory/page:2/Discharge","src/data/echoes-of-war-scenes.ts:229","The landing, the curtains stirring though there is no wind","actor","Sela","0,1,2","VARIANT","1","/portraits/sela.webp","/portraits/cinematic/echoes/sela-empty-hand-v1.webp?v=891202c8e","Integrated supported story-state variant: echoSelaEmpty. See production.json for reference lock and production brief."
"echoes-5-sela-rematch/page:0/Replay the Memory","src/data/echoes-of-war-scenes.ts:62","The landing, the ward quiet","background","","0,1","KEEP","5","/scenes/story/echoes-sela.webp","/scenes/story/echoes-sela.webp","Retain reviewed accurate artwork."
"echoes-5-sela-rematch/page:0/Replay the Memory","src/data/echoes-of-war-scenes.ts:62","The landing, the ward quiet","actor","Sela","0,1","VARIANT","1","/portraits/sela.webp","/portraits/cinematic/echoes/sela-empty-hand-v1.webp?v=891202c8e","Integrated supported story-state variant: echoSelaEmpty. See production.json for reference lock and production brief."
"echoes-6-korin-pre/page:0/The Gate Floor","src/data/echoes-of-war-scenes.ts:242","A landing dominated by a barred district gate, a broad man standing at parade rest before it","background","","0,1,2","KEEP","5","/scenes/story/echoes-korin.webp","/scenes/story/echoes-korin.webp","Retain reviewed accurate artwork."
"echoes-6-korin-pre/page:0/The Gate Floor","src/data/echoes-of-war-scenes.ts:242","A landing dominated by a barred district gate, a broad man standing at parade rest before it","actor","Korin","0,1,2","REPLACE","1","/portraits/korin.webp","/portraits/cinematic/echoes/korin-cutout-v1.webp?v=891202c8e","Integrated reviewed replacement: echoKorinCutout. See production.json for reference lock and production brief."
"echoes-6-korin-pre/page:1/Word for Word","src/data/echoes-of-war-scenes.ts:246","The landing, his eyes fixed on a point above your head","background","","0,1,2","KEEP","5","/scenes/story/echoes-korin.webp","/scenes/story/echoes-korin.webp","Retain reviewed accurate artwork."
"echoes-6-korin-pre/page:1/Word for Word","src/data/echoes-of-war-scenes.ts:246","The landing, his eyes fixed on a point above your head","actor","Korin","0,1,2","REPLACE","1","/portraits/korin.webp","/portraits/cinematic/echoes/korin-cutout-v1.webp?v=891202c8e","Integrated reviewed replacement: echoKorinCutout. See production.json for reference lock and production brief."
"echoes-6-korin-pre/page:2/The Families","src/data/echoes-of-war-scenes.ts:250","The landing, the gate's shadow falling across the table","background","","0,1,2","KEEP","5","/scenes/story/echoes-korin.webp","/scenes/story/echoes-korin.webp","Retain reviewed accurate artwork."
"echoes-6-korin-pre/page:2/The Families","src/data/echoes-of-war-scenes.ts:250","The landing, the gate's shadow falling across the table","actor","Korin","0,1,2","REPLACE","1","/portraits/korin.webp","/portraits/cinematic/echoes/korin-cutout-v1.webp?v=891202c8e","Integrated reviewed replacement: echoKorinCutout. See production.json for reference lock and production brief."
"echoes-6-korin-pre/page:3/One Detail","src/data/echoes-of-war-scenes.ts:254","The landing, Korin finally looking at you","background","","0,1,2","KEEP","5","/scenes/story/echoes-korin.webp","/scenes/story/echoes-korin.webp","Retain reviewed accurate artwork."
"echoes-6-korin-pre/page:3/One Detail","src/data/echoes-of-war-scenes.ts:254","The landing, Korin finally looking at you","actor","Korin","0,1,2","REPLACE","1","/portraits/korin.webp","/portraits/cinematic/echoes/korin-cutout-v1.webp?v=891202c8e","Integrated reviewed replacement: echoKorinCutout. See production.json for reference lock and production brief."
"echoes-6-korin-defeat/page:0/As Ordered","src/data/echoes-of-war-scenes.ts:260","The landing, Korin squaring the cards like kit for inspection","background","","0,1","KEEP","5","/scenes/story/echoes-korin.webp","/scenes/story/echoes-korin.webp","Retain reviewed accurate artwork."
"echoes-6-korin-defeat/page:0/As Ordered","src/data/echoes-of-war-scenes.ts:260","The landing, Korin squaring the cards like kit for inspection","actor","Korin","0,1","REPLACE","1","/portraits/korin.webp","/portraits/cinematic/echoes/korin-cutout-v1.webp?v=891202c8e","Integrated reviewed replacement: echoKorinCutout. See production.json for reference lock and production brief."
"echoes-6-korin-victory/page:0/Stand Down","src/data/echoes-of-war-scenes.ts:265","The landing, the bar across the gate looking suddenly like just a piece of iron","background","","0,1","KEEP","5","/scenes/story/echoes-korin.webp","/scenes/story/echoes-korin.webp","Retain reviewed accurate artwork."
"echoes-6-korin-victory/page:0/Stand Down","src/data/echoes-of-war-scenes.ts:265","The landing, the bar across the gate looking suddenly like just a piece of iron","actor","Korin","0,1","REPLACE","1","/portraits/korin.webp","/portraits/cinematic/echoes/korin-cutout-v1.webp?v=891202c8e","Integrated reviewed replacement: echoKorinCutout. See production.json for reference lock and production brief."
"echoes-6-korin-victory/page:1/My Own Words","src/data/echoes-of-war-scenes.ts:268","The landing, his voice lower and slower than before","background","","0,1,2","KEEP","5","/scenes/story/echoes-korin.webp","/scenes/story/echoes-korin.webp","Retain reviewed accurate artwork."
"echoes-6-korin-victory/page:1/My Own Words","src/data/echoes-of-war-scenes.ts:268","The landing, his voice lower and slower than before","actor","Korin","0,1,2","REPLACE","1","/portraits/korin.webp","/portraits/cinematic/echoes/korin-cutout-v1.webp?v=891202c8e","Integrated reviewed replacement: echoKorinCutout. See production.json for reference lock and production brief."
"echoes-6-korin-victory/page:2/Dismissed","src/data/echoes-of-war-scenes.ts:272","The landing, Korin at rest for the first time","background","","0,1,2","KEEP","5","/scenes/story/echoes-korin.webp","/scenes/story/echoes-korin.webp","Retain reviewed accurate artwork."
"echoes-6-korin-victory/page:2/Dismissed","src/data/echoes-of-war-scenes.ts:272","The landing, Korin at rest for the first time","actor","Korin","0,1,2","REPLACE","1","/portraits/korin.webp","/portraits/cinematic/echoes/korin-cutout-v1.webp?v=891202c8e","Integrated reviewed replacement: echoKorinCutout. See production.json for reference lock and production brief."
"echoes-6-korin-rematch/page:0/Replay the Memory","src/data/echoes-of-war-scenes.ts:62","The landing, the gate barred again","background","","0,1","KEEP","5","/scenes/story/echoes-korin.webp","/scenes/story/echoes-korin.webp","Retain reviewed accurate artwork."
"echoes-6-korin-rematch/page:0/Replay the Memory","src/data/echoes-of-war-scenes.ts:62","The landing, the gate barred again","actor","Korin","0,1","REPLACE","1","/portraits/korin.webp","/portraits/cinematic/echoes/korin-cutout-v1.webp?v=891202c8e","Integrated reviewed replacement: echoKorinCutout. See production.json for reference lock and production brief."
"echoes-6-korin-victory:denied-attack/page:0/Stand Down","src/data/echoes-of-war-scenes.ts:265","The landing, the bar across the gate looking suddenly like just a piece of iron","background","","0,1","KEEP","5","/scenes/story/echoes-korin.webp","/scenes/story/echoes-korin.webp","Retain reviewed accurate artwork."
"echoes-6-korin-victory:denied-attack/page:0/Stand Down","src/data/echoes-of-war-scenes.ts:265","The landing, the bar across the gate looking suddenly like just a piece of iron","actor","Korin","0,1","REPLACE","1","/portraits/korin.webp","/portraits/cinematic/echoes/korin-cutout-v1.webp?v=891202c8e","Integrated reviewed replacement: echoKorinCutout. See production.json for reference lock and production brief."
"echoes-6-korin-victory:denied-attack/page:1/Entered in Order","src/data/echoes-of-war-scenes.ts:589","Korin squares the discard pile while a stopped attack remains in the Chronicle","background","","0","KEEP","5","/scenes/story/echoes-korin.webp","/scenes/story/echoes-korin.webp","Retain reviewed accurate artwork."
"echoes-6-korin-victory:denied-attack/page:1/Entered in Order","src/data/echoes-of-war-scenes.ts:589","Korin squares the discard pile while a stopped attack remains in the Chronicle","actor","Korin","0","REPLACE","1","/portraits/korin.webp","/portraits/cinematic/echoes/korin-cutout-v1.webp?v=891202c8e","Integrated reviewed replacement: echoKorinCutout. See production.json for reference lock and production brief."
"echoes-6-korin-victory:denied-attack/page:2/My Own Words","src/data/echoes-of-war-scenes.ts:268","The landing, his voice lower and slower than before","background","","0,1,2","KEEP","5","/scenes/story/echoes-korin.webp","/scenes/story/echoes-korin.webp","Retain reviewed accurate artwork."
"echoes-6-korin-victory:denied-attack/page:2/My Own Words","src/data/echoes-of-war-scenes.ts:268","The landing, his voice lower and slower than before","actor","Korin","0,1,2","REPLACE","1","/portraits/korin.webp","/portraits/cinematic/echoes/korin-cutout-v1.webp?v=891202c8e","Integrated reviewed replacement: echoKorinCutout. See production.json for reference lock and production brief."
"echoes-6-korin-victory:denied-attack/page:3/Dismissed","src/data/echoes-of-war-scenes.ts:272","The landing, Korin at rest for the first time","background","","0,1,2","KEEP","5","/scenes/story/echoes-korin.webp","/scenes/story/echoes-korin.webp","Retain reviewed accurate artwork."
"echoes-6-korin-victory:denied-attack/page:3/Dismissed","src/data/echoes-of-war-scenes.ts:272","The landing, Korin at rest for the first time","actor","Korin","0,1,2","REPLACE","1","/portraits/korin.webp","/portraits/cinematic/echoes/korin-cutout-v1.webp?v=891202c8e","Integrated reviewed replacement: echoKorinCutout. See production.json for reference lock and production brief."
"echoes-6-korin-victory:recovered-ground/page:0/Stand Down","src/data/echoes-of-war-scenes.ts:265","The landing, the bar across the gate looking suddenly like just a piece of iron","background","","0,1","KEEP","5","/scenes/story/echoes-korin.webp","/scenes/story/echoes-korin.webp","Retain reviewed accurate artwork."
"echoes-6-korin-victory:recovered-ground/page:0/Stand Down","src/data/echoes-of-war-scenes.ts:265","The landing, the bar across the gate looking suddenly like just a piece of iron","actor","Korin","0,1","REPLACE","1","/portraits/korin.webp","/portraits/cinematic/echoes/korin-cutout-v1.webp?v=891202c8e","Integrated reviewed replacement: echoKorinCutout. See production.json for reference lock and production brief."
"echoes-6-korin-victory:recovered-ground/page:1/Entered in Order","src/data/echoes-of-war-scenes.ts:589","Korin squares the discard pile at the point the challenger recovered","background","","0","KEEP","5","/scenes/story/echoes-korin.webp","/scenes/story/echoes-korin.webp","Retain reviewed accurate artwork."
"echoes-6-korin-victory:recovered-ground/page:1/Entered in Order","src/data/echoes-of-war-scenes.ts:589","Korin squares the discard pile at the point the challenger recovered","actor","Korin","0","REPLACE","1","/portraits/korin.webp","/portraits/cinematic/echoes/korin-cutout-v1.webp?v=891202c8e","Integrated reviewed replacement: echoKorinCutout. See production.json for reference lock and production brief."
"echoes-6-korin-victory:recovered-ground/page:2/My Own Words","src/data/echoes-of-war-scenes.ts:268","The landing, his voice lower and slower than before","background","","0,1,2","KEEP","5","/scenes/story/echoes-korin.webp","/scenes/story/echoes-korin.webp","Retain reviewed accurate artwork."
"echoes-6-korin-victory:recovered-ground/page:2/My Own Words","src/data/echoes-of-war-scenes.ts:268","The landing, his voice lower and slower than before","actor","Korin","0,1,2","REPLACE","1","/portraits/korin.webp","/portraits/cinematic/echoes/korin-cutout-v1.webp?v=891202c8e","Integrated reviewed replacement: echoKorinCutout. See production.json for reference lock and production brief."
"echoes-6-korin-victory:recovered-ground/page:3/Dismissed","src/data/echoes-of-war-scenes.ts:272","The landing, Korin at rest for the first time","background","","0,1,2","KEEP","5","/scenes/story/echoes-korin.webp","/scenes/story/echoes-korin.webp","Retain reviewed accurate artwork."
"echoes-6-korin-victory:recovered-ground/page:3/Dismissed","src/data/echoes-of-war-scenes.ts:272","The landing, Korin at rest for the first time","actor","Korin","0,1,2","REPLACE","1","/portraits/korin.webp","/portraits/cinematic/echoes/korin-cutout-v1.webp?v=891202c8e","Integrated reviewed replacement: echoKorinCutout. See production.json for reference lock and production brief."
"echoes-6-korin-victory:rebuilt-line/page:0/Stand Down","src/data/echoes-of-war-scenes.ts:265","The landing, the bar across the gate looking suddenly like just a piece of iron","background","","0,1","KEEP","5","/scenes/story/echoes-korin.webp","/scenes/story/echoes-korin.webp","Retain reviewed accurate artwork."
"echoes-6-korin-victory:rebuilt-line/page:0/Stand Down","src/data/echoes-of-war-scenes.ts:265","The landing, the bar across the gate looking suddenly like just a piece of iron","actor","Korin","0,1","REPLACE","1","/portraits/korin.webp","/portraits/cinematic/echoes/korin-cutout-v1.webp?v=891202c8e","Integrated reviewed replacement: echoKorinCutout. See production.json for reference lock and production brief."
"echoes-6-korin-victory:rebuilt-line/page:1/Entered in Order","src/data/echoes-of-war-scenes.ts:589","Korin squares the discard pile beside a rebuilt line","background","","0","KEEP","5","/scenes/story/echoes-korin.webp","/scenes/story/echoes-korin.webp","Retain reviewed accurate artwork."
"echoes-6-korin-victory:rebuilt-line/page:1/Entered in Order","src/data/echoes-of-war-scenes.ts:589","Korin squares the discard pile beside a rebuilt line","actor","Korin","0","REPLACE","1","/portraits/korin.webp","/portraits/cinematic/echoes/korin-cutout-v1.webp?v=891202c8e","Integrated reviewed replacement: echoKorinCutout. See production.json for reference lock and production brief."
"echoes-6-korin-victory:rebuilt-line/page:2/My Own Words","src/data/echoes-of-war-scenes.ts:268","The landing, his voice lower and slower than before","background","","0,1,2","KEEP","5","/scenes/story/echoes-korin.webp","/scenes/story/echoes-korin.webp","Retain reviewed accurate artwork."
"echoes-6-korin-victory:rebuilt-line/page:2/My Own Words","src/data/echoes-of-war-scenes.ts:268","The landing, his voice lower and slower than before","actor","Korin","0,1,2","REPLACE","1","/portraits/korin.webp","/portraits/cinematic/echoes/korin-cutout-v1.webp?v=891202c8e","Integrated reviewed replacement: echoKorinCutout. See production.json for reference lock and production brief."
"echoes-6-korin-victory:rebuilt-line/page:3/Dismissed","src/data/echoes-of-war-scenes.ts:272","The landing, Korin at rest for the first time","background","","0,1,2","KEEP","5","/scenes/story/echoes-korin.webp","/scenes/story/echoes-korin.webp","Retain reviewed accurate artwork."
"echoes-6-korin-victory:rebuilt-line/page:3/Dismissed","src/data/echoes-of-war-scenes.ts:272","The landing, Korin at rest for the first time","actor","Korin","0,1,2","REPLACE","1","/portraits/korin.webp","/portraits/cinematic/echoes/korin-cutout-v1.webp?v=891202c8e","Integrated reviewed replacement: echoKorinCutout. See production.json for reference lock and production brief."
"echoes-6-korin-victory:unrecorded/page:0/Stand Down","src/data/echoes-of-war-scenes.ts:265","The landing, the bar across the gate looking suddenly like just a piece of iron","background","","0,1","KEEP","5","/scenes/story/echoes-korin.webp","/scenes/story/echoes-korin.webp","Retain reviewed accurate artwork."
"echoes-6-korin-victory:unrecorded/page:0/Stand Down","src/data/echoes-of-war-scenes.ts:265","The landing, the bar across the gate looking suddenly like just a piece of iron","actor","Korin","0,1","REPLACE","1","/portraits/korin.webp","/portraits/cinematic/echoes/korin-cutout-v1.webp?v=891202c8e","Integrated reviewed replacement: echoKorinCutout. See production.json for reference lock and production brief."
"echoes-6-korin-victory:unrecorded/page:1/Entered in Order","src/data/echoes-of-war-scenes.ts:589","Korin squares the discard pile while the Chronicle seals the match","background","","0","KEEP","5","/scenes/story/echoes-korin.webp","/scenes/story/echoes-korin.webp","Retain reviewed accurate artwork."
"echoes-6-korin-victory:unrecorded/page:1/Entered in Order","src/data/echoes-of-war-scenes.ts:589","Korin squares the discard pile while the Chronicle seals the match","actor","Korin","0","REPLACE","1","/portraits/korin.webp","/portraits/cinematic/echoes/korin-cutout-v1.webp?v=891202c8e","Integrated reviewed replacement: echoKorinCutout. See production.json for reference lock and production brief."
"echoes-6-korin-victory:unrecorded/page:2/My Own Words","src/data/echoes-of-war-scenes.ts:268","The landing, his voice lower and slower than before","background","","0,1,2","KEEP","5","/scenes/story/echoes-korin.webp","/scenes/story/echoes-korin.webp","Retain reviewed accurate artwork."
"echoes-6-korin-victory:unrecorded/page:2/My Own Words","src/data/echoes-of-war-scenes.ts:268","The landing, his voice lower and slower than before","actor","Korin","0,1,2","REPLACE","1","/portraits/korin.webp","/portraits/cinematic/echoes/korin-cutout-v1.webp?v=891202c8e","Integrated reviewed replacement: echoKorinCutout. See production.json for reference lock and production brief."
"echoes-6-korin-victory:unrecorded/page:3/Dismissed","src/data/echoes-of-war-scenes.ts:272","The landing, Korin at rest for the first time","background","","0,1,2","KEEP","5","/scenes/story/echoes-korin.webp","/scenes/story/echoes-korin.webp","Retain reviewed accurate artwork."
"echoes-6-korin-victory:unrecorded/page:3/Dismissed","src/data/echoes-of-war-scenes.ts:272","The landing, Korin at rest for the first time","actor","Korin","0,1,2","REPLACE","1","/portraits/korin.webp","/portraits/cinematic/echoes/korin-cutout-v1.webp?v=891202c8e","Integrated reviewed replacement: echoKorinCutout. See production.json for reference lock and production brief."
"echoes-7-nima-pre/page:0/The Archive Floor","src/data/echoes-of-war-scenes.ts:285","A landing of scorched shelving, ash settled in even grey drifts, a composed woman with ink-stained cuffs","background","","0,1,2","KEEP","5","/scenes/story/echoes-nima.webp","/scenes/story/echoes-nima.webp","Retain reviewed accurate artwork."
"echoes-7-nima-pre/page:0/The Archive Floor","src/data/echoes-of-war-scenes.ts:285","A landing of scorched shelving, ash settled in even grey drifts, a composed woman with ink-stained cuffs","actor","Nima","0,1,2","REPLACE","1","/portraits/nima.webp","/portraits/cinematic/echoes/nima-cutout-v1.webp?v=891202c8e","Integrated reviewed replacement: echoNimaCutout. See production.json for reference lock and production brief."
"echoes-7-nima-pre/page:1/What Burned","src/data/echoes-of-war-scenes.ts:289","The landing, her hand hovering over an empty shelf without touching it","background","","0,1,2","KEEP","5","/scenes/story/echoes-nima.webp","/scenes/story/echoes-nima.webp","Retain reviewed accurate artwork."
"echoes-7-nima-pre/page:1/What Burned","src/data/echoes-of-war-scenes.ts:289","The landing, her hand hovering over an empty shelf without touching it","actor","Nima","0,1,2","REPLACE","1","/portraits/nima.webp","/portraits/cinematic/echoes/nima-cutout-v1.webp?v=891202c8e","Integrated reviewed replacement: echoNimaCutout. See production.json for reference lock and production brief."
"echoes-7-nima-pre/page:2/The Other Paper","src/data/echoes-of-war-scenes.ts:293","The landing, ash stirring in a draft from below","background","","0,1,2","KEEP","5","/scenes/story/echoes-nima.webp","/scenes/story/echoes-nima.webp","Retain reviewed accurate artwork."
"echoes-7-nima-pre/page:2/The Other Paper","src/data/echoes-of-war-scenes.ts:293","The landing, ash stirring in a draft from below","actor","Nima","0,1,2","REPLACE","1","/portraits/nima.webp","/portraits/cinematic/echoes/nima-cutout-v1.webp?v=891202c8e","Integrated reviewed replacement: echoNimaCutout. See production.json for reference lock and production brief."
"echoes-7-nima-pre/page:3/The Family","src/data/echoes-of-war-scenes.ts:297","The landing, Nima seated with a deck squared before her like a verdict","background","","0,1,2","KEEP","5","/scenes/story/echoes-nima.webp","/scenes/story/echoes-nima.webp","Retain reviewed accurate artwork."
"echoes-7-nima-pre/page:3/The Family","src/data/echoes-of-war-scenes.ts:297","The landing, Nima seated with a deck squared before her like a verdict","actor","Nima","0,1,2","REPLACE","1","/portraits/nima.webp","/portraits/cinematic/echoes/nima-cutout-v1.webp?v=891202c8e","Integrated reviewed replacement: echoNimaCutout. See production.json for reference lock and production brief."
"echoes-7-nima-defeat/page:0/Filed","src/data/echoes-of-war-scenes.ts:303","The landing, a small tidy notation made in ash","background","","0,1","KEEP","5","/scenes/story/echoes-nima.webp","/scenes/story/echoes-nima.webp","Retain reviewed accurate artwork."
"echoes-7-nima-defeat/page:0/Filed","src/data/echoes-of-war-scenes.ts:303","The landing, a small tidy notation made in ash","actor","Nima","0,1","REPLACE","1","/portraits/nima.webp","/portraits/cinematic/echoes/nima-cutout-v1.webp?v=891202c8e","Integrated reviewed replacement: echoNimaCutout. See production.json for reference lock and production brief."
"echoes-7-nima-victory/page:0/Reopened","src/data/echoes-of-war-scenes.ts:308","The landing, the burned shelves looking more like ribs than furniture","background","","0,1","KEEP","5","/scenes/story/echoes-nima.webp","/scenes/story/echoes-nima.webp","Retain reviewed accurate artwork."
"echoes-7-nima-victory/page:0/Reopened","src/data/echoes-of-war-scenes.ts:308","The landing, the burned shelves looking more like ribs than furniture","actor","Nima","0,1","REPLACE","1","/portraits/nima.webp","/portraits/cinematic/echoes/nima-cutout-v1.webp?v=891202c8e","Integrated reviewed replacement: echoNimaCutout. See production.json for reference lock and production brief."
"echoes-7-nima-victory/page:1/Restitution","src/data/echoes-of-war-scenes.ts:311","The landing, her cuffs pushed back, ink stains old and permanent","background","","0,1,2","KEEP","5","/scenes/story/echoes-nima.webp","/scenes/story/echoes-nima.webp","Retain reviewed accurate artwork."
"echoes-7-nima-victory/page:1/Restitution","src/data/echoes-of-war-scenes.ts:311","The landing, her cuffs pushed back, ink stains old and permanent","actor","Nima","0,1,2","REPLACE","1","/portraits/nima.webp","/portraits/cinematic/echoes/nima-cutout-v1.webp?v=891202c8e","Integrated reviewed replacement: echoNimaCutout. See production.json for reference lock and production brief."
"echoes-7-nima-victory/page:2/Shelved","src/data/echoes-of-war-scenes.ts:315","The landing, the drifts of ash undisturbed","background","","0,1,2","KEEP","5","/scenes/story/echoes-nima.webp","/scenes/story/echoes-nima.webp","Retain reviewed accurate artwork."
"echoes-7-nima-victory/page:2/Shelved","src/data/echoes-of-war-scenes.ts:315","The landing, the drifts of ash undisturbed","actor","Nima","0,1,2","REPLACE","1","/portraits/nima.webp","/portraits/cinematic/echoes/nima-cutout-v1.webp?v=891202c8e","Integrated reviewed replacement: echoNimaCutout. See production.json for reference lock and production brief."
"echoes-7-nima-rematch/page:0/Replay the Memory","src/data/echoes-of-war-scenes.ts:62","The landing, the catalog reordered overnight","background","","0,1","KEEP","5","/scenes/story/echoes-nima.webp","/scenes/story/echoes-nima.webp","Retain reviewed accurate artwork."
"echoes-7-nima-rematch/page:0/Replay the Memory","src/data/echoes-of-war-scenes.ts:62","The landing, the catalog reordered overnight","actor","Nima","0,1","REPLACE","1","/portraits/nima.webp","/portraits/cinematic/echoes/nima-cutout-v1.webp?v=891202c8e","Integrated reviewed replacement: echoNimaCutout. See production.json for reference lock and production brief."
"echoes-8-eren-pre/page:0/The Hall of Record","src/data/echoes-of-war-scenes.ts:328","A landing built like a tribunal hall, an empty witness table, a silver-haired man in an arbiter's sash","background","","0,1,2","KEEP","5","/scenes/story/echoes-eren.webp","/scenes/story/echoes-eren.webp","Retain reviewed accurate artwork."
"echoes-8-eren-pre/page:0/The Hall of Record","src/data/echoes-of-war-scenes.ts:328","A landing built like a tribunal hall, an empty witness table, a silver-haired man in an arbiter's sash","actor","Eren","0,1,2","REPLACE","1","/portraits/eren.webp","/portraits/cinematic/echoes/eren-cutout-v1.webp?v=891202c8e","Integrated reviewed replacement: echoErenCutout. See production.json for reference lock and production brief."
"echoes-8-eren-pre/page:1/The Question","src/data/echoes-of-war-scenes.ts:332","The landing, the benches of the hall empty and listening","background","","0,1,2","KEEP","5","/scenes/story/echoes-eren.webp","/scenes/story/echoes-eren.webp","Retain reviewed accurate artwork."
"echoes-8-eren-pre/page:1/The Question","src/data/echoes-of-war-scenes.ts:332","The landing, the benches of the hall empty and listening","actor","Eren","0,1,2","REPLACE","1","/portraits/eren.webp","/portraits/cinematic/echoes/eren-cutout-v1.webp?v=891202c8e","Integrated reviewed replacement: echoErenCutout. See production.json for reference lock and production brief."
"echoes-8-eren-pre/page:2/The Conditions","src/data/echoes-of-war-scenes.ts:336","The landing, Eren laying out cards with a court official's precision","background","","0,1,2","KEEP","5","/scenes/story/echoes-eren.webp","/scenes/story/echoes-eren.webp","Retain reviewed accurate artwork."
"echoes-8-eren-pre/page:2/The Conditions","src/data/echoes-of-war-scenes.ts:336","The landing, Eren laying out cards with a court official's precision","actor","Eren","0,1,2","REPLACE","1","/portraits/eren.webp","/portraits/cinematic/echoes/eren-cutout-v1.webp?v=891202c8e","Integrated reviewed replacement: echoErenCutout. See production.json for reference lock and production brief."
"echoes-8-eren-pre/page:3/The Defense","src/data/echoes-of-war-scenes.ts:340","The landing, his voice level, his hands perfectly still","background","","0,1,2","KEEP","5","/scenes/story/echoes-eren.webp","/scenes/story/echoes-eren.webp","Retain reviewed accurate artwork."
"echoes-8-eren-pre/page:3/The Defense","src/data/echoes-of-war-scenes.ts:340","The landing, his voice level, his hands perfectly still","actor","Eren","0,1,2","REPLACE","1","/portraits/eren.webp","/portraits/cinematic/echoes/eren-cutout-v1.webp?v=891202c8e","Integrated reviewed replacement: echoErenCutout. See production.json for reference lock and production brief."
"echoes-8-eren-pre/page:4/The Vacant Chair","src/data/echoes-of-war-scenes.ts:344","The landing, the witness table waiting","background","","0,1,2","KEEP","5","/scenes/story/echoes-eren.webp","/scenes/story/echoes-eren.webp","Retain reviewed accurate artwork."
"echoes-8-eren-pre/page:4/The Vacant Chair","src/data/echoes-of-war-scenes.ts:344","The landing, the witness table waiting","actor","Eren","0,1,2","REPLACE","1","/portraits/eren.webp","/portraits/cinematic/echoes/eren-cutout-v1.webp?v=891202c8e","Integrated reviewed replacement: echoErenCutout. See production.json for reference lock and production brief."
"echoes-8-eren-defeat/page:0/Certified","src/data/echoes-of-war-scenes.ts:350","The landing, Eren filing the result with visible distaste for his own habit","background","","0,1","KEEP","5","/scenes/story/echoes-eren.webp","/scenes/story/echoes-eren.webp","Retain reviewed accurate artwork."
"echoes-8-eren-defeat/page:0/Certified","src/data/echoes-of-war-scenes.ts:350","The landing, Eren filing the result with visible distaste for his own habit","actor","Eren","0,1","REPLACE","1","/portraits/eren.webp","/portraits/cinematic/echoes/eren-cutout-v1.webp?v=891202c8e","Integrated reviewed replacement: echoErenCutout. See production.json for reference lock and production brief."
"echoes-8-eren-victory/page:0/Overturned","src/data/echoes-of-war-scenes.ts:355","The landing, the hall very quiet","background","","0,1","KEEP","5","/scenes/story/echoes-eren.webp","/scenes/story/echoes-eren.webp","Retain reviewed accurate artwork."
"echoes-8-eren-victory/page:0/Overturned","src/data/echoes-of-war-scenes.ts:355","The landing, the hall very quiet","actor","Eren","0,1","REPLACE","1","/portraits/eren.webp","/portraits/cinematic/echoes/eren-cutout-v1.webp?v=891202c8e","Integrated reviewed replacement: echoErenCutout. See production.json for reference lock and production brief."
"echoes-8-eren-victory/page:1/The Ruling","src/data/echoes-of-war-scenes.ts:358","The landing, Eren removing his sash and folding it once","background","","0,1,2","KEEP","5","/scenes/story/echoes-eren.webp","/scenes/story/echoes-eren.webp","Retain reviewed accurate artwork."
"echoes-8-eren-victory/page:1/The Ruling","src/data/echoes-of-war-scenes.ts:358","The landing, Eren removing his sash and folding it once","actor","Eren","0,1,2","VARIANT","1","/portraits/eren.webp","/portraits/cinematic/echoes/eren-sash-removed-v1.webp?v=891202c8e","Integrated supported story-state variant: echoErenNoSash. See production.json for reference lock and production brief."
"echoes-8-eren-victory/page:2/Adjourned","src/data/echoes-of-war-scenes.ts:362","The landing, the sash left on the witness table","background","","0,1,2","REPLACE","3","/scenes/story/echoes-eren.webp","/scenes/story/cinematic/echoes/tribunal-sash-table-v1.webp","Integrated reviewed replacement: echoSashTable. See production.json for reference lock and production brief."
"echoes-8-eren-victory/page:2/Adjourned","src/data/echoes-of-war-scenes.ts:362","The landing, the sash left on the witness table","actor","Eren","0,1,2","VARIANT","1","/portraits/eren.webp","/portraits/cinematic/echoes/eren-sash-removed-v1.webp?v=891202c8e","Integrated supported story-state variant: echoErenNoSash. See production.json for reference lock and production brief."
"echoes-8-eren-rematch/page:0/Replay the Memory","src/data/echoes-of-war-scenes.ts:62","The landing, the hall reconvened","background","","0,1","KEEP","5","/scenes/story/echoes-eren.webp","/scenes/story/echoes-eren.webp","Retain reviewed accurate artwork."
"echoes-8-eren-rematch/page:0/Replay the Memory","src/data/echoes-of-war-scenes.ts:62","The landing, the hall reconvened","actor","Eren","0,1","REPLACE","1","/portraits/eren.webp","/portraits/cinematic/echoes/eren-cutout-v1.webp?v=891202c8e","Integrated reviewed replacement: echoErenCutout. See production.json for reference lock and production brief."
"echoes-9-lyra-pre/page:0/The Engine Floor","src/data/echoes-of-war-scenes.ts:375","A landing crossed with dead conduits, a faint light still crawling inside one of them, a woman with burn-scarred hands","background","","0,1,2","FIT/CACHE FIX","4","/scenes/story/echoes-lyra.webp","/scenes/story/echoes-lyra.webp","Retain source; use its reviewed focal point, non-mirrored orientation, or scoped cutout shadow. Existing revision contract remains intact."
"echoes-9-lyra-pre/page:0/The Engine Floor","src/data/echoes-of-war-scenes.ts:375","A landing crossed with dead conduits, a faint light still crawling inside one of them, a woman with burn-scarred hands","actor","Lyra","0,1,2","REPLACE","1","/portraits/lyra.webp","/portraits/cinematic/echoes/lyra-cutout-v1.webp?v=891202c8e","Integrated reviewed replacement: echoLyraCutout. See production.json for reference lock and production brief."
"echoes-9-lyra-pre/page:1/What It Was","src/data/echoes-of-war-scenes.ts:379","The landing, her scarred palm flat against a cold conduit","background","","0,1,2","FIT/CACHE FIX","4","/scenes/story/echoes-lyra.webp","/scenes/story/echoes-lyra.webp","Retain source; use its reviewed focal point, non-mirrored orientation, or scoped cutout shadow. Existing revision contract remains intact."
"echoes-9-lyra-pre/page:1/What It Was","src/data/echoes-of-war-scenes.ts:379","The landing, her scarred palm flat against a cold conduit","actor","Lyra","0,1,2","REPLACE","1","/portraits/lyra.webp","/portraits/cinematic/echoes/lyra-cutout-v1.webp?v=891202c8e","Integrated reviewed replacement: echoLyraCutout. See production.json for reference lock and production brief."
"echoes-9-lyra-pre/page:2/The Draw","src/data/echoes-of-war-scenes.ts:383","The landing, the one live conduit pulsing slow, like breath","background","","0,1,2","FIT/CACHE FIX","4","/scenes/story/echoes-lyra.webp","/scenes/story/echoes-lyra.webp","Retain source; use its reviewed focal point, non-mirrored orientation, or scoped cutout shadow. Existing revision contract remains intact."
"echoes-9-lyra-pre/page:2/The Draw","src/data/echoes-of-war-scenes.ts:383","The landing, the one live conduit pulsing slow, like breath","actor","Lyra","0,1,2","REPLACE","1","/portraits/lyra.webp","/portraits/cinematic/echoes/lyra-cutout-v1.webp?v=891202c8e","Integrated reviewed replacement: echoLyraCutout. See production.json for reference lock and production brief."
"echoes-9-lyra-pre/page:3/My Part","src/data/echoes-of-war-scenes.ts:387","The landing, Lyra rolling up her sleeves out of old habit","background","","0,1,2","FIT/CACHE FIX","4","/scenes/story/echoes-lyra.webp","/scenes/story/echoes-lyra.webp","Retain source; use its reviewed focal point, non-mirrored orientation, or scoped cutout shadow. Existing revision contract remains intact."
"echoes-9-lyra-pre/page:3/My Part","src/data/echoes-of-war-scenes.ts:387","The landing, Lyra rolling up her sleeves out of old habit","actor","Lyra","0,1,2","REPLACE","1","/portraits/lyra.webp","/portraits/cinematic/echoes/lyra-cutout-v1.webp?v=891202c8e","Integrated reviewed replacement: echoLyraCutout. See production.json for reference lock and production brief."
"echoes-9-lyra-pre/page:4/The Fair Table","src/data/echoes-of-war-scenes.ts:391","The landing, a deck laid out on a workbench between tools","background","","0,1,2","FIT/CACHE FIX","4","/scenes/story/echoes-lyra.webp","/scenes/story/echoes-lyra.webp","Retain source; use its reviewed focal point, non-mirrored orientation, or scoped cutout shadow. Existing revision contract remains intact."
"echoes-9-lyra-pre/page:4/The Fair Table","src/data/echoes-of-war-scenes.ts:391","The landing, a deck laid out on a workbench between tools","actor","Lyra","0,1,2","REPLACE","1","/portraits/lyra.webp","/portraits/cinematic/echoes/lyra-cutout-v1.webp?v=891202c8e","Integrated reviewed replacement: echoLyraCutout. See production.json for reference lock and production brief."
"echoes-9-lyra-defeat/page:0/Overload","src/data/echoes-of-war-scenes.ts:397","The landing, the workbench humming faintly","background","","0,1","FIT/CACHE FIX","4","/scenes/story/echoes-lyra.webp","/scenes/story/echoes-lyra.webp","Retain source; use its reviewed focal point, non-mirrored orientation, or scoped cutout shadow. Existing revision contract remains intact."
"echoes-9-lyra-defeat/page:0/Overload","src/data/echoes-of-war-scenes.ts:397","The landing, the workbench humming faintly","actor","Lyra","0,1","REPLACE","1","/portraits/lyra.webp","/portraits/cinematic/echoes/lyra-cutout-v1.webp?v=891202c8e","Integrated reviewed replacement: echoLyraCutout. See production.json for reference lock and production brief."
"echoes-9-lyra-victory/page:0/Shutdown","src/data/echoes-of-war-scenes.ts:402","The landing, the last live conduit finally dark","background","","0,1","VARIANT","3","/scenes/story/echoes-lyra.webp","/scenes/story/cinematic/echoes/engine-conduit-shutdown-v1.webp","Integrated supported story-state variant: echoLyraShutdown. See production.json for reference lock and production brief."
"echoes-9-lyra-victory/page:0/Shutdown","src/data/echoes-of-war-scenes.ts:402","The landing, the last live conduit finally dark","actor","Lyra","0,1","REPLACE","1","/portraits/lyra.webp","/portraits/cinematic/echoes/lyra-cutout-v1.webp?v=891202c8e","Integrated reviewed replacement: echoLyraCutout. See production.json for reference lock and production brief."
"echoes-9-lyra-victory/page:1/The Admission","src/data/echoes-of-war-scenes.ts:405","The landing, Lyra looking at her scars without flinching","background","","0,1,2","VARIANT","3","/scenes/story/echoes-lyra.webp","/scenes/story/cinematic/echoes/engine-conduit-shutdown-v1.webp","Integrated supported story-state variant: echoLyraShutdown. See production.json for reference lock and production brief."
"echoes-9-lyra-victory/page:1/The Admission","src/data/echoes-of-war-scenes.ts:405","The landing, Lyra looking at her scars without flinching","actor","Lyra","0,1,2","REPLACE","1","/portraits/lyra.webp","/portraits/cinematic/echoes/lyra-cutout-v1.webp?v=891202c8e","Integrated reviewed replacement: echoLyraCutout. See production.json for reference lock and production brief."
"echoes-9-lyra-victory/page:2/For the Record","src/data/echoes-of-war-scenes.ts:409","The landing, the tools laid out in a neat row, waiting for no one","background","","0,1,2","VARIANT","3","/scenes/story/echoes-lyra.webp","/scenes/story/cinematic/echoes/engine-conduit-shutdown-v1.webp","Integrated supported story-state variant: echoLyraShutdown. See production.json for reference lock and production brief."
"echoes-9-lyra-victory/page:2/For the Record","src/data/echoes-of-war-scenes.ts:409","The landing, the tools laid out in a neat row, waiting for no one","actor","Lyra","0,1,2","REPLACE","1","/portraits/lyra.webp","/portraits/cinematic/echoes/lyra-cutout-v1.webp?v=891202c8e","Integrated reviewed replacement: echoLyraCutout. See production.json for reference lock and production brief."
"echoes-9-lyra-rematch/page:0/Replay the Memory","src/data/echoes-of-war-scenes.ts:62","The landing, the rig reassembled","background","","0,1","FIT/CACHE FIX","4","/scenes/story/echoes-lyra.webp","/scenes/story/echoes-lyra.webp","Retain source; use its reviewed focal point, non-mirrored orientation, or scoped cutout shadow. Existing revision contract remains intact."
"echoes-9-lyra-rematch/page:0/Replay the Memory","src/data/echoes-of-war-scenes.ts:62","The landing, the rig reassembled","actor","Lyra","0,1","REPLACE","1","/portraits/lyra.webp","/portraits/cinematic/echoes/lyra-cutout-v1.webp?v=891202c8e","Integrated reviewed replacement: echoLyraCutout. See production.json for reference lock and production brief."
"echoes-9-lyra-victory:denied-attack/page:0/Shutdown","src/data/echoes-of-war-scenes.ts:402","The landing, the last live conduit finally dark","background","","0,1","VARIANT","3","/scenes/story/echoes-lyra.webp","/scenes/story/cinematic/echoes/engine-conduit-shutdown-v1.webp","Integrated supported story-state variant: echoLyraShutdown. See production.json for reference lock and production brief."
"echoes-9-lyra-victory:denied-attack/page:0/Shutdown","src/data/echoes-of-war-scenes.ts:402","The landing, the last live conduit finally dark","actor","Lyra","0,1","REPLACE","1","/portraits/lyra.webp","/portraits/cinematic/echoes/lyra-cutout-v1.webp?v=891202c8e","Integrated reviewed replacement: echoLyraCutout. See production.json for reference lock and production brief."
"echoes-9-lyra-victory:denied-attack/page:1/A Clean Observation","src/data/echoes-of-war-scenes.ts:615","Lyra watches the Chronicle hold one denied attack in pale teal lines","background","","0","VARIANT","3","/scenes/story/echoes-lyra.webp","/scenes/story/cinematic/echoes/engine-conduit-shutdown-v1.webp","Integrated supported story-state variant: echoLyraShutdown. See production.json for reference lock and production brief."
"echoes-9-lyra-victory:denied-attack/page:1/A Clean Observation","src/data/echoes-of-war-scenes.ts:615","Lyra watches the Chronicle hold one denied attack in pale teal lines","actor","Lyra","0","REPLACE","1","/portraits/lyra.webp","/portraits/cinematic/echoes/lyra-cutout-v1.webp?v=891202c8e","Integrated reviewed replacement: echoLyraCutout. See production.json for reference lock and production brief."
"echoes-9-lyra-victory:denied-attack/page:2/The Admission","src/data/echoes-of-war-scenes.ts:405","The landing, Lyra looking at her scars without flinching","background","","0,1,2","VARIANT","3","/scenes/story/echoes-lyra.webp","/scenes/story/cinematic/echoes/engine-conduit-shutdown-v1.webp","Integrated supported story-state variant: echoLyraShutdown. See production.json for reference lock and production brief."
"echoes-9-lyra-victory:denied-attack/page:2/The Admission","src/data/echoes-of-war-scenes.ts:405","The landing, Lyra looking at her scars without flinching","actor","Lyra","0,1,2","REPLACE","1","/portraits/lyra.webp","/portraits/cinematic/echoes/lyra-cutout-v1.webp?v=891202c8e","Integrated reviewed replacement: echoLyraCutout. See production.json for reference lock and production brief."
"echoes-9-lyra-victory:denied-attack/page:3/For the Record","src/data/echoes-of-war-scenes.ts:409","The landing, the tools laid out in a neat row, waiting for no one","background","","0,1,2","VARIANT","3","/scenes/story/echoes-lyra.webp","/scenes/story/cinematic/echoes/engine-conduit-shutdown-v1.webp","Integrated supported story-state variant: echoLyraShutdown. See production.json for reference lock and production brief."
"echoes-9-lyra-victory:denied-attack/page:3/For the Record","src/data/echoes-of-war-scenes.ts:409","The landing, the tools laid out in a neat row, waiting for no one","actor","Lyra","0,1,2","REPLACE","1","/portraits/lyra.webp","/portraits/cinematic/echoes/lyra-cutout-v1.webp?v=891202c8e","Integrated reviewed replacement: echoLyraCutout. See production.json for reference lock and production brief."
"echoes-9-lyra-victory:recovered-ground/page:0/Shutdown","src/data/echoes-of-war-scenes.ts:402","The landing, the last live conduit finally dark","background","","0,1","VARIANT","3","/scenes/story/echoes-lyra.webp","/scenes/story/cinematic/echoes/engine-conduit-shutdown-v1.webp","Integrated supported story-state variant: echoLyraShutdown. See production.json for reference lock and production brief."
"echoes-9-lyra-victory:recovered-ground/page:0/Shutdown","src/data/echoes-of-war-scenes.ts:402","The landing, the last live conduit finally dark","actor","Lyra","0,1","REPLACE","1","/portraits/lyra.webp","/portraits/cinematic/echoes/lyra-cutout-v1.webp?v=891202c8e","Integrated reviewed replacement: echoLyraCutout. See production.json for reference lock and production brief."
"echoes-9-lyra-victory:recovered-ground/page:1/A Clean Observation","src/data/echoes-of-war-scenes.ts:615","Lyra watches the Chronicle trace damage and recovery on the same line","background","","0","VARIANT","3","/scenes/story/echoes-lyra.webp","/scenes/story/cinematic/echoes/engine-conduit-shutdown-v1.webp","Integrated supported story-state variant: echoLyraShutdown. See production.json for reference lock and production brief."
"echoes-9-lyra-victory:recovered-ground/page:1/A Clean Observation","src/data/echoes-of-war-scenes.ts:615","Lyra watches the Chronicle trace damage and recovery on the same line","actor","Lyra","0","REPLACE","1","/portraits/lyra.webp","/portraits/cinematic/echoes/lyra-cutout-v1.webp?v=891202c8e","Integrated reviewed replacement: echoLyraCutout. See production.json for reference lock and production brief."
"echoes-9-lyra-victory:recovered-ground/page:2/The Admission","src/data/echoes-of-war-scenes.ts:405","The landing, Lyra looking at her scars without flinching","background","","0,1,2","VARIANT","3","/scenes/story/echoes-lyra.webp","/scenes/story/cinematic/echoes/engine-conduit-shutdown-v1.webp","Integrated supported story-state variant: echoLyraShutdown. See production.json for reference lock and production brief."
"echoes-9-lyra-victory:recovered-ground/page:2/The Admission","src/data/echoes-of-war-scenes.ts:405","The landing, Lyra looking at her scars without flinching","actor","Lyra","0,1,2","REPLACE","1","/portraits/lyra.webp","/portraits/cinematic/echoes/lyra-cutout-v1.webp?v=891202c8e","Integrated reviewed replacement: echoLyraCutout. See production.json for reference lock and production brief."
"echoes-9-lyra-victory:recovered-ground/page:3/For the Record","src/data/echoes-of-war-scenes.ts:409","The landing, the tools laid out in a neat row, waiting for no one","background","","0,1,2","VARIANT","3","/scenes/story/echoes-lyra.webp","/scenes/story/cinematic/echoes/engine-conduit-shutdown-v1.webp","Integrated supported story-state variant: echoLyraShutdown. See production.json for reference lock and production brief."
"echoes-9-lyra-victory:recovered-ground/page:3/For the Record","src/data/echoes-of-war-scenes.ts:409","The landing, the tools laid out in a neat row, waiting for no one","actor","Lyra","0,1,2","REPLACE","1","/portraits/lyra.webp","/portraits/cinematic/echoes/lyra-cutout-v1.webp?v=891202c8e","Integrated reviewed replacement: echoLyraCutout. See production.json for reference lock and production brief."
"echoes-9-lyra-victory:rebuilt-line/page:0/Shutdown","src/data/echoes-of-war-scenes.ts:402","The landing, the last live conduit finally dark","background","","0,1","VARIANT","3","/scenes/story/echoes-lyra.webp","/scenes/story/cinematic/echoes/engine-conduit-shutdown-v1.webp","Integrated supported story-state variant: echoLyraShutdown. See production.json for reference lock and production brief."
"echoes-9-lyra-victory:rebuilt-line/page:0/Shutdown","src/data/echoes-of-war-scenes.ts:402","The landing, the last live conduit finally dark","actor","Lyra","0,1","REPLACE","1","/portraits/lyra.webp","/portraits/cinematic/echoes/lyra-cutout-v1.webp?v=891202c8e","Integrated reviewed replacement: echoLyraCutout. See production.json for reference lock and production brief."
"echoes-9-lyra-victory:rebuilt-line/page:1/A Clean Observation","src/data/echoes-of-war-scenes.ts:615","Lyra watches a destroyed card followed by a new summon in the Chronicle","background","","0","VARIANT","3","/scenes/story/echoes-lyra.webp","/scenes/story/cinematic/echoes/engine-conduit-shutdown-v1.webp","Integrated supported story-state variant: echoLyraShutdown. See production.json for reference lock and production brief."
"echoes-9-lyra-victory:rebuilt-line/page:1/A Clean Observation","src/data/echoes-of-war-scenes.ts:615","Lyra watches a destroyed card followed by a new summon in the Chronicle","actor","Lyra","0","REPLACE","1","/portraits/lyra.webp","/portraits/cinematic/echoes/lyra-cutout-v1.webp?v=891202c8e","Integrated reviewed replacement: echoLyraCutout. See production.json for reference lock and production brief."
"echoes-9-lyra-victory:rebuilt-line/page:2/The Admission","src/data/echoes-of-war-scenes.ts:405","The landing, Lyra looking at her scars without flinching","background","","0,1,2","VARIANT","3","/scenes/story/echoes-lyra.webp","/scenes/story/cinematic/echoes/engine-conduit-shutdown-v1.webp","Integrated supported story-state variant: echoLyraShutdown. See production.json for reference lock and production brief."
"echoes-9-lyra-victory:rebuilt-line/page:2/The Admission","src/data/echoes-of-war-scenes.ts:405","The landing, Lyra looking at her scars without flinching","actor","Lyra","0,1,2","REPLACE","1","/portraits/lyra.webp","/portraits/cinematic/echoes/lyra-cutout-v1.webp?v=891202c8e","Integrated reviewed replacement: echoLyraCutout. See production.json for reference lock and production brief."
"echoes-9-lyra-victory:rebuilt-line/page:3/For the Record","src/data/echoes-of-war-scenes.ts:409","The landing, the tools laid out in a neat row, waiting for no one","background","","0,1,2","VARIANT","3","/scenes/story/echoes-lyra.webp","/scenes/story/cinematic/echoes/engine-conduit-shutdown-v1.webp","Integrated supported story-state variant: echoLyraShutdown. See production.json for reference lock and production brief."
"echoes-9-lyra-victory:rebuilt-line/page:3/For the Record","src/data/echoes-of-war-scenes.ts:409","The landing, the tools laid out in a neat row, waiting for no one","actor","Lyra","0,1,2","REPLACE","1","/portraits/lyra.webp","/portraits/cinematic/echoes/lyra-cutout-v1.webp?v=891202c8e","Integrated reviewed replacement: echoLyraCutout. See production.json for reference lock and production brief."
"echoes-9-lyra-victory:unrecorded/page:0/Shutdown","src/data/echoes-of-war-scenes.ts:402","The landing, the last live conduit finally dark","background","","0,1","VARIANT","3","/scenes/story/echoes-lyra.webp","/scenes/story/cinematic/echoes/engine-conduit-shutdown-v1.webp","Integrated supported story-state variant: echoLyraShutdown. See production.json for reference lock and production brief."
"echoes-9-lyra-victory:unrecorded/page:0/Shutdown","src/data/echoes-of-war-scenes.ts:402","The landing, the last live conduit finally dark","actor","Lyra","0,1","REPLACE","1","/portraits/lyra.webp","/portraits/cinematic/echoes/lyra-cutout-v1.webp?v=891202c8e","Integrated reviewed replacement: echoLyraCutout. See production.json for reference lock and production brief."
"echoes-9-lyra-victory:unrecorded/page:1/A Clean Observation","src/data/echoes-of-war-scenes.ts:615","Lyra watches the completed match resolve into a quiet page","background","","0","VARIANT","3","/scenes/story/echoes-lyra.webp","/scenes/story/cinematic/echoes/engine-conduit-shutdown-v1.webp","Integrated supported story-state variant: echoLyraShutdown. See production.json for reference lock and production brief."
"echoes-9-lyra-victory:unrecorded/page:1/A Clean Observation","src/data/echoes-of-war-scenes.ts:615","Lyra watches the completed match resolve into a quiet page","actor","Lyra","0","REPLACE","1","/portraits/lyra.webp","/portraits/cinematic/echoes/lyra-cutout-v1.webp?v=891202c8e","Integrated reviewed replacement: echoLyraCutout. See production.json for reference lock and production brief."
"echoes-9-lyra-victory:unrecorded/page:2/The Admission","src/data/echoes-of-war-scenes.ts:405","The landing, Lyra looking at her scars without flinching","background","","0,1,2","VARIANT","3","/scenes/story/echoes-lyra.webp","/scenes/story/cinematic/echoes/engine-conduit-shutdown-v1.webp","Integrated supported story-state variant: echoLyraShutdown. See production.json for reference lock and production brief."
"echoes-9-lyra-victory:unrecorded/page:2/The Admission","src/data/echoes-of-war-scenes.ts:405","The landing, Lyra looking at her scars without flinching","actor","Lyra","0,1,2","REPLACE","1","/portraits/lyra.webp","/portraits/cinematic/echoes/lyra-cutout-v1.webp?v=891202c8e","Integrated reviewed replacement: echoLyraCutout. See production.json for reference lock and production brief."
"echoes-9-lyra-victory:unrecorded/page:3/For the Record","src/data/echoes-of-war-scenes.ts:409","The landing, the tools laid out in a neat row, waiting for no one","background","","0,1,2","VARIANT","3","/scenes/story/echoes-lyra.webp","/scenes/story/cinematic/echoes/engine-conduit-shutdown-v1.webp","Integrated supported story-state variant: echoLyraShutdown. See production.json for reference lock and production brief."
"echoes-9-lyra-victory:unrecorded/page:3/For the Record","src/data/echoes-of-war-scenes.ts:409","The landing, the tools laid out in a neat row, waiting for no one","actor","Lyra","0,1,2","REPLACE","1","/portraits/lyra.webp","/portraits/cinematic/echoes/lyra-cutout-v1.webp?v=891202c8e","Integrated reviewed replacement: echoLyraCutout. See production.json for reference lock and production brief."
"echoes-10-halden-pre/page:0/The Council Floor","src/data/echoes-of-war-scenes.ts:422","The tower's high chamber, a long table set for a full council, one grey man seated alone at its head","background","","0,1,2","KEEP","5","/scenes/story/echoes-halden.webp","/scenes/story/echoes-halden.webp","Retain reviewed accurate artwork."
"echoes-10-halden-pre/page:0/The Council Floor","src/data/echoes-of-war-scenes.ts:422","The tower's high chamber, a long table set for a full council, one grey man seated alone at its head","actor","Halden","0,1,2","REPLACE","1","/portraits/halden.webp","/portraits/cinematic/echoes/halden-cutout-v1.webp?v=891202c8e","Integrated reviewed replacement: echoHaldenCutout. See production.json for reference lock and production brief."
"echoes-10-halden-pre/page:1/What I Knew","src/data/echoes-of-war-scenes.ts:426","The chamber, the empty council chairs ranked down the table","background","","0,1,2","KEEP","5","/scenes/story/echoes-halden.webp","/scenes/story/echoes-halden.webp","Retain reviewed accurate artwork."
"echoes-10-halden-pre/page:1/What I Knew","src/data/echoes-of-war-scenes.ts:426","The chamber, the empty council chairs ranked down the table","actor","Halden","0,1,2","REPLACE","1","/portraits/halden.webp","/portraits/cinematic/echoes/halden-cutout-v1.webp?v=891202c8e","Integrated reviewed replacement: echoHaldenCutout. See production.json for reference lock and production brief."
"echoes-10-halden-pre/page:2/The Ledger","src/data/echoes-of-war-scenes.ts:430","The chamber, Halden turning a single page as if it weighs a great deal","background","","0,1,2","KEEP","5","/scenes/story/echoes-halden.webp","/scenes/story/echoes-halden.webp","Retain reviewed accurate artwork."
"echoes-10-halden-pre/page:2/The Ledger","src/data/echoes-of-war-scenes.ts:430","The chamber, Halden turning a single page as if it weighs a great deal","actor","Halden","0,1,2","REPLACE","1","/portraits/halden.webp","/portraits/cinematic/echoes/halden-cutout-v1.webp?v=891202c8e","Integrated reviewed replacement: echoHaldenCutout. See production.json for reference lock and production brief."
"echoes-10-halden-pre/page:3/The Machinery","src/data/echoes-of-war-scenes.ts:434","The chamber, the lamps burning steady while the city in the windows stands dark","background","","0,1,2","KEEP","5","/scenes/story/echoes-halden.webp","/scenes/story/echoes-halden.webp","Retain reviewed accurate artwork."
"echoes-10-halden-pre/page:3/The Machinery","src/data/echoes-of-war-scenes.ts:434","The chamber, the lamps burning steady while the city in the windows stands dark","actor","Halden","0,1,2","REPLACE","1","/portraits/halden.webp","/portraits/cinematic/echoes/halden-cutout-v1.webp?v=891202c8e","Integrated reviewed replacement: echoHaldenCutout. See production.json for reference lock and production brief."
"echoes-10-halden-pre/page:4/The Witness","src/data/echoes-of-war-scenes.ts:438","The chamber, Halden rising to deal with his own hands","background","","0,1,2","KEEP","5","/scenes/story/echoes-halden.webp","/scenes/story/echoes-halden.webp","Retain reviewed accurate artwork."
"echoes-10-halden-pre/page:4/The Witness","src/data/echoes-of-war-scenes.ts:438","The chamber, Halden rising to deal with his own hands","actor","Halden","0,1,2","REPLACE","1","/portraits/halden.webp","/portraits/cinematic/echoes/halden-cutout-v1.webp?v=891202c8e","Integrated reviewed replacement: echoHaldenCutout. See production.json for reference lock and production brief."
"echoes-10-halden-defeat/page:0/Another Day","src/data/echoes-of-war-scenes.ts:444","The chamber, Halden gathering the cards with terrible patience","background","","0,1","KEEP","5","/scenes/story/echoes-halden.webp","/scenes/story/echoes-halden.webp","Retain reviewed accurate artwork."
"echoes-10-halden-defeat/page:0/Another Day","src/data/echoes-of-war-scenes.ts:444","The chamber, Halden gathering the cards with terrible patience","actor","Halden","0,1","REPLACE","1","/portraits/halden.webp","/portraits/cinematic/echoes/halden-cutout-v1.webp?v=891202c8e","Integrated reviewed replacement: echoHaldenCutout. See production.json for reference lock and production brief."
"echoes-10-halden-victory/page:0/Adjourned","src/data/echoes-of-war-scenes.ts:362","The chamber, the final card face up, the lamps steady","background","","0,1","KEEP","5","/scenes/story/echoes-halden.webp","/scenes/story/echoes-halden.webp","Retain reviewed accurate artwork."
"echoes-10-halden-victory/page:0/Adjourned","src/data/echoes-of-war-scenes.ts:362","The chamber, the final card face up, the lamps steady","actor","Halden","0,1","REPLACE","1","/portraits/halden.webp","/portraits/cinematic/echoes/halden-cutout-v1.webp?v=891202c8e","Integrated reviewed replacement: echoHaldenCutout. See production.json for reference lock and production brief."
"echoes-10-halden-victory/page:1/The Truth of It","src/data/echoes-of-war-scenes.ts:452","The chamber, Halden seated back in the head chair, smaller in it now","background","","0,1,2","KEEP","5","/scenes/story/echoes-halden.webp","/scenes/story/echoes-halden.webp","Retain reviewed accurate artwork."
"echoes-10-halden-victory/page:1/The Truth of It","src/data/echoes-of-war-scenes.ts:452","The chamber, Halden seated back in the head chair, smaller in it now","actor","Halden","0,1,2","REPLACE","1","/portraits/halden.webp","/portraits/cinematic/echoes/halden-cutout-v1.webp?v=891202c8e","Integrated reviewed replacement: echoHaldenCutout. See production.json for reference lock and production brief."
"echoes-10-halden-victory/page:2/The Verdict","src/data/echoes-of-war-scenes.ts:456","The chamber, the windows full of a city that stopped","background","","0,1,2","KEEP","5","/scenes/story/echoes-halden.webp","/scenes/story/echoes-halden.webp","Retain reviewed accurate artwork."
"echoes-10-halden-victory/page:2/The Verdict","src/data/echoes-of-war-scenes.ts:456","The chamber, the windows full of a city that stopped","actor","Halden","0,1,2","REPLACE","1","/portraits/halden.webp","/portraits/cinematic/echoes/halden-cutout-v1.webp?v=891202c8e","Integrated reviewed replacement: echoHaldenCutout. See production.json for reference lock and production brief."
"echoes-10-halden-victory/page:3/The Record Closes","src/data/echoes-of-war-scenes.ts:460","The chamber, Halden looking down the long table at the empty chairs","background","","0,1","KEEP","5","/scenes/story/echoes-halden.webp","/scenes/story/echoes-halden.webp","Retain reviewed accurate artwork."
"echoes-10-halden-victory/page:3/The Record Closes","src/data/echoes-of-war-scenes.ts:460","The chamber, Halden looking down the long table at the empty chairs","actor","Narrator","0,1","REMAP","1","/portraits/halden.webp","","Suppress the unrelated narrator/absent-actor portrait; preserve explicit creator art."
"echoes-10-halden-victory/page:4/Adjournment","src/data/echoes-of-war-scenes.ts:186","The chamber, quiet","background","","0,1","KEEP","5","/scenes/story/echoes-halden.webp","/scenes/story/echoes-halden.webp","Retain reviewed accurate artwork."
"echoes-10-halden-victory/page:4/Adjournment","src/data/echoes-of-war-scenes.ts:186","The chamber, quiet","actor","Halden","0,1","REPLACE","1","/portraits/halden.webp","/portraits/cinematic/echoes/halden-cutout-v1.webp?v=891202c8e","Integrated reviewed replacement: echoHaldenCutout. See production.json for reference lock and production brief."
"echoes-10-halden-rematch/page:0/Replay the Memory","src/data/echoes-of-war-scenes.ts:62","The chamber, the head chair occupied by lamplight","background","","0,1","KEEP","5","/scenes/story/echoes-halden.webp","/scenes/story/echoes-halden.webp","Retain reviewed accurate artwork."
"echoes-10-halden-rematch/page:0/Replay the Memory","src/data/echoes-of-war-scenes.ts:62","The chamber, the head chair occupied by lamplight","actor","Halden","0,1","REMAP","1","/portraits/halden.webp","","Suppress the unrelated narrator/absent-actor portrait; preserve explicit creator art."
"echoes-10-halden-victory:denied-attack/page:0/Adjourned","src/data/echoes-of-war-scenes.ts:362","The chamber, the final card face up, the lamps steady","background","","0,1","KEEP","5","/scenes/story/echoes-halden.webp","/scenes/story/echoes-halden.webp","Retain reviewed accurate artwork."
"echoes-10-halden-victory:denied-attack/page:0/Adjourned","src/data/echoes-of-war-scenes.ts:362","The chamber, the final card face up, the lamps steady","actor","Halden","0,1","REPLACE","1","/portraits/halden.webp","/portraits/cinematic/echoes/halden-cutout-v1.webp?v=891202c8e","Integrated reviewed replacement: echoHaldenCutout. See production.json for reference lock and production brief."
"echoes-10-halden-victory:denied-attack/page:1/Entered into Session","src/data/echoes-of-war-scenes.ts:641","Halden watches the Chronicle preserve a denied attack","background","","0","KEEP","5","/scenes/story/echoes-halden.webp","/scenes/story/echoes-halden.webp","Retain reviewed accurate artwork."
"echoes-10-halden-victory:denied-attack/page:1/Entered into Session","src/data/echoes-of-war-scenes.ts:641","Halden watches the Chronicle preserve a denied attack","actor","Halden","0","REPLACE","1","/portraits/halden.webp","/portraits/cinematic/echoes/halden-cutout-v1.webp?v=891202c8e","Integrated reviewed replacement: echoHaldenCutout. See production.json for reference lock and production brief."
"echoes-10-halden-victory:denied-attack/page:2/The Truth of It","src/data/echoes-of-war-scenes.ts:452","The chamber, Halden seated back in the head chair, smaller in it now","background","","0,1,2","KEEP","5","/scenes/story/echoes-halden.webp","/scenes/story/echoes-halden.webp","Retain reviewed accurate artwork."
"echoes-10-halden-victory:denied-attack/page:2/The Truth of It","src/data/echoes-of-war-scenes.ts:452","The chamber, Halden seated back in the head chair, smaller in it now","actor","Halden","0,1,2","REPLACE","1","/portraits/halden.webp","/portraits/cinematic/echoes/halden-cutout-v1.webp?v=891202c8e","Integrated reviewed replacement: echoHaldenCutout. See production.json for reference lock and production brief."
"echoes-10-halden-victory:denied-attack/page:3/The Verdict","src/data/echoes-of-war-scenes.ts:456","The chamber, the windows full of a city that stopped","background","","0,1,2","KEEP","5","/scenes/story/echoes-halden.webp","/scenes/story/echoes-halden.webp","Retain reviewed accurate artwork."
"echoes-10-halden-victory:denied-attack/page:3/The Verdict","src/data/echoes-of-war-scenes.ts:456","The chamber, the windows full of a city that stopped","actor","Halden","0,1,2","REPLACE","1","/portraits/halden.webp","/portraits/cinematic/echoes/halden-cutout-v1.webp?v=891202c8e","Integrated reviewed replacement: echoHaldenCutout. See production.json for reference lock and production brief."
"echoes-10-halden-victory:denied-attack/page:4/The Record Closes","src/data/echoes-of-war-scenes.ts:460","The chamber, Halden looking down the long table at the empty chairs","background","","0,1","KEEP","5","/scenes/story/echoes-halden.webp","/scenes/story/echoes-halden.webp","Retain reviewed accurate artwork."
"echoes-10-halden-victory:denied-attack/page:4/The Record Closes","src/data/echoes-of-war-scenes.ts:460","The chamber, Halden looking down the long table at the empty chairs","actor","Narrator","0,1","REMAP","1","/portraits/halden.webp","","Suppress the unrelated narrator/absent-actor portrait; preserve explicit creator art."
"echoes-10-halden-victory:denied-attack/page:5/Adjournment","src/data/echoes-of-war-scenes.ts:186","The chamber, quiet","background","","0,1","KEEP","5","/scenes/story/echoes-halden.webp","/scenes/story/echoes-halden.webp","Retain reviewed accurate artwork."
"echoes-10-halden-victory:denied-attack/page:5/Adjournment","src/data/echoes-of-war-scenes.ts:186","The chamber, quiet","actor","Halden","0,1","REPLACE","1","/portraits/halden.webp","/portraits/cinematic/echoes/halden-cutout-v1.webp?v=891202c8e","Integrated reviewed replacement: echoHaldenCutout. See production.json for reference lock and production brief."
"echoes-10-halden-victory:recovered-ground/page:0/Adjourned","src/data/echoes-of-war-scenes.ts:362","The chamber, the final card face up, the lamps steady","background","","0,1","KEEP","5","/scenes/story/echoes-halden.webp","/scenes/story/echoes-halden.webp","Retain reviewed accurate artwork."
"echoes-10-halden-victory:recovered-ground/page:0/Adjourned","src/data/echoes-of-war-scenes.ts:362","The chamber, the final card face up, the lamps steady","actor","Halden","0,1","REPLACE","1","/portraits/halden.webp","/portraits/cinematic/echoes/halden-cutout-v1.webp?v=891202c8e","Integrated reviewed replacement: echoHaldenCutout. See production.json for reference lock and production brief."
"echoes-10-halden-victory:recovered-ground/page:1/Entered into Session","src/data/echoes-of-war-scenes.ts:641","Halden watches damage and recovery settle into the Chronicle","background","","0","KEEP","5","/scenes/story/echoes-halden.webp","/scenes/story/echoes-halden.webp","Retain reviewed accurate artwork."
"echoes-10-halden-victory:recovered-ground/page:1/Entered into Session","src/data/echoes-of-war-scenes.ts:641","Halden watches damage and recovery settle into the Chronicle","actor","Halden","0","REPLACE","1","/portraits/halden.webp","/portraits/cinematic/echoes/halden-cutout-v1.webp?v=891202c8e","Integrated reviewed replacement: echoHaldenCutout. See production.json for reference lock and production brief."
"echoes-10-halden-victory:recovered-ground/page:2/The Truth of It","src/data/echoes-of-war-scenes.ts:452","The chamber, Halden seated back in the head chair, smaller in it now","background","","0,1,2","KEEP","5","/scenes/story/echoes-halden.webp","/scenes/story/echoes-halden.webp","Retain reviewed accurate artwork."
"echoes-10-halden-victory:recovered-ground/page:2/The Truth of It","src/data/echoes-of-war-scenes.ts:452","The chamber, Halden seated back in the head chair, smaller in it now","actor","Halden","0,1,2","REPLACE","1","/portraits/halden.webp","/portraits/cinematic/echoes/halden-cutout-v1.webp?v=891202c8e","Integrated reviewed replacement: echoHaldenCutout. See production.json for reference lock and production brief."
"echoes-10-halden-victory:recovered-ground/page:3/The Verdict","src/data/echoes-of-war-scenes.ts:456","The chamber, the windows full of a city that stopped","background","","0,1,2","KEEP","5","/scenes/story/echoes-halden.webp","/scenes/story/echoes-halden.webp","Retain reviewed accurate artwork."
"echoes-10-halden-victory:recovered-ground/page:3/The Verdict","src/data/echoes-of-war-scenes.ts:456","The chamber, the windows full of a city that stopped","actor","Halden","0,1,2","REPLACE","1","/portraits/halden.webp","/portraits/cinematic/echoes/halden-cutout-v1.webp?v=891202c8e","Integrated reviewed replacement: echoHaldenCutout. See production.json for reference lock and production brief."
"echoes-10-halden-victory:recovered-ground/page:4/The Record Closes","src/data/echoes-of-war-scenes.ts:460","The chamber, Halden looking down the long table at the empty chairs","background","","0,1","KEEP","5","/scenes/story/echoes-halden.webp","/scenes/story/echoes-halden.webp","Retain reviewed accurate artwork."
"echoes-10-halden-victory:recovered-ground/page:4/The Record Closes","src/data/echoes-of-war-scenes.ts:460","The chamber, Halden looking down the long table at the empty chairs","actor","Narrator","0,1","REMAP","1","/portraits/halden.webp","","Suppress the unrelated narrator/absent-actor portrait; preserve explicit creator art."
"echoes-10-halden-victory:recovered-ground/page:5/Adjournment","src/data/echoes-of-war-scenes.ts:186","The chamber, quiet","background","","0,1","KEEP","5","/scenes/story/echoes-halden.webp","/scenes/story/echoes-halden.webp","Retain reviewed accurate artwork."
"echoes-10-halden-victory:recovered-ground/page:5/Adjournment","src/data/echoes-of-war-scenes.ts:186","The chamber, quiet","actor","Halden","0,1","REPLACE","1","/portraits/halden.webp","/portraits/cinematic/echoes/halden-cutout-v1.webp?v=891202c8e","Integrated reviewed replacement: echoHaldenCutout. See production.json for reference lock and production brief."
"echoes-10-halden-victory:rebuilt-line/page:0/Adjourned","src/data/echoes-of-war-scenes.ts:362","The chamber, the final card face up, the lamps steady","background","","0,1","KEEP","5","/scenes/story/echoes-halden.webp","/scenes/story/echoes-halden.webp","Retain reviewed accurate artwork."
"echoes-10-halden-victory:rebuilt-line/page:0/Adjourned","src/data/echoes-of-war-scenes.ts:362","The chamber, the final card face up, the lamps steady","actor","Halden","0,1","REPLACE","1","/portraits/halden.webp","/portraits/cinematic/echoes/halden-cutout-v1.webp?v=891202c8e","Integrated reviewed replacement: echoHaldenCutout. See production.json for reference lock and production brief."
"echoes-10-halden-victory:rebuilt-line/page:1/Entered into Session","src/data/echoes-of-war-scenes.ts:641","Halden watches a new summon take a lost card's place","background","","0","KEEP","5","/scenes/story/echoes-halden.webp","/scenes/story/echoes-halden.webp","Retain reviewed accurate artwork."
"echoes-10-halden-victory:rebuilt-line/page:1/Entered into Session","src/data/echoes-of-war-scenes.ts:641","Halden watches a new summon take a lost card's place","actor","Halden","0","REPLACE","1","/portraits/halden.webp","/portraits/cinematic/echoes/halden-cutout-v1.webp?v=891202c8e","Integrated reviewed replacement: echoHaldenCutout. See production.json for reference lock and production brief."
"echoes-10-halden-victory:rebuilt-line/page:2/The Truth of It","src/data/echoes-of-war-scenes.ts:452","The chamber, Halden seated back in the head chair, smaller in it now","background","","0,1,2","KEEP","5","/scenes/story/echoes-halden.webp","/scenes/story/echoes-halden.webp","Retain reviewed accurate artwork."
"echoes-10-halden-victory:rebuilt-line/page:2/The Truth of It","src/data/echoes-of-war-scenes.ts:452","The chamber, Halden seated back in the head chair, smaller in it now","actor","Halden","0,1,2","REPLACE","1","/portraits/halden.webp","/portraits/cinematic/echoes/halden-cutout-v1.webp?v=891202c8e","Integrated reviewed replacement: echoHaldenCutout. See production.json for reference lock and production brief."
"echoes-10-halden-victory:rebuilt-line/page:3/The Verdict","src/data/echoes-of-war-scenes.ts:456","The chamber, the windows full of a city that stopped","background","","0,1,2","KEEP","5","/scenes/story/echoes-halden.webp","/scenes/story/echoes-halden.webp","Retain reviewed accurate artwork."
"echoes-10-halden-victory:rebuilt-line/page:3/The Verdict","src/data/echoes-of-war-scenes.ts:456","The chamber, the windows full of a city that stopped","actor","Halden","0,1,2","REPLACE","1","/portraits/halden.webp","/portraits/cinematic/echoes/halden-cutout-v1.webp?v=891202c8e","Integrated reviewed replacement: echoHaldenCutout. See production.json for reference lock and production brief."
"echoes-10-halden-victory:rebuilt-line/page:4/The Record Closes","src/data/echoes-of-war-scenes.ts:460","The chamber, Halden looking down the long table at the empty chairs","background","","0,1","KEEP","5","/scenes/story/echoes-halden.webp","/scenes/story/echoes-halden.webp","Retain reviewed accurate artwork."
"echoes-10-halden-victory:rebuilt-line/page:4/The Record Closes","src/data/echoes-of-war-scenes.ts:460","The chamber, Halden looking down the long table at the empty chairs","actor","Narrator","0,1","REMAP","1","/portraits/halden.webp","","Suppress the unrelated narrator/absent-actor portrait; preserve explicit creator art."
"echoes-10-halden-victory:rebuilt-line/page:5/Adjournment","src/data/echoes-of-war-scenes.ts:186","The chamber, quiet","background","","0,1","KEEP","5","/scenes/story/echoes-halden.webp","/scenes/story/echoes-halden.webp","Retain reviewed accurate artwork."
"echoes-10-halden-victory:rebuilt-line/page:5/Adjournment","src/data/echoes-of-war-scenes.ts:186","The chamber, quiet","actor","Halden","0,1","REPLACE","1","/portraits/halden.webp","/portraits/cinematic/echoes/halden-cutout-v1.webp?v=891202c8e","Integrated reviewed replacement: echoHaldenCutout. See production.json for reference lock and production brief."
"echoes-10-halden-victory:unrecorded/page:0/Adjourned","src/data/echoes-of-war-scenes.ts:362","The chamber, the final card face up, the lamps steady","background","","0,1","KEEP","5","/scenes/story/echoes-halden.webp","/scenes/story/echoes-halden.webp","Retain reviewed accurate artwork."
"echoes-10-halden-victory:unrecorded/page:0/Adjourned","src/data/echoes-of-war-scenes.ts:362","The chamber, the final card face up, the lamps steady","actor","Halden","0,1","REPLACE","1","/portraits/halden.webp","/portraits/cinematic/echoes/halden-cutout-v1.webp?v=891202c8e","Integrated reviewed replacement: echoHaldenCutout. See production.json for reference lock and production brief."
"echoes-10-halden-victory:unrecorded/page:1/Entered into Session","src/data/echoes-of-war-scenes.ts:641","Halden watches the Chronicle close around the finished match","background","","0","KEEP","5","/scenes/story/echoes-halden.webp","/scenes/story/echoes-halden.webp","Retain reviewed accurate artwork."
"echoes-10-halden-victory:unrecorded/page:1/Entered into Session","src/data/echoes-of-war-scenes.ts:641","Halden watches the Chronicle close around the finished match","actor","Halden","0","REPLACE","1","/portraits/halden.webp","/portraits/cinematic/echoes/halden-cutout-v1.webp?v=891202c8e","Integrated reviewed replacement: echoHaldenCutout. See production.json for reference lock and production brief."
"echoes-10-halden-victory:unrecorded/page:2/The Truth of It","src/data/echoes-of-war-scenes.ts:452","The chamber, Halden seated back in the head chair, smaller in it now","background","","0,1,2","KEEP","5","/scenes/story/echoes-halden.webp","/scenes/story/echoes-halden.webp","Retain reviewed accurate artwork."
"echoes-10-halden-victory:unrecorded/page:2/The Truth of It","src/data/echoes-of-war-scenes.ts:452","The chamber, Halden seated back in the head chair, smaller in it now","actor","Halden","0,1,2","REPLACE","1","/portraits/halden.webp","/portraits/cinematic/echoes/halden-cutout-v1.webp?v=891202c8e","Integrated reviewed replacement: echoHaldenCutout. See production.json for reference lock and production brief."
"echoes-10-halden-victory:unrecorded/page:3/The Verdict","src/data/echoes-of-war-scenes.ts:456","The chamber, the windows full of a city that stopped","background","","0,1,2","KEEP","5","/scenes/story/echoes-halden.webp","/scenes/story/echoes-halden.webp","Retain reviewed accurate artwork."
"echoes-10-halden-victory:unrecorded/page:3/The Verdict","src/data/echoes-of-war-scenes.ts:456","The chamber, the windows full of a city that stopped","actor","Halden","0,1,2","REPLACE","1","/portraits/halden.webp","/portraits/cinematic/echoes/halden-cutout-v1.webp?v=891202c8e","Integrated reviewed replacement: echoHaldenCutout. See production.json for reference lock and production brief."
"echoes-10-halden-victory:unrecorded/page:4/The Record Closes","src/data/echoes-of-war-scenes.ts:460","The chamber, Halden looking down the long table at the empty chairs","background","","0,1","KEEP","5","/scenes/story/echoes-halden.webp","/scenes/story/echoes-halden.webp","Retain reviewed accurate artwork."
"echoes-10-halden-victory:unrecorded/page:4/The Record Closes","src/data/echoes-of-war-scenes.ts:460","The chamber, Halden looking down the long table at the empty chairs","actor","Narrator","0,1","REMAP","1","/portraits/halden.webp","","Suppress the unrelated narrator/absent-actor portrait; preserve explicit creator art."
"echoes-10-halden-victory:unrecorded/page:5/Adjournment","src/data/echoes-of-war-scenes.ts:186","The chamber, quiet","background","","0,1","KEEP","5","/scenes/story/echoes-halden.webp","/scenes/story/echoes-halden.webp","Retain reviewed accurate artwork."
"echoes-10-halden-victory:unrecorded/page:5/Adjournment","src/data/echoes-of-war-scenes.ts:186","The chamber, quiet","actor","Halden","0,1","REPLACE","1","/portraits/halden.webp","/portraits/cinematic/echoes/halden-cutout-v1.webp?v=891202c8e","Integrated reviewed replacement: echoHaldenCutout. See production.json for reference lock and production brief."
"echoes-10-halden-victory:warnings-first/page:0/Adjourned","src/data/echoes-of-war-scenes.ts:362","The chamber, the final card face up, the lamps steady","background","","0,1","KEEP","5","/scenes/story/echoes-halden.webp","/scenes/story/echoes-halden.webp","Retain reviewed accurate artwork."
"echoes-10-halden-victory:warnings-first/page:0/Adjourned","src/data/echoes-of-war-scenes.ts:362","The chamber, the final card face up, the lamps steady","actor","Halden","0,1","REPLACE","1","/portraits/halden.webp","/portraits/cinematic/echoes/halden-cutout-v1.webp?v=891202c8e","Integrated reviewed replacement: echoHaldenCutout. See production.json for reference lock and production brief."
"echoes-10-halden-victory:warnings-first/page:1/Entered into Session","src/data/echoes-of-war-scenes.ts:641","Halden watches the Chronicle close around the finished match","background","","0","KEEP","5","/scenes/story/echoes-halden.webp","/scenes/story/echoes-halden.webp","Retain reviewed accurate artwork."
"echoes-10-halden-victory:warnings-first/page:1/Entered into Session","src/data/echoes-of-war-scenes.ts:641","Halden watches the Chronicle close around the finished match","actor","Halden","0","REPLACE","1","/portraits/halden.webp","/portraits/cinematic/echoes/halden-cutout-v1.webp?v=891202c8e","Integrated reviewed replacement: echoHaldenCutout. See production.json for reference lock and production brief."
"echoes-10-halden-victory:warnings-first/page:2/The Truth of It","src/data/echoes-of-war-scenes.ts:452","The chamber, Halden seated back in the head chair, smaller in it now","background","","0,1,2","KEEP","5","/scenes/story/echoes-halden.webp","/scenes/story/echoes-halden.webp","Retain reviewed accurate artwork."
"echoes-10-halden-victory:warnings-first/page:2/The Truth of It","src/data/echoes-of-war-scenes.ts:452","The chamber, Halden seated back in the head chair, smaller in it now","actor","Halden","0,1,2","REPLACE","1","/portraits/halden.webp","/portraits/cinematic/echoes/halden-cutout-v1.webp?v=891202c8e","Integrated reviewed replacement: echoHaldenCutout. See production.json for reference lock and production brief."
"echoes-10-halden-victory:warnings-first/page:3/The Verdict","src/data/echoes-of-war-scenes.ts:456","The chamber, the windows full of a city that stopped","background","","0,1,2","KEEP","5","/scenes/story/echoes-halden.webp","/scenes/story/echoes-halden.webp","Retain reviewed accurate artwork."
"echoes-10-halden-victory:warnings-first/page:3/The Verdict","src/data/echoes-of-war-scenes.ts:456","The chamber, the windows full of a city that stopped","actor","Halden","0,1,2","REPLACE","1","/portraits/halden.webp","/portraits/cinematic/echoes/halden-cutout-v1.webp?v=891202c8e","Integrated reviewed replacement: echoHaldenCutout. See production.json for reference lock and production brief."
"echoes-10-halden-victory:warnings-first/page:4/The Record You Brought","src/data/echoes-of-war-scenes.ts:1","The council chamber, three earlier entries open between Halden and the witness","background","","0","KEEP","5","/scenes/story/echoes-halden.webp","/scenes/story/echoes-halden.webp","Retain reviewed accurate artwork."
"echoes-10-halden-victory:warnings-first/page:4/The Record You Brought","src/data/echoes-of-war-scenes.ts:1","The council chamber, three earlier entries open between Halden and the witness","actor","Halden","0","REPLACE","1","/portraits/halden.webp","/portraits/cinematic/echoes/halden-cutout-v1.webp?v=891202c8e","Integrated reviewed replacement: echoHaldenCutout. See production.json for reference lock and production brief."
"echoes-10-halden-victory:warnings-first/page:5/The Record Closes","src/data/echoes-of-war-scenes.ts:460","The chamber, Halden looking down the long table at the empty chairs","background","","0,1","KEEP","5","/scenes/story/echoes-halden.webp","/scenes/story/echoes-halden.webp","Retain reviewed accurate artwork."
"echoes-10-halden-victory:warnings-first/page:5/The Record Closes","src/data/echoes-of-war-scenes.ts:460","The chamber, Halden looking down the long table at the empty chairs","actor","Narrator","0,1","REMAP","1","/portraits/halden.webp","","Suppress the unrelated narrator/absent-actor portrait; preserve explicit creator art."
"echoes-10-halden-victory:warnings-first/page:6/Adjournment","src/data/echoes-of-war-scenes.ts:186","The chamber, quiet","background","","0,1","KEEP","5","/scenes/story/echoes-halden.webp","/scenes/story/echoes-halden.webp","Retain reviewed accurate artwork."
"echoes-10-halden-victory:warnings-first/page:6/Adjournment","src/data/echoes-of-war-scenes.ts:186","The chamber, quiet","actor","Halden","0,1","REPLACE","1","/portraits/halden.webp","/portraits/cinematic/echoes/halden-cutout-v1.webp?v=891202c8e","Integrated reviewed replacement: echoHaldenCutout. See production.json for reference lock and production brief."
"echoes-10-halden-victory:names-first/page:0/Adjourned","src/data/echoes-of-war-scenes.ts:362","The chamber, the final card face up, the lamps steady","background","","0,1","KEEP","5","/scenes/story/echoes-halden.webp","/scenes/story/echoes-halden.webp","Retain reviewed accurate artwork."
"echoes-10-halden-victory:names-first/page:0/Adjourned","src/data/echoes-of-war-scenes.ts:362","The chamber, the final card face up, the lamps steady","actor","Halden","0,1","REPLACE","1","/portraits/halden.webp","/portraits/cinematic/echoes/halden-cutout-v1.webp?v=891202c8e","Integrated reviewed replacement: echoHaldenCutout. See production.json for reference lock and production brief."
"echoes-10-halden-victory:names-first/page:1/Entered into Session","src/data/echoes-of-war-scenes.ts:641","Halden watches the Chronicle close around the finished match","background","","0","KEEP","5","/scenes/story/echoes-halden.webp","/scenes/story/echoes-halden.webp","Retain reviewed accurate artwork."
"echoes-10-halden-victory:names-first/page:1/Entered into Session","src/data/echoes-of-war-scenes.ts:641","Halden watches the Chronicle close around the finished match","actor","Halden","0","REPLACE","1","/portraits/halden.webp","/portraits/cinematic/echoes/halden-cutout-v1.webp?v=891202c8e","Integrated reviewed replacement: echoHaldenCutout. See production.json for reference lock and production brief."
"echoes-10-halden-victory:names-first/page:2/The Truth of It","src/data/echoes-of-war-scenes.ts:452","The chamber, Halden seated back in the head chair, smaller in it now","background","","0,1,2","KEEP","5","/scenes/story/echoes-halden.webp","/scenes/story/echoes-halden.webp","Retain reviewed accurate artwork."
"echoes-10-halden-victory:names-first/page:2/The Truth of It","src/data/echoes-of-war-scenes.ts:452","The chamber, Halden seated back in the head chair, smaller in it now","actor","Halden","0,1,2","REPLACE","1","/portraits/halden.webp","/portraits/cinematic/echoes/halden-cutout-v1.webp?v=891202c8e","Integrated reviewed replacement: echoHaldenCutout. See production.json for reference lock and production brief."
"echoes-10-halden-victory:names-first/page:3/The Verdict","src/data/echoes-of-war-scenes.ts:456","The chamber, the windows full of a city that stopped","background","","0,1,2","KEEP","5","/scenes/story/echoes-halden.webp","/scenes/story/echoes-halden.webp","Retain reviewed accurate artwork."
"echoes-10-halden-victory:names-first/page:3/The Verdict","src/data/echoes-of-war-scenes.ts:456","The chamber, the windows full of a city that stopped","actor","Halden","0,1,2","REPLACE","1","/portraits/halden.webp","/portraits/cinematic/echoes/halden-cutout-v1.webp?v=891202c8e","Integrated reviewed replacement: echoHaldenCutout. See production.json for reference lock and production brief."
"echoes-10-halden-victory:names-first/page:4/The Record You Brought","src/data/echoes-of-war-scenes.ts:1","The council chamber, three earlier entries open between Halden and the witness","background","","0","KEEP","5","/scenes/story/echoes-halden.webp","/scenes/story/echoes-halden.webp","Retain reviewed accurate artwork."
"echoes-10-halden-victory:names-first/page:4/The Record You Brought","src/data/echoes-of-war-scenes.ts:1","The council chamber, three earlier entries open between Halden and the witness","actor","Halden","0","REPLACE","1","/portraits/halden.webp","/portraits/cinematic/echoes/halden-cutout-v1.webp?v=891202c8e","Integrated reviewed replacement: echoHaldenCutout. See production.json for reference lock and production brief."
"echoes-10-halden-victory:names-first/page:5/The Record Closes","src/data/echoes-of-war-scenes.ts:460","The chamber, Halden looking down the long table at the empty chairs","background","","0,1","KEEP","5","/scenes/story/echoes-halden.webp","/scenes/story/echoes-halden.webp","Retain reviewed accurate artwork."
"echoes-10-halden-victory:names-first/page:5/The Record Closes","src/data/echoes-of-war-scenes.ts:460","The chamber, Halden looking down the long table at the empty chairs","actor","Narrator","0,1","REMAP","1","/portraits/halden.webp","","Suppress the unrelated narrator/absent-actor portrait; preserve explicit creator art."
"echoes-10-halden-victory:names-first/page:6/Adjournment","src/data/echoes-of-war-scenes.ts:186","The chamber, quiet","background","","0,1","KEEP","5","/scenes/story/echoes-halden.webp","/scenes/story/echoes-halden.webp","Retain reviewed accurate artwork."
"echoes-10-halden-victory:names-first/page:6/Adjournment","src/data/echoes-of-war-scenes.ts:186","The chamber, quiet","actor","Halden","0,1","REPLACE","1","/portraits/halden.webp","/portraits/cinematic/echoes/halden-cutout-v1.webp?v=891202c8e","Integrated reviewed replacement: echoHaldenCutout. See production.json for reference lock and production brief."
"echoes-10-halden-victory:cause-open/page:0/Adjourned","src/data/echoes-of-war-scenes.ts:362","The chamber, the final card face up, the lamps steady","background","","0,1","KEEP","5","/scenes/story/echoes-halden.webp","/scenes/story/echoes-halden.webp","Retain reviewed accurate artwork."
"echoes-10-halden-victory:cause-open/page:0/Adjourned","src/data/echoes-of-war-scenes.ts:362","The chamber, the final card face up, the lamps steady","actor","Halden","0,1","REPLACE","1","/portraits/halden.webp","/portraits/cinematic/echoes/halden-cutout-v1.webp?v=891202c8e","Integrated reviewed replacement: echoHaldenCutout. See production.json for reference lock and production brief."
"echoes-10-halden-victory:cause-open/page:1/Entered into Session","src/data/echoes-of-war-scenes.ts:641","Halden watches the Chronicle close around the finished match","background","","0","KEEP","5","/scenes/story/echoes-halden.webp","/scenes/story/echoes-halden.webp","Retain reviewed accurate artwork."
"echoes-10-halden-victory:cause-open/page:1/Entered into Session","src/data/echoes-of-war-scenes.ts:641","Halden watches the Chronicle close around the finished match","actor","Halden","0","REPLACE","1","/portraits/halden.webp","/portraits/cinematic/echoes/halden-cutout-v1.webp?v=891202c8e","Integrated reviewed replacement: echoHaldenCutout. See production.json for reference lock and production brief."
"echoes-10-halden-victory:cause-open/page:2/The Truth of It","src/data/echoes-of-war-scenes.ts:452","The chamber, Halden seated back in the head chair, smaller in it now","background","","0,1,2","KEEP","5","/scenes/story/echoes-halden.webp","/scenes/story/echoes-halden.webp","Retain reviewed accurate artwork."
"echoes-10-halden-victory:cause-open/page:2/The Truth of It","src/data/echoes-of-war-scenes.ts:452","The chamber, Halden seated back in the head chair, smaller in it now","actor","Halden","0,1,2","REPLACE","1","/portraits/halden.webp","/portraits/cinematic/echoes/halden-cutout-v1.webp?v=891202c8e","Integrated reviewed replacement: echoHaldenCutout. See production.json for reference lock and production brief."
"echoes-10-halden-victory:cause-open/page:3/The Verdict","src/data/echoes-of-war-scenes.ts:456","The chamber, the windows full of a city that stopped","background","","0,1,2","KEEP","5","/scenes/story/echoes-halden.webp","/scenes/story/echoes-halden.webp","Retain reviewed accurate artwork."
"echoes-10-halden-victory:cause-open/page:3/The Verdict","src/data/echoes-of-war-scenes.ts:456","The chamber, the windows full of a city that stopped","actor","Halden","0,1,2","REPLACE","1","/portraits/halden.webp","/portraits/cinematic/echoes/halden-cutout-v1.webp?v=891202c8e","Integrated reviewed replacement: echoHaldenCutout. See production.json for reference lock and production brief."
"echoes-10-halden-victory:cause-open/page:4/The Record You Brought","src/data/echoes-of-war-scenes.ts:1","The council chamber, three earlier entries open between Halden and the witness","background","","0","KEEP","5","/scenes/story/echoes-halden.webp","/scenes/story/echoes-halden.webp","Retain reviewed accurate artwork."
"echoes-10-halden-victory:cause-open/page:4/The Record You Brought","src/data/echoes-of-war-scenes.ts:1","The council chamber, three earlier entries open between Halden and the witness","actor","Halden","0","REPLACE","1","/portraits/halden.webp","/portraits/cinematic/echoes/halden-cutout-v1.webp?v=891202c8e","Integrated reviewed replacement: echoHaldenCutout. See production.json for reference lock and production brief."
"echoes-10-halden-victory:cause-open/page:5/The Record Closes","src/data/echoes-of-war-scenes.ts:460","The chamber, Halden looking down the long table at the empty chairs","background","","0,1","KEEP","5","/scenes/story/echoes-halden.webp","/scenes/story/echoes-halden.webp","Retain reviewed accurate artwork."
"echoes-10-halden-victory:cause-open/page:5/The Record Closes","src/data/echoes-of-war-scenes.ts:460","The chamber, Halden looking down the long table at the empty chairs","actor","Narrator","0,1","REMAP","1","/portraits/halden.webp","","Suppress the unrelated narrator/absent-actor portrait; preserve explicit creator art."
"echoes-10-halden-victory:cause-open/page:6/Adjournment","src/data/echoes-of-war-scenes.ts:186","The chamber, quiet","background","","0,1","KEEP","5","/scenes/story/echoes-halden.webp","/scenes/story/echoes-halden.webp","Retain reviewed accurate artwork."
"echoes-10-halden-victory:cause-open/page:6/Adjournment","src/data/echoes-of-war-scenes.ts:186","The chamber, quiet","actor","Halden","0,1","REPLACE","1","/portraits/halden.webp","/portraits/cinematic/echoes/halden-cutout-v1.webp?v=891202c8e","Integrated reviewed replacement: echoHaldenCutout. See production.json for reference lock and production brief."
"echoes-10-halden-victory:acts-and-excuses/page:0/Adjourned","src/data/echoes-of-war-scenes.ts:362","The chamber, the final card face up, the lamps steady","background","","0,1","KEEP","5","/scenes/story/echoes-halden.webp","/scenes/story/echoes-halden.webp","Retain reviewed accurate artwork."
"echoes-10-halden-victory:acts-and-excuses/page:0/Adjourned","src/data/echoes-of-war-scenes.ts:362","The chamber, the final card face up, the lamps steady","actor","Halden","0,1","REPLACE","1","/portraits/halden.webp","/portraits/cinematic/echoes/halden-cutout-v1.webp?v=891202c8e","Integrated reviewed replacement: echoHaldenCutout. See production.json for reference lock and production brief."
"echoes-10-halden-victory:acts-and-excuses/page:1/Entered into Session","src/data/echoes-of-war-scenes.ts:641","Halden watches the Chronicle close around the finished match","background","","0","KEEP","5","/scenes/story/echoes-halden.webp","/scenes/story/echoes-halden.webp","Retain reviewed accurate artwork."
"echoes-10-halden-victory:acts-and-excuses/page:1/Entered into Session","src/data/echoes-of-war-scenes.ts:641","Halden watches the Chronicle close around the finished match","actor","Halden","0","REPLACE","1","/portraits/halden.webp","/portraits/cinematic/echoes/halden-cutout-v1.webp?v=891202c8e","Integrated reviewed replacement: echoHaldenCutout. See production.json for reference lock and production brief."
"echoes-10-halden-victory:acts-and-excuses/page:2/The Truth of It","src/data/echoes-of-war-scenes.ts:452","The chamber, Halden seated back in the head chair, smaller in it now","background","","0,1,2","KEEP","5","/scenes/story/echoes-halden.webp","/scenes/story/echoes-halden.webp","Retain reviewed accurate artwork."
"echoes-10-halden-victory:acts-and-excuses/page:2/The Truth of It","src/data/echoes-of-war-scenes.ts:452","The chamber, Halden seated back in the head chair, smaller in it now","actor","Halden","0,1,2","REPLACE","1","/portraits/halden.webp","/portraits/cinematic/echoes/halden-cutout-v1.webp?v=891202c8e","Integrated reviewed replacement: echoHaldenCutout. See production.json for reference lock and production brief."
"echoes-10-halden-victory:acts-and-excuses/page:3/The Verdict","src/data/echoes-of-war-scenes.ts:456","The chamber, the windows full of a city that stopped","background","","0,1,2","KEEP","5","/scenes/story/echoes-halden.webp","/scenes/story/echoes-halden.webp","Retain reviewed accurate artwork."
"echoes-10-halden-victory:acts-and-excuses/page:3/The Verdict","src/data/echoes-of-war-scenes.ts:456","The chamber, the windows full of a city that stopped","actor","Halden","0,1,2","REPLACE","1","/portraits/halden.webp","/portraits/cinematic/echoes/halden-cutout-v1.webp?v=891202c8e","Integrated reviewed replacement: echoHaldenCutout. See production.json for reference lock and production brief."
"echoes-10-halden-victory:acts-and-excuses/page:4/The Record You Brought","src/data/echoes-of-war-scenes.ts:1","The council chamber, three earlier entries open between Halden and the witness","background","","0","KEEP","5","/scenes/story/echoes-halden.webp","/scenes/story/echoes-halden.webp","Retain reviewed accurate artwork."
"echoes-10-halden-victory:acts-and-excuses/page:4/The Record You Brought","src/data/echoes-of-war-scenes.ts:1","The council chamber, three earlier entries open between Halden and the witness","actor","Halden","0","REPLACE","1","/portraits/halden.webp","/portraits/cinematic/echoes/halden-cutout-v1.webp?v=891202c8e","Integrated reviewed replacement: echoHaldenCutout. See production.json for reference lock and production brief."
"echoes-10-halden-victory:acts-and-excuses/page:5/The Record Closes","src/data/echoes-of-war-scenes.ts:460","The chamber, Halden looking down the long table at the empty chairs","background","","0,1","KEEP","5","/scenes/story/echoes-halden.webp","/scenes/story/echoes-halden.webp","Retain reviewed accurate artwork."
"echoes-10-halden-victory:acts-and-excuses/page:5/The Record Closes","src/data/echoes-of-war-scenes.ts:460","The chamber, Halden looking down the long table at the empty chairs","actor","Narrator","0,1","REMAP","1","/portraits/halden.webp","","Suppress the unrelated narrator/absent-actor portrait; preserve explicit creator art."
"echoes-10-halden-victory:acts-and-excuses/page:6/Adjournment","src/data/echoes-of-war-scenes.ts:186","The chamber, quiet","background","","0,1","KEEP","5","/scenes/story/echoes-halden.webp","/scenes/story/echoes-halden.webp","Retain reviewed accurate artwork."
"echoes-10-halden-victory:acts-and-excuses/page:6/Adjournment","src/data/echoes-of-war-scenes.ts:186","The chamber, quiet","actor","Halden","0,1","REPLACE","1","/portraits/halden.webp","/portraits/cinematic/echoes/halden-cutout-v1.webp?v=891202c8e","Integrated reviewed replacement: echoHaldenCutout. See production.json for reference lock and production brief."
"echoes-10-halden-victory:who-paid/page:0/Adjourned","src/data/echoes-of-war-scenes.ts:362","The chamber, the final card face up, the lamps steady","background","","0,1","KEEP","5","/scenes/story/echoes-halden.webp","/scenes/story/echoes-halden.webp","Retain reviewed accurate artwork."
"echoes-10-halden-victory:who-paid/page:0/Adjourned","src/data/echoes-of-war-scenes.ts:362","The chamber, the final card face up, the lamps steady","actor","Halden","0,1","REPLACE","1","/portraits/halden.webp","/portraits/cinematic/echoes/halden-cutout-v1.webp?v=891202c8e","Integrated reviewed replacement: echoHaldenCutout. See production.json for reference lock and production brief."
"echoes-10-halden-victory:who-paid/page:1/Entered into Session","src/data/echoes-of-war-scenes.ts:641","Halden watches the Chronicle close around the finished match","background","","0","KEEP","5","/scenes/story/echoes-halden.webp","/scenes/story/echoes-halden.webp","Retain reviewed accurate artwork."
"echoes-10-halden-victory:who-paid/page:1/Entered into Session","src/data/echoes-of-war-scenes.ts:641","Halden watches the Chronicle close around the finished match","actor","Halden","0","REPLACE","1","/portraits/halden.webp","/portraits/cinematic/echoes/halden-cutout-v1.webp?v=891202c8e","Integrated reviewed replacement: echoHaldenCutout. See production.json for reference lock and production brief."
"echoes-10-halden-victory:who-paid/page:2/The Truth of It","src/data/echoes-of-war-scenes.ts:452","The chamber, Halden seated back in the head chair, smaller in it now","background","","0,1,2","KEEP","5","/scenes/story/echoes-halden.webp","/scenes/story/echoes-halden.webp","Retain reviewed accurate artwork."
"echoes-10-halden-victory:who-paid/page:2/The Truth of It","src/data/echoes-of-war-scenes.ts:452","The chamber, Halden seated back in the head chair, smaller in it now","actor","Halden","0,1,2","REPLACE","1","/portraits/halden.webp","/portraits/cinematic/echoes/halden-cutout-v1.webp?v=891202c8e","Integrated reviewed replacement: echoHaldenCutout. See production.json for reference lock and production brief."
"echoes-10-halden-victory:who-paid/page:3/The Verdict","src/data/echoes-of-war-scenes.ts:456","The chamber, the windows full of a city that stopped","background","","0,1,2","KEEP","5","/scenes/story/echoes-halden.webp","/scenes/story/echoes-halden.webp","Retain reviewed accurate artwork."
"echoes-10-halden-victory:who-paid/page:3/The Verdict","src/data/echoes-of-war-scenes.ts:456","The chamber, the windows full of a city that stopped","actor","Halden","0,1,2","REPLACE","1","/portraits/halden.webp","/portraits/cinematic/echoes/halden-cutout-v1.webp?v=891202c8e","Integrated reviewed replacement: echoHaldenCutout. See production.json for reference lock and production brief."
"echoes-10-halden-victory:who-paid/page:4/The Record You Brought","src/data/echoes-of-war-scenes.ts:1","The council chamber, three earlier entries open between Halden and the witness","background","","0","KEEP","5","/scenes/story/echoes-halden.webp","/scenes/story/echoes-halden.webp","Retain reviewed accurate artwork."
"echoes-10-halden-victory:who-paid/page:4/The Record You Brought","src/data/echoes-of-war-scenes.ts:1","The council chamber, three earlier entries open between Halden and the witness","actor","Halden","0","REPLACE","1","/portraits/halden.webp","/portraits/cinematic/echoes/halden-cutout-v1.webp?v=891202c8e","Integrated reviewed replacement: echoHaldenCutout. See production.json for reference lock and production brief."
"echoes-10-halden-victory:who-paid/page:5/The Record Closes","src/data/echoes-of-war-scenes.ts:460","The chamber, Halden looking down the long table at the empty chairs","background","","0,1","KEEP","5","/scenes/story/echoes-halden.webp","/scenes/story/echoes-halden.webp","Retain reviewed accurate artwork."
"echoes-10-halden-victory:who-paid/page:5/The Record Closes","src/data/echoes-of-war-scenes.ts:460","The chamber, Halden looking down the long table at the empty chairs","actor","Narrator","0,1","REMAP","1","/portraits/halden.webp","","Suppress the unrelated narrator/absent-actor portrait; preserve explicit creator art."
"echoes-10-halden-victory:who-paid/page:6/Adjournment","src/data/echoes-of-war-scenes.ts:186","The chamber, quiet","background","","0,1","KEEP","5","/scenes/story/echoes-halden.webp","/scenes/story/echoes-halden.webp","Retain reviewed accurate artwork."
"echoes-10-halden-victory:who-paid/page:6/Adjournment","src/data/echoes-of-war-scenes.ts:186","The chamber, quiet","actor","Halden","0,1","REPLACE","1","/portraits/halden.webp","/portraits/cinematic/echoes/halden-cutout-v1.webp?v=891202c8e","Integrated reviewed replacement: echoHaldenCutout. See production.json for reference lock and production brief."
"echoes-10-halden-victory:duty-open/page:0/Adjourned","src/data/echoes-of-war-scenes.ts:362","The chamber, the final card face up, the lamps steady","background","","0,1","KEEP","5","/scenes/story/echoes-halden.webp","/scenes/story/echoes-halden.webp","Retain reviewed accurate artwork."
"echoes-10-halden-victory:duty-open/page:0/Adjourned","src/data/echoes-of-war-scenes.ts:362","The chamber, the final card face up, the lamps steady","actor","Halden","0,1","REPLACE","1","/portraits/halden.webp","/portraits/cinematic/echoes/halden-cutout-v1.webp?v=891202c8e","Integrated reviewed replacement: echoHaldenCutout. See production.json for reference lock and production brief."
"echoes-10-halden-victory:duty-open/page:1/Entered into Session","src/data/echoes-of-war-scenes.ts:641","Halden watches the Chronicle close around the finished match","background","","0","KEEP","5","/scenes/story/echoes-halden.webp","/scenes/story/echoes-halden.webp","Retain reviewed accurate artwork."
"echoes-10-halden-victory:duty-open/page:1/Entered into Session","src/data/echoes-of-war-scenes.ts:641","Halden watches the Chronicle close around the finished match","actor","Halden","0","REPLACE","1","/portraits/halden.webp","/portraits/cinematic/echoes/halden-cutout-v1.webp?v=891202c8e","Integrated reviewed replacement: echoHaldenCutout. See production.json for reference lock and production brief."
"echoes-10-halden-victory:duty-open/page:2/The Truth of It","src/data/echoes-of-war-scenes.ts:452","The chamber, Halden seated back in the head chair, smaller in it now","background","","0,1,2","KEEP","5","/scenes/story/echoes-halden.webp","/scenes/story/echoes-halden.webp","Retain reviewed accurate artwork."
"echoes-10-halden-victory:duty-open/page:2/The Truth of It","src/data/echoes-of-war-scenes.ts:452","The chamber, Halden seated back in the head chair, smaller in it now","actor","Halden","0,1,2","REPLACE","1","/portraits/halden.webp","/portraits/cinematic/echoes/halden-cutout-v1.webp?v=891202c8e","Integrated reviewed replacement: echoHaldenCutout. See production.json for reference lock and production brief."
"echoes-10-halden-victory:duty-open/page:3/The Verdict","src/data/echoes-of-war-scenes.ts:456","The chamber, the windows full of a city that stopped","background","","0,1,2","KEEP","5","/scenes/story/echoes-halden.webp","/scenes/story/echoes-halden.webp","Retain reviewed accurate artwork."
"echoes-10-halden-victory:duty-open/page:3/The Verdict","src/data/echoes-of-war-scenes.ts:456","The chamber, the windows full of a city that stopped","actor","Halden","0,1,2","REPLACE","1","/portraits/halden.webp","/portraits/cinematic/echoes/halden-cutout-v1.webp?v=891202c8e","Integrated reviewed replacement: echoHaldenCutout. See production.json for reference lock and production brief."
"echoes-10-halden-victory:duty-open/page:4/The Record You Brought","src/data/echoes-of-war-scenes.ts:1","The council chamber, three earlier entries open between Halden and the witness","background","","0","KEEP","5","/scenes/story/echoes-halden.webp","/scenes/story/echoes-halden.webp","Retain reviewed accurate artwork."
"echoes-10-halden-victory:duty-open/page:4/The Record You Brought","src/data/echoes-of-war-scenes.ts:1","The council chamber, three earlier entries open between Halden and the witness","actor","Halden","0","REPLACE","1","/portraits/halden.webp","/portraits/cinematic/echoes/halden-cutout-v1.webp?v=891202c8e","Integrated reviewed replacement: echoHaldenCutout. See production.json for reference lock and production brief."
"echoes-10-halden-victory:duty-open/page:5/The Record Closes","src/data/echoes-of-war-scenes.ts:460","The chamber, Halden looking down the long table at the empty chairs","background","","0,1","KEEP","5","/scenes/story/echoes-halden.webp","/scenes/story/echoes-halden.webp","Retain reviewed accurate artwork."
"echoes-10-halden-victory:duty-open/page:5/The Record Closes","src/data/echoes-of-war-scenes.ts:460","The chamber, Halden looking down the long table at the empty chairs","actor","Narrator","0,1","REMAP","1","/portraits/halden.webp","","Suppress the unrelated narrator/absent-actor portrait; preserve explicit creator art."
"echoes-10-halden-victory:duty-open/page:6/Adjournment","src/data/echoes-of-war-scenes.ts:186","The chamber, quiet","background","","0,1","KEEP","5","/scenes/story/echoes-halden.webp","/scenes/story/echoes-halden.webp","Retain reviewed accurate artwork."
"echoes-10-halden-victory:duty-open/page:6/Adjournment","src/data/echoes-of-war-scenes.ts:186","The chamber, quiet","actor","Halden","0,1","REPLACE","1","/portraits/halden.webp","/portraits/cinematic/echoes/halden-cutout-v1.webp?v=891202c8e","Integrated reviewed replacement: echoHaldenCutout. See production.json for reference lock and production brief."
"echoes-10-halden-victory:proof-and-silence/page:0/Adjourned","src/data/echoes-of-war-scenes.ts:362","The chamber, the final card face up, the lamps steady","background","","0,1","KEEP","5","/scenes/story/echoes-halden.webp","/scenes/story/echoes-halden.webp","Retain reviewed accurate artwork."
"echoes-10-halden-victory:proof-and-silence/page:0/Adjourned","src/data/echoes-of-war-scenes.ts:362","The chamber, the final card face up, the lamps steady","actor","Halden","0,1","REPLACE","1","/portraits/halden.webp","/portraits/cinematic/echoes/halden-cutout-v1.webp?v=891202c8e","Integrated reviewed replacement: echoHaldenCutout. See production.json for reference lock and production brief."
"echoes-10-halden-victory:proof-and-silence/page:1/Entered into Session","src/data/echoes-of-war-scenes.ts:641","Halden watches the Chronicle close around the finished match","background","","0","KEEP","5","/scenes/story/echoes-halden.webp","/scenes/story/echoes-halden.webp","Retain reviewed accurate artwork."
"echoes-10-halden-victory:proof-and-silence/page:1/Entered into Session","src/data/echoes-of-war-scenes.ts:641","Halden watches the Chronicle close around the finished match","actor","Halden","0","REPLACE","1","/portraits/halden.webp","/portraits/cinematic/echoes/halden-cutout-v1.webp?v=891202c8e","Integrated reviewed replacement: echoHaldenCutout. See production.json for reference lock and production brief."
"echoes-10-halden-victory:proof-and-silence/page:2/The Truth of It","src/data/echoes-of-war-scenes.ts:452","The chamber, Halden seated back in the head chair, smaller in it now","background","","0,1,2","KEEP","5","/scenes/story/echoes-halden.webp","/scenes/story/echoes-halden.webp","Retain reviewed accurate artwork."
"echoes-10-halden-victory:proof-and-silence/page:2/The Truth of It","src/data/echoes-of-war-scenes.ts:452","The chamber, Halden seated back in the head chair, smaller in it now","actor","Halden","0,1,2","REPLACE","1","/portraits/halden.webp","/portraits/cinematic/echoes/halden-cutout-v1.webp?v=891202c8e","Integrated reviewed replacement: echoHaldenCutout. See production.json for reference lock and production brief."
"echoes-10-halden-victory:proof-and-silence/page:3/The Verdict","src/data/echoes-of-war-scenes.ts:456","The chamber, the windows full of a city that stopped","background","","0,1,2","KEEP","5","/scenes/story/echoes-halden.webp","/scenes/story/echoes-halden.webp","Retain reviewed accurate artwork."
"echoes-10-halden-victory:proof-and-silence/page:3/The Verdict","src/data/echoes-of-war-scenes.ts:456","The chamber, the windows full of a city that stopped","actor","Halden","0,1,2","REPLACE","1","/portraits/halden.webp","/portraits/cinematic/echoes/halden-cutout-v1.webp?v=891202c8e","Integrated reviewed replacement: echoHaldenCutout. See production.json for reference lock and production brief."
"echoes-10-halden-victory:proof-and-silence/page:4/The Record You Brought","src/data/echoes-of-war-scenes.ts:1","The council chamber, three earlier entries open between Halden and the witness","background","","0","KEEP","5","/scenes/story/echoes-halden.webp","/scenes/story/echoes-halden.webp","Retain reviewed accurate artwork."
"echoes-10-halden-victory:proof-and-silence/page:4/The Record You Brought","src/data/echoes-of-war-scenes.ts:1","The council chamber, three earlier entries open between Halden and the witness","actor","Halden","0","REPLACE","1","/portraits/halden.webp","/portraits/cinematic/echoes/halden-cutout-v1.webp?v=891202c8e","Integrated reviewed replacement: echoHaldenCutout. See production.json for reference lock and production brief."
"echoes-10-halden-victory:proof-and-silence/page:5/The Record Closes","src/data/echoes-of-war-scenes.ts:460","The chamber, Halden looking down the long table at the empty chairs","background","","0,1","KEEP","5","/scenes/story/echoes-halden.webp","/scenes/story/echoes-halden.webp","Retain reviewed accurate artwork."
"echoes-10-halden-victory:proof-and-silence/page:5/The Record Closes","src/data/echoes-of-war-scenes.ts:460","The chamber, Halden looking down the long table at the empty chairs","actor","Narrator","0,1","REMAP","1","/portraits/halden.webp","","Suppress the unrelated narrator/absent-actor portrait; preserve explicit creator art."
"echoes-10-halden-victory:proof-and-silence/page:6/Adjournment","src/data/echoes-of-war-scenes.ts:186","The chamber, quiet","background","","0,1","KEEP","5","/scenes/story/echoes-halden.webp","/scenes/story/echoes-halden.webp","Retain reviewed accurate artwork."
"echoes-10-halden-victory:proof-and-silence/page:6/Adjournment","src/data/echoes-of-war-scenes.ts:186","The chamber, quiet","actor","Halden","0,1","REPLACE","1","/portraits/halden.webp","/portraits/cinematic/echoes/halden-cutout-v1.webp?v=891202c8e","Integrated reviewed replacement: echoHaldenCutout. See production.json for reference lock and production brief."
"echoes-10-halden-victory:divided-culpability/page:0/Adjourned","src/data/echoes-of-war-scenes.ts:362","The chamber, the final card face up, the lamps steady","background","","0,1","KEEP","5","/scenes/story/echoes-halden.webp","/scenes/story/echoes-halden.webp","Retain reviewed accurate artwork."
"echoes-10-halden-victory:divided-culpability/page:0/Adjourned","src/data/echoes-of-war-scenes.ts:362","The chamber, the final card face up, the lamps steady","actor","Halden","0,1","REPLACE","1","/portraits/halden.webp","/portraits/cinematic/echoes/halden-cutout-v1.webp?v=891202c8e","Integrated reviewed replacement: echoHaldenCutout. See production.json for reference lock and production brief."
"echoes-10-halden-victory:divided-culpability/page:1/Entered into Session","src/data/echoes-of-war-scenes.ts:641","Halden watches the Chronicle close around the finished match","background","","0","KEEP","5","/scenes/story/echoes-halden.webp","/scenes/story/echoes-halden.webp","Retain reviewed accurate artwork."
"echoes-10-halden-victory:divided-culpability/page:1/Entered into Session","src/data/echoes-of-war-scenes.ts:641","Halden watches the Chronicle close around the finished match","actor","Halden","0","REPLACE","1","/portraits/halden.webp","/portraits/cinematic/echoes/halden-cutout-v1.webp?v=891202c8e","Integrated reviewed replacement: echoHaldenCutout. See production.json for reference lock and production brief."
"echoes-10-halden-victory:divided-culpability/page:2/The Truth of It","src/data/echoes-of-war-scenes.ts:452","The chamber, Halden seated back in the head chair, smaller in it now","background","","0,1,2","KEEP","5","/scenes/story/echoes-halden.webp","/scenes/story/echoes-halden.webp","Retain reviewed accurate artwork."
"echoes-10-halden-victory:divided-culpability/page:2/The Truth of It","src/data/echoes-of-war-scenes.ts:452","The chamber, Halden seated back in the head chair, smaller in it now","actor","Halden","0,1,2","REPLACE","1","/portraits/halden.webp","/portraits/cinematic/echoes/halden-cutout-v1.webp?v=891202c8e","Integrated reviewed replacement: echoHaldenCutout. See production.json for reference lock and production brief."
"echoes-10-halden-victory:divided-culpability/page:3/The Verdict","src/data/echoes-of-war-scenes.ts:456","The chamber, the windows full of a city that stopped","background","","0,1,2","KEEP","5","/scenes/story/echoes-halden.webp","/scenes/story/echoes-halden.webp","Retain reviewed accurate artwork."
"echoes-10-halden-victory:divided-culpability/page:3/The Verdict","src/data/echoes-of-war-scenes.ts:456","The chamber, the windows full of a city that stopped","actor","Halden","0,1,2","REPLACE","1","/portraits/halden.webp","/portraits/cinematic/echoes/halden-cutout-v1.webp?v=891202c8e","Integrated reviewed replacement: echoHaldenCutout. See production.json for reference lock and production brief."
"echoes-10-halden-victory:divided-culpability/page:4/The Record You Brought","src/data/echoes-of-war-scenes.ts:1","The council chamber, three earlier entries open between Halden and the witness","background","","0","KEEP","5","/scenes/story/echoes-halden.webp","/scenes/story/echoes-halden.webp","Retain reviewed accurate artwork."
"echoes-10-halden-victory:divided-culpability/page:4/The Record You Brought","src/data/echoes-of-war-scenes.ts:1","The council chamber, three earlier entries open between Halden and the witness","actor","Halden","0","REPLACE","1","/portraits/halden.webp","/portraits/cinematic/echoes/halden-cutout-v1.webp?v=891202c8e","Integrated reviewed replacement: echoHaldenCutout. See production.json for reference lock and production brief."
"echoes-10-halden-victory:divided-culpability/page:5/The Record Closes","src/data/echoes-of-war-scenes.ts:460","The chamber, Halden looking down the long table at the empty chairs","background","","0,1","KEEP","5","/scenes/story/echoes-halden.webp","/scenes/story/echoes-halden.webp","Retain reviewed accurate artwork."
"echoes-10-halden-victory:divided-culpability/page:5/The Record Closes","src/data/echoes-of-war-scenes.ts:460","The chamber, Halden looking down the long table at the empty chairs","actor","Narrator","0,1","REMAP","1","/portraits/halden.webp","","Suppress the unrelated narrator/absent-actor portrait; preserve explicit creator art."
"echoes-10-halden-victory:divided-culpability/page:6/Adjournment","src/data/echoes-of-war-scenes.ts:186","The chamber, quiet","background","","0,1","KEEP","5","/scenes/story/echoes-halden.webp","/scenes/story/echoes-halden.webp","Retain reviewed accurate artwork."
"echoes-10-halden-victory:divided-culpability/page:6/Adjournment","src/data/echoes-of-war-scenes.ts:186","The chamber, quiet","actor","Halden","0,1","REPLACE","1","/portraits/halden.webp","/portraits/cinematic/echoes/halden-cutout-v1.webp?v=891202c8e","Integrated reviewed replacement: echoHaldenCutout. See production.json for reference lock and production brief."
"echoes-10-halden-victory:outcome-open/page:0/Adjourned","src/data/echoes-of-war-scenes.ts:362","The chamber, the final card face up, the lamps steady","background","","0,1","KEEP","5","/scenes/story/echoes-halden.webp","/scenes/story/echoes-halden.webp","Retain reviewed accurate artwork."
"echoes-10-halden-victory:outcome-open/page:0/Adjourned","src/data/echoes-of-war-scenes.ts:362","The chamber, the final card face up, the lamps steady","actor","Halden","0,1","REPLACE","1","/portraits/halden.webp","/portraits/cinematic/echoes/halden-cutout-v1.webp?v=891202c8e","Integrated reviewed replacement: echoHaldenCutout. See production.json for reference lock and production brief."
"echoes-10-halden-victory:outcome-open/page:1/Entered into Session","src/data/echoes-of-war-scenes.ts:641","Halden watches the Chronicle close around the finished match","background","","0","KEEP","5","/scenes/story/echoes-halden.webp","/scenes/story/echoes-halden.webp","Retain reviewed accurate artwork."
"echoes-10-halden-victory:outcome-open/page:1/Entered into Session","src/data/echoes-of-war-scenes.ts:641","Halden watches the Chronicle close around the finished match","actor","Halden","0","REPLACE","1","/portraits/halden.webp","/portraits/cinematic/echoes/halden-cutout-v1.webp?v=891202c8e","Integrated reviewed replacement: echoHaldenCutout. See production.json for reference lock and production brief."
"echoes-10-halden-victory:outcome-open/page:2/The Truth of It","src/data/echoes-of-war-scenes.ts:452","The chamber, Halden seated back in the head chair, smaller in it now","background","","0,1,2","KEEP","5","/scenes/story/echoes-halden.webp","/scenes/story/echoes-halden.webp","Retain reviewed accurate artwork."
"echoes-10-halden-victory:outcome-open/page:2/The Truth of It","src/data/echoes-of-war-scenes.ts:452","The chamber, Halden seated back in the head chair, smaller in it now","actor","Halden","0,1,2","REPLACE","1","/portraits/halden.webp","/portraits/cinematic/echoes/halden-cutout-v1.webp?v=891202c8e","Integrated reviewed replacement: echoHaldenCutout. See production.json for reference lock and production brief."
"echoes-10-halden-victory:outcome-open/page:3/The Verdict","src/data/echoes-of-war-scenes.ts:456","The chamber, the windows full of a city that stopped","background","","0,1,2","KEEP","5","/scenes/story/echoes-halden.webp","/scenes/story/echoes-halden.webp","Retain reviewed accurate artwork."
"echoes-10-halden-victory:outcome-open/page:3/The Verdict","src/data/echoes-of-war-scenes.ts:456","The chamber, the windows full of a city that stopped","actor","Halden","0,1,2","REPLACE","1","/portraits/halden.webp","/portraits/cinematic/echoes/halden-cutout-v1.webp?v=891202c8e","Integrated reviewed replacement: echoHaldenCutout. See production.json for reference lock and production brief."
"echoes-10-halden-victory:outcome-open/page:4/The Record You Brought","src/data/echoes-of-war-scenes.ts:1","The council chamber, three earlier entries open between Halden and the witness","background","","0","KEEP","5","/scenes/story/echoes-halden.webp","/scenes/story/echoes-halden.webp","Retain reviewed accurate artwork."
"echoes-10-halden-victory:outcome-open/page:4/The Record You Brought","src/data/echoes-of-war-scenes.ts:1","The council chamber, three earlier entries open between Halden and the witness","actor","Halden","0","REPLACE","1","/portraits/halden.webp","/portraits/cinematic/echoes/halden-cutout-v1.webp?v=891202c8e","Integrated reviewed replacement: echoHaldenCutout. See production.json for reference lock and production brief."
"echoes-10-halden-victory:outcome-open/page:5/The Record Closes","src/data/echoes-of-war-scenes.ts:460","The chamber, Halden looking down the long table at the empty chairs","background","","0,1","KEEP","5","/scenes/story/echoes-halden.webp","/scenes/story/echoes-halden.webp","Retain reviewed accurate artwork."
"echoes-10-halden-victory:outcome-open/page:5/The Record Closes","src/data/echoes-of-war-scenes.ts:460","The chamber, Halden looking down the long table at the empty chairs","actor","Narrator","0,1","REMAP","1","/portraits/halden.webp","","Suppress the unrelated narrator/absent-actor portrait; preserve explicit creator art."
"echoes-10-halden-victory:outcome-open/page:6/Adjournment","src/data/echoes-of-war-scenes.ts:186","The chamber, quiet","background","","0,1","KEEP","5","/scenes/story/echoes-halden.webp","/scenes/story/echoes-halden.webp","Retain reviewed accurate artwork."
"echoes-10-halden-victory:outcome-open/page:6/Adjournment","src/data/echoes-of-war-scenes.ts:186","The chamber, quiet","actor","Halden","0,1","REPLACE","1","/portraits/halden.webp","/portraits/cinematic/echoes/halden-cutout-v1.webp?v=891202c8e","Integrated reviewed replacement: echoHaldenCutout. See production.json for reference lock and production brief."
"echoes-age-1-intro/page:0/The Lowest Floors","src/data/echoes-of-war-scenes.ts:488","The white fox Shiranui sits at a tower window, a dust-grey quarter of the fallen city below at dusk","background","","0,1,2","KEEP","5","/scenes/story/echoes-age-1.webp","/scenes/story/echoes-age-1.webp","Retain reviewed accurate artwork."
"echoes-age-1-intro/page:0/The Lowest Floors","src/data/echoes-of-war-scenes.ts:488","The white fox Shiranui sits at a tower window, a dust-grey quarter of the fallen city below at dusk","actor","Shiranui","0,1,2","KEEP","5","/portraits/shiranui.webp","/portraits/shiranui.webp","Retain reviewed accurate artwork."
"echoes-age-1-intro/page:1/What the Gate Took First","src/data/echoes-of-war-scenes.ts:492","The quarter below, lamps failing one by one along a street","background","","0,1,2","KEEP","5","/scenes/story/echoes-age-1.webp","/scenes/story/echoes-age-1.webp","Retain reviewed accurate artwork."
"echoes-age-1-intro/page:1/What the Gate Took First","src/data/echoes-of-war-scenes.ts:492","The quarter below, lamps failing one by one along a street","actor","Shiranui","0,1,2","KEEP","5","/portraits/shiranui.webp","/portraits/shiranui.webp","Retain reviewed accurate artwork."
"echoes-age-1-intro/page:2/Why They Linger","src/data/echoes-of-war-scenes.ts:496","The tower landing, a single worn table waiting","background","","0,1,2","REPLACE","3","/scenes/story/echoes-age-1.webp","/scenes/story/cinematic/echoes/lower-landing-table-v1.webp","Integrated reviewed replacement: echoStoneTable. See production.json for reference lock and production brief."
"echoes-age-1-intro/page:2/Why They Linger","src/data/echoes-of-war-scenes.ts:496","The tower landing, a single worn table waiting","actor","Shiranui","0,1,2","KEEP","5","/portraits/shiranui.webp","/portraits/shiranui.webp","Retain reviewed accurate artwork."
"echoes-age-1-intro/page:3/Sit Down","src/data/echoes-of-war-scenes.ts:500","The table, two seats, your deck in your hands","background","","0,1,2","REPLACE","3","/scenes/story/echoes-age-1.webp","/scenes/story/cinematic/echoes/lower-landing-table-v1.webp","Integrated reviewed replacement: echoStoneTable. See production.json for reference lock and production brief."
"echoes-age-1-intro/page:3/Sit Down","src/data/echoes-of-war-scenes.ts:500","The table, two seats, your deck in your hands","actor","Shiranui","0,1,2","KEEP","5","/portraits/shiranui.webp","/portraits/shiranui.webp","Retain reviewed accurate artwork."
"echoes-age-2-intro/page:0/The Middle Floors","src/data/echoes-of-war-scenes.ts:506","Shiranui pads along a gallery above shuttered halls of records and offices","background","","0,1,2","REPLACE","3","/scenes/story/echoes-age-2.webp","/scenes/story/cinematic/echoes/middle-records-gallery-v1.webp","Integrated reviewed replacement: echoRecordsGallery. See production.json for reference lock and production brief."
"echoes-age-2-intro/page:0/The Middle Floors","src/data/echoes-of-war-scenes.ts:506","Shiranui pads along a gallery above shuttered halls of records and offices","actor","Shiranui","0,1,2","KEEP","5","/portraits/shiranui.webp","/portraits/shiranui.webp","Retain reviewed accurate artwork."
"echoes-age-2-intro/page:1/The Ledgers That Learned to Lie","src/data/echoes-of-war-scenes.ts:510","A hall of pigeonhole shelves, one entry scraped clean","background","","0,1,2","REMAP","3","/scenes/story/echoes-age-2.webp","/scenes/story/echoes-ansel.webp","Resolve this exact current story beat to retained, reviewed artwork."
"echoes-age-2-intro/page:1/The Ledgers That Learned to Lie","src/data/echoes-of-war-scenes.ts:510","A hall of pigeonhole shelves, one entry scraped clean","actor","Shiranui","0,1,2","KEEP","5","/portraits/shiranui.webp","/portraits/shiranui.webp","Retain reviewed accurate artwork."
"echoes-age-2-intro/page:2/Why They Linger","src/data/echoes-of-war-scenes.ts:496","The sealed official gate, wax seals gone grey","background","","0,1,2","REMAP","3","/scenes/story/echoes-age-2.webp","/scenes/story/echoes-korin.webp","Resolve this exact current story beat to retained, reviewed artwork."
"echoes-age-2-intro/page:2/Why They Linger","src/data/echoes-of-war-scenes.ts:496","The sealed official gate, wax seals gone grey","actor","Shiranui","0,1,2","KEEP","5","/portraits/shiranui.webp","/portraits/shiranui.webp","Retain reviewed accurate artwork."
"echoes-age-2-intro:warnings-first/page:0/The Middle Floors","src/data/echoes-of-war-scenes.ts:506","Shiranui pads along a gallery above shuttered halls of records and offices","background","","0,1,2","REPLACE","3","/scenes/story/echoes-age-2.webp","/scenes/story/cinematic/echoes/middle-records-gallery-v1.webp","Integrated reviewed replacement: echoRecordsGallery. See production.json for reference lock and production brief."
"echoes-age-2-intro:warnings-first/page:0/The Middle Floors","src/data/echoes-of-war-scenes.ts:506","Shiranui pads along a gallery above shuttered halls of records and offices","actor","Shiranui","0,1,2","KEEP","5","/portraits/shiranui.webp","/portraits/shiranui.webp","Retain reviewed accurate artwork."
"echoes-age-2-intro:warnings-first/page:1/What You Carried Up","src/data/echoes-of-war-scenes.ts:569","Shiranui touches one claw to the three warnings entered on the open page","background","","0","REPLACE","3","/scenes/story/echoes-age-2.webp","/scenes/story/cinematic/echoes/middle-records-gallery-v1.webp","Integrated reviewed replacement: echoRecordsGallery. See production.json for reference lock and production brief."
"echoes-age-2-intro:warnings-first/page:1/What You Carried Up","src/data/echoes-of-war-scenes.ts:569","Shiranui touches one claw to the three warnings entered on the open page","actor","Shiranui","0","KEEP","5","/portraits/shiranui.webp","/portraits/shiranui.webp","Retain reviewed accurate artwork."
"echoes-age-2-intro:warnings-first/page:2/The Ledgers That Learned to Lie","src/data/echoes-of-war-scenes.ts:510","A hall of pigeonhole shelves, one entry scraped clean","background","","0,1,2","REMAP","3","/scenes/story/echoes-age-2.webp","/scenes/story/echoes-ansel.webp","Resolve this exact current story beat to retained, reviewed artwork."
"echoes-age-2-intro:warnings-first/page:2/The Ledgers That Learned to Lie","src/data/echoes-of-war-scenes.ts:510","A hall of pigeonhole shelves, one entry scraped clean","actor","Shiranui","0,1,2","KEEP","5","/portraits/shiranui.webp","/portraits/shiranui.webp","Retain reviewed accurate artwork."
"echoes-age-2-intro:warnings-first/page:3/Why They Linger","src/data/echoes-of-war-scenes.ts:496","The sealed official gate, wax seals gone grey","background","","0,1,2","REMAP","3","/scenes/story/echoes-age-2.webp","/scenes/story/echoes-korin.webp","Resolve this exact current story beat to retained, reviewed artwork."
"echoes-age-2-intro:warnings-first/page:3/Why They Linger","src/data/echoes-of-war-scenes.ts:496","The sealed official gate, wax seals gone grey","actor","Shiranui","0,1,2","KEEP","5","/portraits/shiranui.webp","/portraits/shiranui.webp","Retain reviewed accurate artwork."
"echoes-age-2-intro:names-first/page:0/The Middle Floors","src/data/echoes-of-war-scenes.ts:506","Shiranui pads along a gallery above shuttered halls of records and offices","background","","0,1,2","REPLACE","3","/scenes/story/echoes-age-2.webp","/scenes/story/cinematic/echoes/middle-records-gallery-v1.webp","Integrated reviewed replacement: echoRecordsGallery. See production.json for reference lock and production brief."
"echoes-age-2-intro:names-first/page:0/The Middle Floors","src/data/echoes-of-war-scenes.ts:506","Shiranui pads along a gallery above shuttered halls of records and offices","actor","Shiranui","0,1,2","KEEP","5","/portraits/shiranui.webp","/portraits/shiranui.webp","Retain reviewed accurate artwork."
"echoes-age-2-intro:names-first/page:1/What You Carried Up","src/data/echoes-of-war-scenes.ts:569","Shiranui glances down toward the three names written at the head of the page","background","","0","REPLACE","3","/scenes/story/echoes-age-2.webp","/scenes/story/cinematic/echoes/middle-records-gallery-v1.webp","Integrated reviewed replacement: echoRecordsGallery. See production.json for reference lock and production brief."
"echoes-age-2-intro:names-first/page:1/What You Carried Up","src/data/echoes-of-war-scenes.ts:569","Shiranui glances down toward the three names written at the head of the page","actor","Shiranui","0","KEEP","5","/portraits/shiranui.webp","/portraits/shiranui.webp","Retain reviewed accurate artwork."
"echoes-age-2-intro:names-first/page:2/The Ledgers That Learned to Lie","src/data/echoes-of-war-scenes.ts:510","A hall of pigeonhole shelves, one entry scraped clean","background","","0,1,2","REMAP","3","/scenes/story/echoes-age-2.webp","/scenes/story/echoes-ansel.webp","Resolve this exact current story beat to retained, reviewed artwork."
"echoes-age-2-intro:names-first/page:2/The Ledgers That Learned to Lie","src/data/echoes-of-war-scenes.ts:510","A hall of pigeonhole shelves, one entry scraped clean","actor","Shiranui","0,1,2","KEEP","5","/portraits/shiranui.webp","/portraits/shiranui.webp","Retain reviewed accurate artwork."
"echoes-age-2-intro:names-first/page:3/Why They Linger","src/data/echoes-of-war-scenes.ts:496","The sealed official gate, wax seals gone grey","background","","0,1,2","REMAP","3","/scenes/story/echoes-age-2.webp","/scenes/story/echoes-korin.webp","Resolve this exact current story beat to retained, reviewed artwork."
"echoes-age-2-intro:names-first/page:3/Why They Linger","src/data/echoes-of-war-scenes.ts:496","The sealed official gate, wax seals gone grey","actor","Shiranui","0,1,2","KEEP","5","/portraits/shiranui.webp","/portraits/shiranui.webp","Retain reviewed accurate artwork."
"echoes-age-2-intro:cause-open/page:0/The Middle Floors","src/data/echoes-of-war-scenes.ts:506","Shiranui pads along a gallery above shuttered halls of records and offices","background","","0,1,2","REPLACE","3","/scenes/story/echoes-age-2.webp","/scenes/story/cinematic/echoes/middle-records-gallery-v1.webp","Integrated reviewed replacement: echoRecordsGallery. See production.json for reference lock and production brief."
"echoes-age-2-intro:cause-open/page:0/The Middle Floors","src/data/echoes-of-war-scenes.ts:506","Shiranui pads along a gallery above shuttered halls of records and offices","actor","Shiranui","0,1,2","KEEP","5","/portraits/shiranui.webp","/portraits/shiranui.webp","Retain reviewed accurate artwork."
"echoes-age-2-intro:cause-open/page:1/What You Carried Up","src/data/echoes-of-war-scenes.ts:569","Shiranui closes the first page without fastening it","background","","0","REPLACE","3","/scenes/story/echoes-age-2.webp","/scenes/story/cinematic/echoes/middle-records-gallery-v1.webp","Integrated reviewed replacement: echoRecordsGallery. See production.json for reference lock and production brief."
"echoes-age-2-intro:cause-open/page:1/What You Carried Up","src/data/echoes-of-war-scenes.ts:569","Shiranui closes the first page without fastening it","actor","Shiranui","0","KEEP","5","/portraits/shiranui.webp","/portraits/shiranui.webp","Retain reviewed accurate artwork."
"echoes-age-2-intro:cause-open/page:2/The Ledgers That Learned to Lie","src/data/echoes-of-war-scenes.ts:510","A hall of pigeonhole shelves, one entry scraped clean","background","","0,1,2","REMAP","3","/scenes/story/echoes-age-2.webp","/scenes/story/echoes-ansel.webp","Resolve this exact current story beat to retained, reviewed artwork."
"echoes-age-2-intro:cause-open/page:2/The Ledgers That Learned to Lie","src/data/echoes-of-war-scenes.ts:510","A hall of pigeonhole shelves, one entry scraped clean","actor","Shiranui","0,1,2","KEEP","5","/portraits/shiranui.webp","/portraits/shiranui.webp","Retain reviewed accurate artwork."
"echoes-age-2-intro:cause-open/page:3/Why They Linger","src/data/echoes-of-war-scenes.ts:496","The sealed official gate, wax seals gone grey","background","","0,1,2","REMAP","3","/scenes/story/echoes-age-2.webp","/scenes/story/echoes-korin.webp","Resolve this exact current story beat to retained, reviewed artwork."
"echoes-age-2-intro:cause-open/page:3/Why They Linger","src/data/echoes-of-war-scenes.ts:496","The sealed official gate, wax seals gone grey","actor","Shiranui","0,1,2","KEEP","5","/portraits/shiranui.webp","/portraits/shiranui.webp","Retain reviewed accurate artwork."
"echoes-age-3-intro/page:0/The Upper Floors","src/data/echoes-of-war-scenes.ts:520","Shiranui at a high parapet, the tribunal dome and a distant machine leaking faint teal light beyond","background","","0,1,2","KEEP","5","/scenes/story/echoes-age-3.webp","/scenes/story/echoes-age-3.webp","Retain reviewed accurate artwork."
"echoes-age-3-intro/page:0/The Upper Floors","src/data/echoes-of-war-scenes.ts:520","Shiranui at a high parapet, the tribunal dome and a distant machine leaking faint teal light beyond","actor","Shiranui","0,1,2","KEEP","5","/portraits/shiranui.webp","/portraits/shiranui.webp","Retain reviewed accurate artwork."
"echoes-age-3-intro/page:1/Whose Machine It Was","src/data/echoes-of-war-scenes.ts:524","A workbench of dead conduits, one still faintly lit","background","","0,1,2","REMAP","3","/scenes/story/echoes-age-3.webp","/scenes/story/echoes-lyra.webp","Resolve this exact current story beat to retained, reviewed artwork."
"echoes-age-3-intro/page:1/Whose Machine It Was","src/data/echoes-of-war-scenes.ts:524","A workbench of dead conduits, one still faintly lit","actor","Shiranui","0,1,2","KEEP","5","/portraits/shiranui.webp","/portraits/shiranui.webp","Retain reviewed accurate artwork."
"echoes-age-3-intro/page:2/Why They Linger","src/data/echoes-of-war-scenes.ts:496","The empty witness table under the dome","background","","0,1,2","REMAP","3","/scenes/story/echoes-age-3.webp","/scenes/story/echoes-eren.webp","Resolve this exact current story beat to retained, reviewed artwork."
"echoes-age-3-intro/page:2/Why They Linger","src/data/echoes-of-war-scenes.ts:496","The empty witness table under the dome","actor","Shiranui","0,1,2","KEEP","5","/portraits/shiranui.webp","/portraits/shiranui.webp","Retain reviewed accurate artwork."
"echoes-age-3-intro:acts-and-excuses/page:0/The Upper Floors","src/data/echoes-of-war-scenes.ts:520","Shiranui at a high parapet, the tribunal dome and a distant machine leaking faint teal light beyond","background","","0,1,2","KEEP","5","/scenes/story/echoes-age-3.webp","/scenes/story/echoes-age-3.webp","Retain reviewed accurate artwork."
"echoes-age-3-intro:acts-and-excuses/page:0/The Upper Floors","src/data/echoes-of-war-scenes.ts:520","Shiranui at a high parapet, the tribunal dome and a distant machine leaking faint teal light beyond","actor","Shiranui","0,1,2","KEEP","5","/portraits/shiranui.webp","/portraits/shiranui.webp","Retain reviewed accurate artwork."
"echoes-age-3-intro:acts-and-excuses/page:1/What You Carried Up","src/data/echoes-of-war-scenes.ts:569","Shiranui turns the page so the acts remain above the explanations","background","","0","KEEP","5","/scenes/story/echoes-age-3.webp","/scenes/story/echoes-age-3.webp","Retain reviewed accurate artwork."
"echoes-age-3-intro:acts-and-excuses/page:1/What You Carried Up","src/data/echoes-of-war-scenes.ts:569","Shiranui turns the page so the acts remain above the explanations","actor","Shiranui","0","KEEP","5","/portraits/shiranui.webp","/portraits/shiranui.webp","Retain reviewed accurate artwork."
"echoes-age-3-intro:acts-and-excuses/page:2/Whose Machine It Was","src/data/echoes-of-war-scenes.ts:524","A workbench of dead conduits, one still faintly lit","background","","0,1,2","REMAP","3","/scenes/story/echoes-age-3.webp","/scenes/story/echoes-lyra.webp","Resolve this exact current story beat to retained, reviewed artwork."
"echoes-age-3-intro:acts-and-excuses/page:2/Whose Machine It Was","src/data/echoes-of-war-scenes.ts:524","A workbench of dead conduits, one still faintly lit","actor","Shiranui","0,1,2","KEEP","5","/portraits/shiranui.webp","/portraits/shiranui.webp","Retain reviewed accurate artwork."
"echoes-age-3-intro:acts-and-excuses/page:3/Why They Linger","src/data/echoes-of-war-scenes.ts:496","The empty witness table under the dome","background","","0,1,2","REMAP","3","/scenes/story/echoes-age-3.webp","/scenes/story/echoes-eren.webp","Resolve this exact current story beat to retained, reviewed artwork."
"echoes-age-3-intro:acts-and-excuses/page:3/Why They Linger","src/data/echoes-of-war-scenes.ts:496","The empty witness table under the dome","actor","Shiranui","0,1,2","KEEP","5","/portraits/shiranui.webp","/portraits/shiranui.webp","Retain reviewed accurate artwork."
"echoes-age-3-intro:who-paid/page:0/The Upper Floors","src/data/echoes-of-war-scenes.ts:520","Shiranui at a high parapet, the tribunal dome and a distant machine leaking faint teal light beyond","background","","0,1,2","KEEP","5","/scenes/story/echoes-age-3.webp","/scenes/story/echoes-age-3.webp","Retain reviewed accurate artwork."
"echoes-age-3-intro:who-paid/page:0/The Upper Floors","src/data/echoes-of-war-scenes.ts:520","Shiranui at a high parapet, the tribunal dome and a distant machine leaking faint teal light beyond","actor","Shiranui","0,1,2","KEEP","5","/portraits/shiranui.webp","/portraits/shiranui.webp","Retain reviewed accurate artwork."
"echoes-age-3-intro:who-paid/page:1/What You Carried Up","src/data/echoes-of-war-scenes.ts:569","Shiranui traces the margin where the people who bore each decision are named","background","","0","KEEP","5","/scenes/story/echoes-age-3.webp","/scenes/story/echoes-age-3.webp","Retain reviewed accurate artwork."
"echoes-age-3-intro:who-paid/page:1/What You Carried Up","src/data/echoes-of-war-scenes.ts:569","Shiranui traces the margin where the people who bore each decision are named","actor","Shiranui","0","KEEP","5","/portraits/shiranui.webp","/portraits/shiranui.webp","Retain reviewed accurate artwork."
"echoes-age-3-intro:who-paid/page:2/Whose Machine It Was","src/data/echoes-of-war-scenes.ts:524","A workbench of dead conduits, one still faintly lit","background","","0,1,2","REMAP","3","/scenes/story/echoes-age-3.webp","/scenes/story/echoes-lyra.webp","Resolve this exact current story beat to retained, reviewed artwork."
"echoes-age-3-intro:who-paid/page:2/Whose Machine It Was","src/data/echoes-of-war-scenes.ts:524","A workbench of dead conduits, one still faintly lit","actor","Shiranui","0,1,2","KEEP","5","/portraits/shiranui.webp","/portraits/shiranui.webp","Retain reviewed accurate artwork."
"echoes-age-3-intro:who-paid/page:3/Why They Linger","src/data/echoes-of-war-scenes.ts:496","The empty witness table under the dome","background","","0,1,2","REMAP","3","/scenes/story/echoes-age-3.webp","/scenes/story/echoes-eren.webp","Resolve this exact current story beat to retained, reviewed artwork."
"echoes-age-3-intro:who-paid/page:3/Why They Linger","src/data/echoes-of-war-scenes.ts:496","The empty witness table under the dome","actor","Shiranui","0,1,2","KEEP","5","/portraits/shiranui.webp","/portraits/shiranui.webp","Retain reviewed accurate artwork."
"echoes-age-3-intro:duty-open/page:0/The Upper Floors","src/data/echoes-of-war-scenes.ts:520","Shiranui at a high parapet, the tribunal dome and a distant machine leaking faint teal light beyond","background","","0,1,2","KEEP","5","/scenes/story/echoes-age-3.webp","/scenes/story/echoes-age-3.webp","Retain reviewed accurate artwork."
"echoes-age-3-intro:duty-open/page:0/The Upper Floors","src/data/echoes-of-war-scenes.ts:520","Shiranui at a high parapet, the tribunal dome and a distant machine leaking faint teal light beyond","actor","Shiranui","0,1,2","KEEP","5","/portraits/shiranui.webp","/portraits/shiranui.webp","Retain reviewed accurate artwork."
"echoes-age-3-intro:duty-open/page:1/What You Carried Up","src/data/echoes-of-war-scenes.ts:569","Shiranui leaves the question of duty uncrossed at the bottom of the page","background","","0","KEEP","5","/scenes/story/echoes-age-3.webp","/scenes/story/echoes-age-3.webp","Retain reviewed accurate artwork."
"echoes-age-3-intro:duty-open/page:1/What You Carried Up","src/data/echoes-of-war-scenes.ts:569","Shiranui leaves the question of duty uncrossed at the bottom of the page","actor","Shiranui","0","KEEP","5","/portraits/shiranui.webp","/portraits/shiranui.webp","Retain reviewed accurate artwork."
"echoes-age-3-intro:duty-open/page:2/Whose Machine It Was","src/data/echoes-of-war-scenes.ts:524","A workbench of dead conduits, one still faintly lit","background","","0,1,2","REMAP","3","/scenes/story/echoes-age-3.webp","/scenes/story/echoes-lyra.webp","Resolve this exact current story beat to retained, reviewed artwork."
"echoes-age-3-intro:duty-open/page:2/Whose Machine It Was","src/data/echoes-of-war-scenes.ts:524","A workbench of dead conduits, one still faintly lit","actor","Shiranui","0,1,2","KEEP","5","/portraits/shiranui.webp","/portraits/shiranui.webp","Retain reviewed accurate artwork."
"echoes-age-3-intro:duty-open/page:3/Why They Linger","src/data/echoes-of-war-scenes.ts:496","The empty witness table under the dome","background","","0,1,2","REMAP","3","/scenes/story/echoes-age-3.webp","/scenes/story/echoes-eren.webp","Resolve this exact current story beat to retained, reviewed artwork."
"echoes-age-3-intro:duty-open/page:3/Why They Linger","src/data/echoes-of-war-scenes.ts:496","The empty witness table under the dome","actor","Shiranui","0,1,2","KEEP","5","/portraits/shiranui.webp","/portraits/shiranui.webp","Retain reviewed accurate artwork."
"echoes-age-4-intro/page:0/The Highest Floor","src/data/echoes-of-war-scenes.ts:534","Shiranui at the doors of a high council palace, one lit window against a dead unlit city at night","background","","0,1,2","KEEP","5","/scenes/story/echoes-age-4.webp","/scenes/story/echoes-age-4.webp","Retain reviewed accurate artwork."
"echoes-age-4-intro/page:0/The Highest Floor","src/data/echoes-of-war-scenes.ts:534","Shiranui at the doors of a high council palace, one lit window against a dead unlit city at night","actor","Shiranui","0,1,2","KEEP","5","/portraits/shiranui.webp","/portraits/shiranui.webp","Retain reviewed accurate artwork."
"echoes-age-4-intro/page:1/Why He Lingers","src/data/echoes-of-war-scenes.ts:538","The long council table beyond the doors, every chair empty but one","background","","0,1,2","REMAP","3","/scenes/story/echoes-age-4.webp","/scenes/story/echoes-halden.webp","Resolve this exact current story beat to retained, reviewed artwork."
"echoes-age-4-intro/page:1/Why He Lingers","src/data/echoes-of-war-scenes.ts:538","The long council table beyond the doors, every chair empty but one","actor","Shiranui","0,1,2","KEEP","5","/portraits/shiranui.webp","/portraits/shiranui.webp","Retain reviewed accurate artwork."
"echoes-age-4-intro/page:2/The Witness He Could Not Choose","src/data/echoes-of-war-scenes.ts:542","The head chair, a single lamp, your deck on the table","background","","0,1,2","REMAP","3","/scenes/story/echoes-age-4.webp","/scenes/story/echoes-halden.webp","Resolve this exact current story beat to retained, reviewed artwork."
"echoes-age-4-intro/page:2/The Witness He Could Not Choose","src/data/echoes-of-war-scenes.ts:542","The head chair, a single lamp, your deck on the table","actor","Shiranui","0,1,2","KEEP","5","/portraits/shiranui.webp","/portraits/shiranui.webp","Retain reviewed accurate artwork."
"echoes-age-4-intro:proof-and-silence/page:0/The Highest Floor","src/data/echoes-of-war-scenes.ts:534","Shiranui at the doors of a high council palace, one lit window against a dead unlit city at night","background","","0,1,2","KEEP","5","/scenes/story/echoes-age-4.webp","/scenes/story/echoes-age-4.webp","Retain reviewed accurate artwork."
"echoes-age-4-intro:proof-and-silence/page:0/The Highest Floor","src/data/echoes-of-war-scenes.ts:534","Shiranui at the doors of a high council palace, one lit window against a dead unlit city at night","actor","Shiranui","0,1,2","KEEP","5","/portraits/shiranui.webp","/portraits/shiranui.webp","Retain reviewed accurate artwork."
"echoes-age-4-intro:proof-and-silence/page:1/What You Carried Up","src/data/echoes-of-war-scenes.ts:569","Shiranui looks from the burned figures to the council doors above","background","","0","KEEP","5","/scenes/story/echoes-age-4.webp","/scenes/story/echoes-age-4.webp","Retain reviewed accurate artwork."
"echoes-age-4-intro:proof-and-silence/page:1/What You Carried Up","src/data/echoes-of-war-scenes.ts:569","Shiranui looks from the burned figures to the council doors above","actor","Shiranui","0","KEEP","5","/portraits/shiranui.webp","/portraits/shiranui.webp","Retain reviewed accurate artwork."
"echoes-age-4-intro:proof-and-silence/page:2/Why He Lingers","src/data/echoes-of-war-scenes.ts:538","The long council table beyond the doors, every chair empty but one","background","","0,1,2","REMAP","3","/scenes/story/echoes-age-4.webp","/scenes/story/echoes-halden.webp","Resolve this exact current story beat to retained, reviewed artwork."
"echoes-age-4-intro:proof-and-silence/page:2/Why He Lingers","src/data/echoes-of-war-scenes.ts:538","The long council table beyond the doors, every chair empty but one","actor","Shiranui","0,1,2","KEEP","5","/portraits/shiranui.webp","/portraits/shiranui.webp","Retain reviewed accurate artwork."
"echoes-age-4-intro:proof-and-silence/page:3/The Witness He Could Not Choose","src/data/echoes-of-war-scenes.ts:542","The head chair, a single lamp, your deck on the table","background","","0,1,2","REMAP","3","/scenes/story/echoes-age-4.webp","/scenes/story/echoes-halden.webp","Resolve this exact current story beat to retained, reviewed artwork."
"echoes-age-4-intro:proof-and-silence/page:3/The Witness He Could Not Choose","src/data/echoes-of-war-scenes.ts:542","The head chair, a single lamp, your deck on the table","actor","Shiranui","0,1,2","KEEP","5","/portraits/shiranui.webp","/portraits/shiranui.webp","Retain reviewed accurate artwork."
"echoes-age-4-intro:divided-culpability/page:0/The Highest Floor","src/data/echoes-of-war-scenes.ts:534","Shiranui at the doors of a high council palace, one lit window against a dead unlit city at night","background","","0,1,2","KEEP","5","/scenes/story/echoes-age-4.webp","/scenes/story/echoes-age-4.webp","Retain reviewed accurate artwork."
"echoes-age-4-intro:divided-culpability/page:0/The Highest Floor","src/data/echoes-of-war-scenes.ts:534","Shiranui at the doors of a high council palace, one lit window against a dead unlit city at night","actor","Shiranui","0,1,2","KEEP","5","/portraits/shiranui.webp","/portraits/shiranui.webp","Retain reviewed accurate artwork."
"echoes-age-4-intro:divided-culpability/page:1/What You Carried Up","src/data/echoes-of-war-scenes.ts:569","Shiranui closes three separate files and leaves their names visible","background","","0","KEEP","5","/scenes/story/echoes-age-4.webp","/scenes/story/echoes-age-4.webp","Retain reviewed accurate artwork."
"echoes-age-4-intro:divided-culpability/page:1/What You Carried Up","src/data/echoes-of-war-scenes.ts:569","Shiranui closes three separate files and leaves their names visible","actor","Shiranui","0","KEEP","5","/portraits/shiranui.webp","/portraits/shiranui.webp","Retain reviewed accurate artwork."
"echoes-age-4-intro:divided-culpability/page:2/Why He Lingers","src/data/echoes-of-war-scenes.ts:538","The long council table beyond the doors, every chair empty but one","background","","0,1,2","REMAP","3","/scenes/story/echoes-age-4.webp","/scenes/story/echoes-halden.webp","Resolve this exact current story beat to retained, reviewed artwork."
"echoes-age-4-intro:divided-culpability/page:2/Why He Lingers","src/data/echoes-of-war-scenes.ts:538","The long council table beyond the doors, every chair empty but one","actor","Shiranui","0,1,2","KEEP","5","/portraits/shiranui.webp","/portraits/shiranui.webp","Retain reviewed accurate artwork."
"echoes-age-4-intro:divided-culpability/page:3/The Witness He Could Not Choose","src/data/echoes-of-war-scenes.ts:542","The head chair, a single lamp, your deck on the table","background","","0,1,2","REMAP","3","/scenes/story/echoes-age-4.webp","/scenes/story/echoes-halden.webp","Resolve this exact current story beat to retained, reviewed artwork."
"echoes-age-4-intro:divided-culpability/page:3/The Witness He Could Not Choose","src/data/echoes-of-war-scenes.ts:542","The head chair, a single lamp, your deck on the table","actor","Shiranui","0,1,2","KEEP","5","/portraits/shiranui.webp","/portraits/shiranui.webp","Retain reviewed accurate artwork."
"echoes-age-4-intro:outcome-open/page:0/The Highest Floor","src/data/echoes-of-war-scenes.ts:534","Shiranui at the doors of a high council palace, one lit window against a dead unlit city at night","background","","0,1,2","KEEP","5","/scenes/story/echoes-age-4.webp","/scenes/story/echoes-age-4.webp","Retain reviewed accurate artwork."
"echoes-age-4-intro:outcome-open/page:0/The Highest Floor","src/data/echoes-of-war-scenes.ts:534","Shiranui at the doors of a high council palace, one lit window against a dead unlit city at night","actor","Shiranui","0,1,2","KEEP","5","/portraits/shiranui.webp","/portraits/shiranui.webp","Retain reviewed accurate artwork."
"echoes-age-4-intro:outcome-open/page:1/What You Carried Up","src/data/echoes-of-war-scenes.ts:569","Shiranui leaves the false verdict crossed out and the lost one blank","background","","0","KEEP","5","/scenes/story/echoes-age-4.webp","/scenes/story/echoes-age-4.webp","Retain reviewed accurate artwork."
"echoes-age-4-intro:outcome-open/page:1/What You Carried Up","src/data/echoes-of-war-scenes.ts:569","Shiranui leaves the false verdict crossed out and the lost one blank","actor","Shiranui","0","KEEP","5","/portraits/shiranui.webp","/portraits/shiranui.webp","Retain reviewed accurate artwork."
"echoes-age-4-intro:outcome-open/page:2/Why He Lingers","src/data/echoes-of-war-scenes.ts:538","The long council table beyond the doors, every chair empty but one","background","","0,1,2","REMAP","3","/scenes/story/echoes-age-4.webp","/scenes/story/echoes-halden.webp","Resolve this exact current story beat to retained, reviewed artwork."
"echoes-age-4-intro:outcome-open/page:2/Why He Lingers","src/data/echoes-of-war-scenes.ts:538","The long council table beyond the doors, every chair empty but one","actor","Shiranui","0,1,2","KEEP","5","/portraits/shiranui.webp","/portraits/shiranui.webp","Retain reviewed accurate artwork."
"echoes-age-4-intro:outcome-open/page:3/The Witness He Could Not Choose","src/data/echoes-of-war-scenes.ts:542","The head chair, a single lamp, your deck on the table","background","","0,1,2","REMAP","3","/scenes/story/echoes-age-4.webp","/scenes/story/echoes-halden.webp","Resolve this exact current story beat to retained, reviewed artwork."
"echoes-age-4-intro:outcome-open/page:3/The Witness He Could Not Choose","src/data/echoes-of-war-scenes.ts:542","The head chair, a single lamp, your deck on the table","actor","Shiranui","0,1,2","KEEP","5","/portraits/shiranui.webp","/portraits/shiranui.webp","Retain reviewed accurate artwork."
