
> shinobix-api@1.0.0 build:client
> npm run check:story-content && node scripts/build-client.mjs


> shinobix-api@1.0.0 check:story-content
> node --import tsx scripts/generate-story-content.mts --check

[story-content] verified 4 village assets (566059 B raw / 141902 B gzip), 4 epilogue assets (41445 B raw / 15506 B gzip), field journeys (61640 B raw / 20146 B gzip), Echoes of War (58803 B raw / 19270 B gzip), and road events (52882 B raw / 19577 B gzip)
[build:client] Reusing installed client dependencies.

> shinobij.client@0.0.0 build
> npm run check:story-content && tsc -b && vite build


> shinobij.client@0.0.0 check:story-content
> node ../node_modules/tsx/dist/cli.mjs ../scripts/generate-story-content.mts --check

[story-content] verified 4 village assets (566059 B raw / 141902 B gzip), 4 epilogue assets (41445 B raw / 15506 B gzip), field journeys (61640 B raw / 20146 B gzip), Echoes of War (58803 B raw / 19270 B gzip), and road events (52882 B raw / 19577 B gzip)
vite v8.2.2 building client environment for production...
transforming...
✓ 2721 modules transformed.
rendering chunks...
computing gzip size...
dist/assets/001-BkeC3YLq.png                                     0.11 kB
dist/assets/001-BqHxrzZ8.png                                     0.11 kB
dist/assets/008-C81zZU_8.png                                     0.12 kB
dist/assets/005-QQz-rMEh.png                                     0.13 kB
dist/assets/001-Bm0ytvu_.png                                     0.14 kB
dist/assets/007-ILyTbNxH.png                                     0.14 kB
dist/assets/007-BsNfBrw9.png                                     0.14 kB
dist/assets/004-3bjmHCXK.png                                     0.15 kB
dist/assets/005-BVySlWoJ.png                                     0.15 kB
dist/assets/002-BwDknJWI.png                                     0.15 kB
dist/assets/001-4zxUBAq1.png                                     0.15 kB
dist/assets/010-CdD_JqTi.png                                     0.15 kB
dist/assets/005-DYvee2FC.png                                     0.15 kB
dist/assets/008-DnF4DlnC.png                                     0.16 kB
dist/assets/001-C3S2MP-5.png                                     0.16 kB
dist/assets/001-CQ7Kiw1q.png                                     0.17 kB
dist/assets/001-DhBtRux1.png                                     0.17 kB
dist/assets/004-DbIbqggK.png                                     0.17 kB
dist/assets/006-CK8EIQt8.png                                     0.17 kB
dist/assets/001-qbR6tUi8.png                                     0.17 kB
dist/assets/010-BX4INnVv.png                                     0.18 kB
dist/assets/010-DZSuO3MW.png                                     0.18 kB
dist/assets/004-DlFWo1v-.png                                     0.18 kB
dist/assets/006-5Tc6Uxnk.png                                     0.18 kB
dist/assets/001-aGnHFhJ2.png                                     0.19 kB
dist/assets/002-BfD83fA0.png                                     0.19 kB
dist/assets/003-GS2-ExAd.png                                     0.19 kB
dist/assets/009-C0kuj5Ag.png                                     0.19 kB
dist/assets/003-DB5JMYcx.png                                     0.19 kB
dist/assets/002-DYshP8vU.png                                     0.19 kB
dist/assets/007-CUdK3r8J.png                                     0.20 kB
dist/assets/005-C1acfpJq.png                                     0.20 kB
dist/assets/002-DysJqDA_.png                                     0.20 kB
dist/assets/005-B91wFMUF.png                                     0.20 kB
dist/assets/008-B7uQEi6v.png                                     0.20 kB
dist/assets/001-CCD9wXOF.png                                     0.20 kB
dist/assets/002-D7yZFgXm.png                                     0.21 kB
dist/assets/005-DAuWwqfp.png                                     0.21 kB
dist/assets/004-9EfDXN0f.png                                     0.21 kB
dist/assets/001-V6DoE7r5.png                                     0.22 kB
dist/assets/003-B3FSC1k-.png                                     0.22 kB
dist/assets/009-BLWQgxIg.png                                     0.22 kB
dist/assets/003-DPyQvkWY.png                                     0.22 kB
dist/assets/002-D9gEwBfM.png                                     0.23 kB
dist/assets/008-C8Z78v21.png                                     0.23 kB
dist/assets/002-VzciFyu9.png                                     0.23 kB
dist/assets/007-BAee0SPn.png                                     0.23 kB
dist/assets/010-Cl0Dy6UF.png                                     0.23 kB
dist/assets/006-Ci_vkG_k.png                                     0.24 kB
dist/assets/007-C9U0gCzT.png                                     0.24 kB
dist/assets/008-Biyx97y7.png                                     0.24 kB
dist/assets/002-5ktgB4_r.png                                     0.25 kB
dist/assets/005-BvLBoZC_.png                                     0.25 kB
dist/assets/001-Bx3oN2ZP.png                                     0.25 kB
dist/assets/002-B1JAupLt.png                                     0.26 kB
dist/assets/009-BpkSVi3w.png                                     0.26 kB
dist/assets/006-mLIp14C-.png                                     0.26 kB
dist/assets/006-C5wLXK1X.png                                     0.26 kB
dist/assets/001-D-V4r1sv.png                                     0.27 kB
dist/assets/005-DpgB0JVJ.png                                     0.27 kB
dist/assets/010-vZRL5beX.png                                     0.27 kB
dist/assets/003-CpwDVm2P.png                                     0.27 kB
dist/assets/005-DsK13Py0.png                                     0.28 kB
dist/assets/004-B2mXSf0-.png                                     0.28 kB
dist/assets/004-BZpJZNlO.png                                     0.28 kB
dist/assets/009-C3gXiarN.png                                     0.28 kB
dist/assets/003-D7MSA-Wk.png                                     0.29 kB
dist/assets/007-s1ImT72N.png                                     0.29 kB
dist/assets/008-CzXqjaCt.png                                     0.30 kB
dist/assets/010-CLQnQItX.png                                     0.30 kB
dist/assets/008-9cwhx9PK.png                                     0.30 kB
dist/assets/005-Bx6AkbeM.png                                     0.30 kB
dist/assets/010-5TxZJ4H2.png                                     0.30 kB
dist/assets/004-DYTXo3GE.png                                     0.31 kB
dist/assets/004-BxGNyRik.png                                     0.31 kB
dist/assets/008-BNzv1E2L.png                                     0.31 kB
dist/assets/005-CER_y4VK.png                                     0.31 kB
dist/assets/007-CMAvnOC5.png                                     0.31 kB
dist/assets/003-HDhR8Rs3.png                                     0.31 kB
dist/assets/006-B8Q-OYlV.png                                     0.31 kB
dist/assets/004-B5AdPO1L.png                                     0.32 kB
dist/assets/001-DLRMdqHs.png                                     0.32 kB
dist/assets/004-B_0NorOO.png                                     0.32 kB
dist/assets/003-BG1v4IOM.png                                     0.32 kB
dist/assets/006-Cq4UgAqF.png                                     0.32 kB
dist/assets/012-WkYGhTc8.png                                     0.32 kB
dist/assets/009-C4FsPxmB.png                                     0.33 kB
dist/assets/002-DVUlZfzv.png                                     0.33 kB
dist/assets/007-B2E_0SSq.png                                     0.33 kB
dist/assets/006-lZIkJcWD.png                                     0.34 kB
dist/assets/005-CLSQ6Lxk.png                                     0.34 kB
dist/assets/011-_unkcvUz.png                                     0.35 kB
dist/assets/007-Cu4SmBa_.png                                     0.35 kB
dist/assets/001-BKLF4ZiY.png                                     0.35 kB
dist/assets/002-CuMCd7nM.png                                     0.35 kB
dist/assets/004-BSMyU3HD.png                                     0.35 kB
dist/assets/004-DUyF1zje.png                                     0.35 kB
dist/assets/002-BJP_nTM4.png                                     0.36 kB
dist/assets/007-CTvgPH_-.png                                     0.36 kB
dist/assets/003-_z-v7Hs5.png                                     0.36 kB
dist/assets/008-UkCqzq6k.png                                     0.38 kB
dist/assets/003-D9vqBFAM.png                                     0.38 kB
dist/assets/006-BiVaVmar.png                                     0.39 kB
dist/assets/006-DgmbPNtu.png                                     0.39 kB
dist/assets/007-B9pK4F3v.png                                     0.40 kB
dist/assets/008-CorozGBz.png                                     0.40 kB
dist/assets/004-CD3-L3qe.png                                     0.40 kB
dist/assets/003-aZvfjZFY.png                                     0.40 kB
dist/assets/005-BWBFj0hr.png                                     0.41 kB
dist/assets/004-xvfrimeL.png                                     0.42 kB
dist/assets/009-gMO-qK9J.png                                     0.43 kB
dist/assets/002-vdlaQljQ.png                                     0.43 kB
dist/assets/003-C3aTMlfp.png                                     0.44 kB
dist/assets/003-Esbbk1e1.png                                     0.45 kB
dist/assets/001-Cb86XWer.png                                     0.47 kB
dist/assets/009-CsjrBMqB.png                                     0.47 kB
dist/assets/002-CNCSCk5a.png                                     0.53 kB
dist/assets/005-Dk6oTVRb.png                                     0.54 kB
dist/assets/002-BUnVg4SI.png                                     0.55 kB
dist/assets/001-Drq76i74.png                                     0.56 kB
dist/assets/004-eu6gjvif.png                                     0.57 kB
dist/assets/003-D9kyq9zM.png                                     0.58 kB
dist/assets/008-Bzvwi2yP.png                                     0.60 kB
dist/assets/006-CeJrXOJ1.png                                     0.61 kB
dist/assets/004-s15_iTK-.png                                     0.63 kB
dist/assets/006-BXk-FhAv.png                                     0.63 kB
dist/assets/001-B8pyxtwI.png                                     0.63 kB
dist/assets/005-DVEOy-sO.png                                     0.64 kB
dist/assets/007-CnASzaf1.png                                     0.64 kB
dist/assets/007-EpaQxbkm.png                                     0.64 kB
dist/assets/002-PBLFxJbX.png                                     0.66 kB
dist/assets/008-DNGAfmRE.png                                     0.67 kB
dist/assets/009-mwgtr50P.png                                     0.68 kB
dist/assets/010-B9_RyKUV.png                                     0.70 kB
dist/assets/008-CYKCGLs0.png                                     0.71 kB
dist/assets/011-DC5cY5hw.png                                     0.72 kB
dist/assets/012-DD3Wg-c0.png                                     0.72 kB
dist/assets/002-B41mGD0n.png                                     0.76 kB
dist/assets/013-C1CEbF1H.png                                     0.77 kB
dist/assets/014-CtLr822d.png                                     0.78 kB
dist/assets/002-B5IvQCGu.png                                     0.79 kB
dist/assets/007-DOt-y9TD.png                                     0.79 kB
dist/assets/003-B1t2E0Ix.png                                     0.81 kB
dist/assets/015-CqUHw9ck.png                                     0.83 kB
dist/assets/003-BILMGSh2.png                                     0.85 kB
dist/assets/002-CfdqjBCW.png                                     0.86 kB
dist/assets/003-CH-0WgGg.png                                     0.86 kB
dist/assets/017-Nr84Gvfk.png                                     0.88 kB
dist/assets/018-kSDtpwRZ.png                                     0.92 kB
dist/assets/016-DhE6xF94.png                                     0.93 kB
dist/assets/019-DNZOmTI-.png                                     0.94 kB
dist/assets/002-CVB__15a.png                                     0.96 kB
dist/assets/005-BrpwcUdL.png                                     0.99 kB
dist/assets/020-BSvzBdSh.png                                     1.01 kB
dist/assets/003-Dzey_LuM.png                                     1.01 kB
dist/assets/006-DYSmBar1.png                                     1.03 kB
dist/assets/003-DBHLtAJP.png                                     1.07 kB
dist/assets/003-BXxTHnPw.png                                     1.07 kB
dist/assets/022-B7uEAgk-.png                                     1.09 kB
dist/assets/021-DRKh2cHo.png                                     1.10 kB
dist/assets/006-D94SVyM7.png                                     1.11 kB
dist/assets/002-CWpt3Ryu.png                                     1.12 kB
dist/assets/007-1hKJgw_w.png                                     1.12 kB
dist/assets/004-C9ftQNsE.png                                     1.13 kB
dist/assets/023-C3CCPny4.png                                     1.15 kB
dist/assets/003-BAmY-BNa.png                                     1.17 kB
dist/assets/024-BfnoebRg.png                                     1.19 kB
dist/assets/002-BAs5jNN1.png                                     1.22 kB
dist/assets/005-CrkmVPHs.png                                     1.23 kB
dist/assets/009-CuDC5xGI.png                                     1.25 kB
dist/assets/025-CNDvH2Ph.png                                     1.25 kB
dist/assets/004-Bth2uE8D.png                                     1.30 kB
dist/assets/026-D6BQ3MqG.png                                     1.33 kB
dist/assets/001-BtwAlX97.png                                     1.35 kB
dist/assets/027-BFBsrGDl.png                                     1.36 kB
dist/assets/008-CUvUGJdK.png                                     1.36 kB
dist/assets/003-CxlcfmW6.png                                     1.37 kB
dist/assets/004-Ddh7dNak.png                                     1.38 kB
dist/assets/006-zd0isHSR.png                                     1.40 kB
dist/assets/028-DXqz3Caw.png                                     1.41 kB
dist/assets/006-SYduoVWt.png                                     1.42 kB
dist/assets/029-Bq7E1dM_.png                                     1.45 kB
dist/assets/005-hzOY1-Ph.png                                     1.46 kB
dist/assets/004-DZqso-VW.png                                     1.48 kB
dist/assets/boundary-stele-CEdbShxk.png                          1.49 kB
dist/assets/004-BW09LC8M.png                                     1.50 kB
dist/assets/002-D0Od3mRQ.png                                     1.51 kB
dist/assets/010-CVxF8icK.png                                     1.52 kB
dist/assets/030-Cn5bd0Y5.png                                     1.53 kB
dist/assets/009-znBZhONf.png                                     1.56 kB
dist/assets/001-ClaBku9s.png                                     1.57 kB
dist/assets/007-CFRxOHKB.png                                     1.57 kB
dist/assets/004-BncilA63.png                                     1.57 kB
dist/assets/031-D9_RQxm3.png                                     1.63 kB
dist/assets/005-CY3QDoso.png                                     1.66 kB
dist/assets/002-CfE5ubev.png                                     1.68 kB
dist/assets/033-BZDitNcf.png                                     1.68 kB
dist/assets/034-C8G2kQgX.png                                     1.68 kB
dist/assets/003-qlZR-m56.png                                     1.71 kB
dist/assets/032-DAu682tS.png                                     1.72 kB
dist/assets/005-BHYXQEoz.png                                     1.72 kB
dist/assets/035-GSh_S3Cd.png                                     1.74 kB
dist/assets/002-DeGJOHzj.png                                     1.75 kB
dist/assets/036-Cf_4K_pL.png                                     1.78 kB
dist/assets/001-DsMYllw2.png                                     1.80 kB
dist/assets/008-COGzP0oR.png                                     1.82 kB
dist/assets/002-CWsKxgok.png                                     1.82 kB
dist/assets/008-9b8IVjqM.png                                     1.83 kB
dist/assets/006-DUjvZy7U.png                                     1.84 kB
dist/assets/003-32Hn2txi.png                                     1.85 kB
dist/assets/003-BmS457TF.png                                     1.88 kB
dist/assets/004-C3o5IcP1.png                                     1.88 kB
dist/assets/010-DoB4Uzw3.png                                     1.90 kB
dist/assets/007-B2a6skEO.png                                     1.92 kB
dist/assets/009-C-NhQjJ5.png                                     1.95 kB
dist/assets/006-SpzvqS30.png                                     1.98 kB
dist/assets/009-dzrD4byp.png                                     1.98 kB
dist/assets/003-CaqMI3T1.png                                     2.00 kB
dist/assets/005-DtEVjtYU.png                                     2.00 kB
dist/assets/boundary-lantern-ENiKdiIK.png                        2.02 kB
dist/assets/011-C0fTpSyf.png                                     2.08 kB
dist/assets/007-Bgp8PY32.png                                     2.09 kB
dist/assets/010-D9oCmgkC.png                                     2.10 kB
dist/assets/003-BU5KaT9m.png                                     2.20 kB
dist/assets/009-Cqf9_SN-.png                                     2.22 kB
dist/assets/003-BkIruPDd.png                                     2.27 kB
dist/assets/005-B4tnPgSV.png                                     2.30 kB
dist/assets/012-DYBPxIZz.png                                     2.31 kB
dist/assets/010-B06Sy3Im.png                                     2.34 kB
dist/assets/006-DKPo8DDu.png                                     2.40 kB
dist/assets/007-DzvHm7Iw.png                                     2.42 kB
dist/assets/012-DuPi9p-M.png                                     2.43 kB
dist/assets/011-ChX3p2ie.png                                     2.43 kB
dist/assets/004-CM5OaDbp.png                                     2.44 kB
dist/assets/005-Cutsz5_C.png                                     2.45 kB
dist/assets/001-aqXTxwhc.png                                     2.45 kB
dist/assets/002-CzcWj3Kv.png                                     2.49 kB
dist/assets/008-CLUmARk8.png                                     2.55 kB
dist/assets/013-C7WxG0hS.png                                     2.57 kB
dist/assets/007-CFNSAKft.png                                     2.62 kB
dist/assets/008-C6oBPc--.png                                     2.65 kB
dist/assets/008-CCXfwKtG.png                                     2.66 kB
dist/assets/001-CwSI0ioc.png                                     2.67 kB
dist/assets/004-C8j-ZQD4.png                                     2.69 kB
dist/assets/003-Dyb4LrGn.png                                     2.70 kB
dist/assets/013-BeehAsgS.png                                     2.70 kB
dist/assets/005-DjrHU_BC.png                                     2.73 kB
dist/assets/014-DTuWwcvw.png                                     2.74 kB
dist/assets/002-BHZcbl48.png                                     2.75 kB
dist/assets/020-Dk6MYciU.png                                     2.75 kB
dist/assets/005-CbY_V8Ke.png                                     2.75 kB
dist/assets/007-Dng2g_Hm.png                                     2.76 kB
dist/assets/001-D-NuWz7_.png                                     2.77 kB
dist/assets/021-Cix_oN25.png                                     2.77 kB
dist/assets/009-DLXPj5t5.png                                     2.78 kB
dist/assets/006-CswIX2_z.png                                     2.79 kB
dist/assets/010-DVhnC454.png                                     2.80 kB
dist/assets/004-CEMw95g4.png                                     2.80 kB
dist/assets/006-DhCOX9q4.png                                     2.81 kB
dist/assets/010-de2NOiah.png                                     2.81 kB
dist/assets/009-DVRvAMqV.png                                     2.81 kB
dist/assets/010-Ben7lhnE.png                                     2.84 kB
dist/assets/007-DAvP7oT2.png                                     2.85 kB
dist/assets/004-Bn1oMC0t.png                                     2.85 kB
dist/assets/002-qcc4u17K.png                                     2.86 kB
dist/assets/005-C_nrJRMz.png                                     2.87 kB
dist/assets/007-HysfUvhE.png                                     2.87 kB
dist/assets/015-D713FUGc.png                                     2.87 kB
dist/assets/004-DSAsctFX.png                                     2.88 kB
dist/assets/002-JLzFYRKp.png                                     2.89 kB
dist/assets/003-CIU4lD9h.png                                     2.90 kB
dist/assets/garden-court-listening-bench-X5ddhIAK.png            2.91 kB
dist/assets/005-DWIwJ40E.png                                     2.92 kB
dist/assets/006-Bwxg3iSY.png                                     2.93 kB
dist/assets/014-6N0GWHk-.png                                     2.96 kB
dist/assets/008-DfE8XbNW.png                                     2.96 kB
dist/assets/004-CL2jHoTe.png                                     2.97 kB
dist/assets/008-8gMbBes1.png                                     2.98 kB
dist/assets/016-BGTqAbIX.png                                     2.98 kB
dist/assets/022-BxxxY1gV.png                                     2.99 kB
dist/assets/008-C2WmxbQh.png                                     3.00 kB
dist/assets/007-C-Y0Y44v.png                                     3.07 kB
dist/assets/010-Co0PeKPe.png                                     3.08 kB
dist/assets/017-HBHoXtyf.png                                     3.08 kB
dist/assets/002-B1RlV7AH.png                                     3.09 kB
dist/assets/009-oB1C7Nhd.png                                     3.09 kB
dist/assets/001-5JXH1tsk.png                                     3.09 kB
dist/assets/006-BkJRvmyI.png                                     3.09 kB
dist/assets/006-CXxYLpAa.png                                     3.10 kB
dist/assets/004-Dck1j3DD.png                                     3.10 kB
dist/assets/005-C3p4e9Dj.png                                     3.10 kB
dist/assets/015-BEz2Ptk5.png                                     3.11 kB
dist/assets/018-DsLN1Stf.png                                     3.12 kB
dist/assets/010-C0TaeD0z.png                                     3.13 kB
dist/assets/018-DbfO16sP.png                                     3.15 kB
dist/assets/003-DRz32fik.png                                     3.16 kB
dist/assets/016-Bgq538GB.png                                     3.18 kB
dist/assets/001-BZxmPe4T.png                                     3.21 kB
dist/assets/019-BdqvA3P7.png                                     3.26 kB
dist/assets/027-BAm2hcni.png                                     3.27 kB
dist/assets/017-y-NRtTF4.png                                     3.28 kB
dist/assets/009-B2diod_w.png                                     3.32 kB
dist/assets/020-f3w84qkk.png                                     3.36 kB
dist/assets/005-Cc9EqN3p.png                                     3.36 kB
dist/assets/026-B26Kr4iE.png                                     3.36 kB
dist/assets/009-CvQRGJnr.png                                     3.37 kB
dist/assets/021-BcQYelXK.png                                     3.39 kB
dist/assets/023-BcDNvAbk.png                                     3.40 kB
dist/assets/007-DFXQWpik.png                                     3.41 kB
dist/assets/crossfire-glade-CzAI9wJc.webp                        3.42 kB
dist/assets/020-CGdxK5Z1.png                                     3.42 kB
dist/assets/019-BQkqH-Fz.png                                     3.44 kB
dist/assets/018-Bdns9qMH.png                                     3.52 kB
dist/assets/008-BSzGzGAi.png                                     3.53 kB
dist/assets/009-BsnyGm7R.png                                     3.53 kB
dist/assets/022-DKE02EVA.png                                     3.53 kB
dist/assets/021-BwT6-TGF.png                                     3.67 kB
dist/assets/023-B7ziwi_X.png                                     3.67 kB
dist/assets/024-CC8uRJVS.png                                     3.69 kB
dist/assets/019-CKhYTWDL.png                                     3.70 kB
dist/assets/022-DJewU1X1.png                                     3.77 kB
dist/assets/024-DMGGxq1R.png                                     3.79 kB
dist/assets/006-uQsPdHHi.png                                     3.80 kB
dist/assets/025-CxzXpQRm.png                                     3.80 kB
dist/assets/028-DfXTNSO4.png                                     3.82 kB
dist/assets/010-B2napHXv.png                                     3.85 kB
dist/assets/war-terrain-shadow-o5RG8IK_.webp                     3.86 kB
dist/assets/026-JCQA0G1t.png                                     3.90 kB
dist/assets/027-BUudw7VT.png                                     3.92 kB
dist/assets/023-D-c42xt0.png                                     3.93 kB
dist/assets/024-BUfy8LlV.png                                     4.03 kB
dist/assets/025-WKDKPjvo.png                                     4.17 kB
dist/assets/017-ZZ6G3PhT.png                                     4.18 kB
dist/assets/015-BCBWDIxv.png                                     4.20 kB
dist/assets/011-DQivzu9G.png                                     4.23 kB
dist/assets/016-CDaSU6EF.png                                     4.23 kB
dist/assets/role-assassin-DcpEvLHF.webp                          4.24 kB
dist/assets/foothold-HxzM8vXa.webp                               4.26 kB
dist/assets/026-BLdCO05n.png                                     4.27 kB
dist/assets/048-C3RlqDbz.png                                     4.27 kB
dist/assets/047-Cpe8IfPY.png                                     4.31 kB
dist/assets/041-BESZLYR3.png                                     4.35 kB
dist/assets/027-td7mVkLI.png                                     4.36 kB
dist/assets/025-D-ICAV36.png                                     4.36 kB
dist/assets/acolyte-coven-CX-nGO-k.webp                          4.37 kB
dist/assets/revenant-DFD9uf8D.webp                               4.40 kB
dist/assets/037-XqoORk0Q.png                                     4.43 kB
dist/assets/hollow-revenant-C5F-2SNx.webp                        4.55 kB
dist/assets/045-gJLgN_k5.png                                     4.57 kB
dist/assets/044-DQVoHa_f.png                                     4.59 kB
dist/assets/mission-hall-62hmwOhA.webp                           4.62 kB
dist/assets/043-F_RNnb7v.png                                     4.66 kB
dist/assets/stormglass-breach-CFn59D3Y.webp                      4.68 kB
dist/assets/035-CcnVNis3.png                                     4.69 kB
dist/assets/036-DC_iPr6l.png                                     4.70 kB
dist/assets/040-CX5BQeEF.png                                     4.73 kB
dist/assets/042-MOO31VFt.png                                     4.74 kB
dist/assets/033-CqfNjdPP.png                                     4.77 kB
dist/assets/broken-reflections-CadEWf1-.webp                     4.79 kB
dist/assets/046-C-LQPayl.png                                     4.80 kB
dist/assets/hunt-small-fang-BY0I-cG6.webp                        4.83 kB
dist/assets/029-G6RERLIC.png                                     4.83 kB
dist/assets/034-Bdgv3JwB.png                                     4.85 kB
dist/assets/element-earth-Bj17FfTy.webp                          4.85 kB
dist/assets/014-CtEaWvje.png                                     4.85 kB
dist/assets/key-art-BpBPHUNu.webp                                4.87 kB
dist/assets/030-3CX6Z4DY.png                                     4.87 kB
dist/assets/stormglass-citadel-B2RtZhPP.webp                     4.88 kB
dist/assets/hunt-wolf-fang-CYBvLipk.webp                         4.89 kB
dist/assets/031-WDU7hDO_.png                                     4.90 kB
dist/assets/039-DTiP8Jbl.png                                     4.92 kB
dist/assets/038-CC_otx6w.png                                     4.95 kB
dist/assets/012-CM98beHD.png                                     5.04 kB
dist/assets/028-BueQr3EU.png                                     5.05 kB
dist/assets/013-BDpBvtXl.png                                     5.07 kB
dist/assets/032-BsWk8BgY.png                                     5.10 kB
dist/assets/upgrade-hollowGate-DG7R82LK.webp                     5.18 kB
dist/assets/hold-the-line-BNjk-bej.webp                          5.19 kB
dist/assets/stat-training-BBpL7Pun.webp                          5.24 kB
dist/assets/home-C7nETXf3.webp                                   5.28 kB
dist/assets/story-hall-PCyYwKOo.webp                             5.34 kB
dist/assets/hospital-PurrzubF.webp                               5.43 kB
dist/assets/thousand-bolt-bridge-BLW7GpsH.webp                   5.48 kB
dist/assets/arena-mode-gauntlet-BpwZnlGY.webp                    5.62 kB
dist/assets/home-CgIoVeM6.webp                                   5.64 kB
dist/assets/home-D8UKgGic.webp                                   5.73 kB
dist/assets/thunder-archive-CygGXNsI.webp                        5.80 kB
dist/assets/archer-Cbm05lt6.webp                                 5.88 kB
dist/assets/tavern-CvZQuack.webp                                 5.89 kB
dist/assets/element-fire-CH9voD6X.webp                           5.89 kB
dist/assets/escort-vanguard-00oJxpX0.webp                        5.91 kB
dist/assets/stat-training-B1WzTxdR.webp                          5.95 kB
dist/assets/mission-hall-BCaQE0G9.webp                           5.96 kB
dist/assets/town-hall-BZ07e3tx.webp                              6.15 kB
dist/assets/blocker-DKj-O-kU.webp                                6.16 kB
dist/assets/hunt-cracked-horn-DzGqxoD_.webp                      6.18 kB
dist/assets/story-hall-Ck5g2Unl.webp                             6.24 kB
dist/assets/upgrade-hospital-Cnz3IFcS.webp                       6.25 kB
dist/assets/clan-hall-BblUyuCo.webp                              6.26 kB
dist/assets/hunt-titan-bone-NsnZCJJx.webp                        6.28 kB
dist/assets/bandit-8rXX2THL.webp                                 6.30 kB
dist/assets/upgrade-shop-CFknt6NP.webp                           6.33 kB
dist/assets/card-hall-D078eedX.webp                              6.33 kB
dist/assets/crest-earth-DgyN6f8B.webp                            6.35 kB
dist/assets/hospital-DHn5UNA0.webp                               6.37 kB
dist/assets/razor_fang-DRaEdJN9.webp                             6.40 kB
dist/assets/crest-lightning-CYP2AAf5.webp                        6.44 kB
dist/assets/shop-7sXBh_LF.webp                                   6.49 kB
dist/assets/hunt-shadow-claw-lE-fZjwX.webp                       6.50 kB
dist/assets/shop-BGQiLJxh.webp                                   6.52 kB
dist/assets/stormglass-crown-DIXtm1oH.webp                       6.54 kB
dist/assets/crest-wind-Q9g4Cdrl.webp                             6.60 kB
dist/assets/ward-Cb8HPl0-.webp                                   6.60 kB
dist/assets/vampiric_fang-BJ0qJPpj.webp                          6.69 kB
dist/assets/acolyte-D0auOqb9.webp                                6.70 kB
dist/assets/crest-water-B2bZBPDU.webp                            6.72 kB
dist/assets/crest-fire-W3NQXEm4.webp                             6.77 kB
dist/assets/element-water-DuI-uFzS.webp                          6.82 kB
dist/assets/tavern-Bs3HXGX2.webp                                 6.83 kB
dist/assets/spire-warden-I82XneNN.webp                           6.91 kB
dist/assets/hospital-E9Vp9eZt.webp                               6.92 kB
dist/assets/hunt-ancient-beast-core-Ca0evooW.webp                6.92 kB
dist/assets/world-map-DlxI8yzd.webp                              6.95 kB
dist/assets/cafeteria-DzngXYoo.webp                              6.96 kB
dist/assets/world-map-pphmmGtC.webp                              6.97 kB
dist/assets/war-terrain-volcano-lV6pYJci.webp                    7.21 kB
dist/assets/mission-hall-w9n6WGUD.webp                           7.21 kB
dist/assets/bank-BXAasf-s.webp                                   7.23 kB
dist/assets/shop-Dn6yCWzW.webp                                   7.34 kB
dist/assets/clan-hall-sIRbgY6C.webp                              7.36 kB
dist/assets/cistern-head-DV6X3r3Y.png                            7.44 kB
dist/assets/card-hall-3k_SED0Y.webp                              7.46 kB
dist/assets/war-terrain-central-Lv6JhZXU.webp                    7.49 kB
dist/assets/hunt-shadow-pelt-Iw-tGY0f.webp                       7.53 kB
dist/assets/hunt-ember-scale-DJkczERc.webp                       7.59 kB
dist/assets/stat-training-ce-poTxV.webp                          7.64 kB
dist/assets/upgrade-townDefense-BWlrIUh4.webp                    7.66 kB
dist/assets/story-hall-CGz1XYu6.webp                             7.69 kB
dist/assets/upgrade-missionHall-DpN5nJ4r.webp                    7.69 kB
dist/assets/battle-arena-Wr3cFUqG.webp                           7.74 kB
dist/assets/jutsu-training-CFy8ld9_.webp                         7.74 kB
dist/assets/cafeteria-BV4Lhr2D.webp                              7.79 kB
dist/assets/mission-hall-awWtuu19.webp                           7.84 kB
dist/assets/weaponCache-DfwBrQc4.webp                            7.89 kB
dist/assets/war-terrain-forest-BR1JQ7Ar.webp                     7.97 kB
dist/assets/card-hall-CI8CnHvJ.webp                              8.05 kB
dist/assets/element-lightning-s2cS2osk.webp                      8.05 kB
dist/assets/battle-arena-xn8Xy1xO.webp                           8.10 kB
dist/assets/pit-of-embers-hzjNouOq.webp                          8.11 kB
dist/assets/clan-hall-BnYqzsiD.webp                              8.14 kB
dist/assets/world-map-iqLRU4iQ.webp                              8.17 kB
dist/assets/volcano-Cy-guBBb.webp                                8.19 kB
dist/assets/world-map-DsrBA2EU.webp                              8.22 kB
dist/assets/frozen-gauntlet-CxoVkAgi.webp                        8.23 kB
dist/assets/blade-keeper-hana-DXW5QTyP.webp                      8.26 kB
dist/assets/tavern-Bb5NOnx5.webp                                 8.37 kB
dist/assets/spire-sovereign-DHSyxqfw.webp                        8.41 kB
dist/assets/hunt-ai-shadow-panther-Bj77tx_K.webp                 8.44 kB
dist/assets/tavern-Dzf43IzT.webp                                 8.49 kB
dist/assets/jutsu-training-BSpwYuiq.webp                         8.50 kB
dist/assets/war-structure-ramparts-BAgVwDLB.webp                 8.57 kB
dist/assets/cafeteria-Ck5J1Re8.webp                              8.58 kB
dist/assets/element-wind-CdnKGGHa.webp                           8.66 kB
dist/assets/war-terrain-snow-vnz2lIJO.webp                       8.68 kB
dist/assets/bank-DHqeo3Ui.webp                                   8.72 kB
dist/assets/home-JNNLzmVW.webp                                   8.72 kB
dist/assets/hospital-BYjAaxdS.webp                               8.84 kB
dist/assets/clan-upg-warRoom-BUOFDjb1.webp                       8.87 kB
dist/assets/meal-small-ramen-BrPc2M0X.webp                       8.97 kB
dist/assets/war-structure-watchtower-DR3-YdnC.webp               8.97 kB
dist/assets/warSupplyGrant-DiUuTN8Y.webp                         9.02 kB
dist/assets/jutsu-training-BN_lId1f.webp                         9.07 kB
dist/assets/clanBannerFrame-D37ngJQN.webp                        9.09 kB
dist/assets/arena-mode-colosseum-BGN0l2Av.webp                   9.10 kB
dist/assets/cafeteria-B8e-f7is.webp                              9.18 kB
dist/assets/story-hall-BHpmbXgv.webp                             9.20 kB
dist/assets/hunt-wild-feather-DMI9MkqG.webp                      9.27 kB
dist/assets/town-hall-Dzt_pXdA.webp                              9.29 kB
dist/assets/largeRyoPouch-DMr_rKFB.webp                          9.29 kB
dist/assets/hunt-beast-meat-hWMjDxjg.webp                        9.41 kB
dist/assets/stat-training-DzDJoM9-.webp                          9.41 kB
dist/assets/armorCache-DOQo5CQ5.webp                             9.47 kB
dist/assets/fest-broker-CuSdePnu.webp                            9.49 kB
dist/assets/epilogues-ashen-leaf-af6b7a9cc992-BegS2mth.json      9.50 kB │ gzip:   3.48 kB
dist/assets/town-hall-DBNyHXjG.webp                              9.50 kB
dist/assets/boneCharmCrate-BhmoGO_J.webp                         9.53 kB
dist/assets/bank-MG0DoMAx.webp                                   9.59 kB
dist/assets/war-structure-treasuryVault-Dw8ooHo1.webp            9.75 kB
dist/assets/hunt-torn-hide-DjfLQX0N.webp                         9.82 kB
dist/assets/upgrade-training-BQ9pKn4W.webp                       9.84 kB
dist/assets/meal-feast-DW-lRlUe.webp                             9.90 kB
dist/assets/garden-court-fountain-BJUppVpB.png                   9.97 kB
dist/assets/wandering-sage-DbySuHY8.webp                        10.02 kB
dist/assets/fateShardBundle-BwZJE-WS.webp                       10.13 kB
dist/index.html                                                 10.22 kB │ gzip:   3.65 kB
dist/assets/epilogues-frostfang-3c0828216497-BJeYNHbn.json      10.26 kB │ gzip:   3.85 kB
dist/assets/role-defender-DOzsVbX8.webp                         10.26 kB
dist/assets/sovereign-CxW1iRAf.webp                             10.27 kB
dist/assets/fateShardCrate-Su86drSz.webp                        10.30 kB
dist/assets/central-Bxo9jevg.webp                               10.38 kB
dist/assets/epilogues-stormveil-f15eb0b41f87-BFA9Cidv.json      10.39 kB │ gzip:   3.91 kB
dist/assets/hunt-ash-scale-Cnrhtnmw.webp                        10.40 kB
dist/assets/battle-arena-Dbv9ams4.webp                          10.45 kB
dist/assets/auraStone--MbazlAN.webp                             10.47 kB
dist/assets/hazard-CtCCF0jO.webp                                10.55 kB
dist/assets/jutsu-training-DYkLZRpI.webp                        10.64 kB
dist/assets/war-structure-supplyDepot-DKj633Mf.webp             10.66 kB
dist/assets/clan-hall-BLMUjYtF.webp                             10.74 kB
dist/assets/shop-MvJSKKcx.webp                                  10.76 kB
dist/assets/earth-CShA8QxJ.webp                                 10.81 kB
dist/assets/battle-arena-C1wH42IF.webp                          10.89 kB
dist/assets/role-tracker-DABZ6oE_.webp                          10.95 kB
dist/assets/bank-Cf-Cc7kn.webp                                  11.06 kB
dist/assets/clan-hall-citadel-t0fundAU.webp                     11.12 kB
dist/assets/auraStoneBundle-BIrp_Yop.webp                       11.17 kB
dist/assets/merc-shadow-DtFyllt2.webp                           11.25 kB
dist/assets/epilogues-moonshadow-e2d195f4c6eb-M-hH2DFc.json     11.28 kB │ gzip:   4.36 kB
dist/assets/hunter-rank-0-dFzbQMcO.webp                         11.29 kB
dist/assets/titan_heart-BXiQDdvJ.webp                           11.34 kB
dist/assets/merchant_charm-qAQZgniR.webp                        11.43 kB
dist/assets/hollow-warden-1HyjMuYC.webp                         11.54 kB
dist/assets/genin-9XBO88tj.webp                                 11.74 kB
dist/assets/role-sage-Dfzxao5C.webp                             11.77 kB
dist/assets/snow-DAIUnc8B.webp                                  11.80 kB
dist/assets/boneCharmBundle-_dy90s2b.webp                       11.82 kB
dist/assets/hunt-frost-pelt-CUqniP4p.webp                       11.85 kB
dist/assets/clan-upg-treasury-vDpEhP_B.webp                     11.92 kB
dist/assets/brute-CeWJKw4O.webp                                 11.95 kB
dist/assets/meal-shinobi-meal-BWGw-y0L.webp                     11.98 kB
dist/assets/clan-hall-camp-BHQCG_sU.webp                        12.00 kB
dist/assets/clan-upg-scoutNetwork-6Bn8pd4M.webp                 12.03 kB
dist/assets/card-hall-DNjTLj7V.webp                             12.08 kB
dist/assets/clan-hall-fortress-BDJUb-d5.webp                    12.16 kB
dist/assets/ravager-D45DLiuw.webp                               12.21 kB
dist/assets/upgrade-petYard-DbsH1uAZ.webp                       12.46 kB
dist/assets/upgrade-jutsuTraining-BkT7NH9O.webp                 12.47 kB
dist/assets/font-BQY_JdMe.webp                                  12.52 kB
dist/assets/upgrade-bank-A0LiRltc.webp                          12.52 kB
dist/assets/smallRyoPouch-3i-2Pvzo.webp                         12.70 kB
dist/assets/chronicle-scribe-lock-X7LCyWGj.webp                 12.73 kB
dist/assets/forest-Cp7rzksW.webp                                12.80 kB
dist/assets/warden-By7djaXF.webp                                13.10 kB
dist/assets/lantern-warden-mei-CiMBOL5S.webp                    13.13 kB
dist/assets/aegis_plating-B9jZEjD_.webp                         13.28 kB
dist/assets/hunter-rank-2-BhC-e_8Q.webp                         13.34 kB
dist/assets/duel-broker-kesshi-BDUEBopq.webp                    13.42 kB
dist/assets/veil-mother-suzu-ByUE3Pvq.webp                      13.49 kB
dist/assets/clan-hall-compound-3Pzb7bEx.webp                    13.72 kB
dist/assets/clan-upg-trainingGrounds-Bbltimxm.webp              13.78 kB
dist/assets/war-wincon-card-DhfKh5Ix.webp                       13.88 kB
dist/assets/bandit-2-D6ylkk9P.webp                              13.96 kB
dist/assets/arena-floor-shadow-Dpl5jK2A.webp                    14.12 kB
dist/assets/honorSealBundle-CyoQ4O2K.webp                       14.16 kB
dist/assets/hunter-rank-3-BYeiUDFK.webp                         14.17 kB
dist/assets/hunt-ai-shadow-panther-idle-GaFwaq7T.webp           14.22 kB
dist/assets/fire-CrDZDXXm.webp                                  14.34 kB
dist/assets/clan-upg-blacksmith-tRAX3X1w.webp                   14.45 kB
dist/assets/apex-ai-ember-drake-CujJLEH4.webp                   14.82 kB
dist/assets/lucky_coin-C1D3nXBs.webp                            14.89 kB
dist/assets/garden-court-kaio-tree-DksmdmFa.png                 14.91 kB
dist/assets/clan-boss-kage-DYZXyhYc.webp                        15.01 kB
dist/assets/hunter-rank-1-OOVh_ok1.webp                         15.08 kB
dist/assets/war-crest-NRjOYXHF.webp                             15.20 kB
dist/assets/house-kuroban-DvtUPku9.webp                         15.40 kB
dist/assets/merc-oni-C9BAlDqR.webp                              15.41 kB
dist/assets/clan-upg-petDen-JjCsUE_n.webp                       15.47 kB
dist/assets/kageCoffer-CSuq-cX1.webp                            15.49 kB
dist/assets/premiumFateShardCrate-DYp_SbQU.webp                 15.51 kB
dist/assets/clan-upg-medicalWing-BQiwPg-A.webp                  15.56 kB
dist/assets/hunter-rank-5-DSYP43M1.webp                         15.57 kB
dist/assets/merc-ronin-C5bBCZB8.webp                            15.68 kB
dist/assets/hunt-legendary-material-Co1oyUYP.webp               15.72 kB
dist/assets/valve-house-CDgP5o7n.png                            15.83 kB
dist/assets/apex-ai-moon-serpent-rgTZwPnl.webp                  15.95 kB
dist/assets/spire-banner-DlWjkyvo.webp                          16.03 kB
dist/assets/hunter-rank-4-BdZZaqFn.webp                         16.05 kB
dist/assets/hunt-ai-forest-hawk-BxsFhu0j.webp                   16.18 kB
dist/assets/bramble_mail-Bn-TZwBB.webp                          16.30 kB
dist/assets/endless-tower-hero-DuN1mNlx.webp                    16.34 kB
dist/assets/phoenix_plume-KHpkrRss.webp                         16.37 kB
dist/assets/merc-reaver-BqH6iDke.webp                           16.42 kB
dist/assets/greaterWarSupplyGrant-Dk3EmLKZ.webp                 16.53 kB
dist/assets/hunt-ai-ancient-chakra-beast-RDGSJwS4.webp          17.11 kB
dist/assets/shadow-8AFIC9JT.webp                                17.22 kB
dist/assets/mapless-ojii-sLEv82sX.webp                          17.49 kB
dist/assets/geyser-By-O2haC.webp                                17.57 kB
dist/assets/owned-sector-frostfang-KKiK93V6.webp                17.61 kB
dist/assets/hunt-ai-moon-serpent-mRh2n2Gy.webp                  17.89 kB
dist/assets/egg-earth-B5wIFW4M.webp                             17.91 kB
dist/assets/lightning-Db468zbC.webp                             17.91 kB
dist/assets/shrine-0SxcDNUV.webp                                17.92 kB
dist/assets/apex-ai-worldstorm-dragon-sXlvsQUF.webp             17.99 kB
dist/assets/water-oog5Q1MU.webp                                 18.53 kB
dist/assets/owned-sector-moonshadow-Clt8tV7t.webp               18.53 kB
dist/assets/storm-caller-ryn-CUJhKBrq.webp                      18.63 kB
dist/assets/owned-sector-stormveil-DtRJVzGW.webp                18.69 kB
dist/assets/bandit-warlord-DWjslgep.webp                        18.79 kB
dist/assets/wind-Ce0J5OTX.webp                                  19.17 kB
dist/assets/stoneward-Zb2ZXPXx.webp                             19.37 kB
dist/assets/rift-boss-mirror-shard-idle-B5M-qYx5.webp           19.43 kB
dist/assets/court-arbiter-CHkEWPu9.webp                         19.68 kB
dist/assets/egg-water-CQkQj7tf.webp                             19.71 kB
dist/assets/hunt-ai-worldstorm-dragon-BlIpF3ns.webp             19.81 kB
dist/assets/hunt-ai-ember-drake-nhpaubth.webp                   20.02 kB
dist/assets/bell-wraith-B0rdQW5x.webp                           20.08 kB
dist/assets/egg-lightning-B73SZOU-.webp                         20.55 kB
dist/assets/owned-sector-ashenleaf-COuRaGvC.webp                20.66 kB
dist/assets/hunt-ai-ironback-bear-MT43Xju-.webp                 20.77 kB
dist/assets/hunt-ai-ash-lizard-XeBAqjaY.webp                    20.84 kB
dist/assets/merc-warlord-BZPFy138.webp                          20.88 kB
dist/assets/clan-doctrine-medics-u4HJmj8l.webp                  21.36 kB
dist/assets/iron-pilgrim-daigo-B4brwc3I.webp                    21.46 kB
dist/assets/bandit-3-VnaPMo31.webp                              21.76 kB
dist/assets/hunt-ai-frost-wolf-C44dJEIZ.webp                    21.82 kB
dist/assets/builtin-ai-academy-sparring-idle-CvIymqjf.webp      21.96 kB
dist/assets/moonshadow-B--3uyS8.webp                            22.05 kB
dist/assets/shrine-power-Dk-JigqS.webp                          22.11 kB
dist/assets/clan-hall-dojo-DF9BL3cs.webp                        22.14 kB
dist/assets/ashen-leaf-BxsQuHij.webp                            22.25 kB
dist/assets/chain_charm-CMGPZ9ln.webp                           22.32 kB
dist/assets/sage-Dg8etBc4.webp                                  22.52 kB
dist/assets/stormveil-DK4inab_.webp                             22.83 kB
dist/assets/hollow-gate-BMg0DUXZ.webp                           22.84 kB
dist/assets/keeper-rowhouse-xSXMmg89.png                        23.01 kB
dist/assets/clan-doctrine-warmonger-BMg8dSl_.webp               23.02 kB
dist/assets/puppeteer-itoguchi-DKfXt6T5.webp                    23.06 kB
dist/assets/builtin-ai-exam-proctor-idle-BAQBeJ-I.webp          23.20 kB
dist/assets/bloodline-forge-hero-ooyEygEK.webp                  23.65 kB
dist/assets/shrine-mend-CbH1dgx0.webp                           23.72 kB
dist/assets/apex-ai-ancient-chakra-beast-B9AWON4l.webp          23.76 kB
dist/assets/central-BdsarVTC.webp                               23.80 kB
dist/assets/hunt-ai-wild-boar-BSPotuBY.webp                     24.02 kB
dist/assets/clan-boss-leviathan-BzvMiaxu.webp                   24.09 kB
dist/assets/apex-banner-XPUeDZ6u.webp                           24.78 kB
dist/assets/messages-courier-hero-BIgePKiO.webp                 24.84 kB
dist/assets/frostfang-ClKZ1Qal.webp                             24.97 kB
dist/assets/clan-boss-oni-Bj9M6X9d.webp                         25.02 kB
dist/assets/arrival-gate-C1lindAx.png                           25.77 kB
dist/assets/nemesis-Bdu1ahVN.webp                               25.93 kB
dist/assets/tower-heavy-idle-B1ufh-cE.webp                      26.06 kB
dist/assets/gauntlet-shop-To-6orsC.webp                         26.88 kB
dist/assets/sectorbanner-CFMfVUIJ.webp                          27.28 kB
dist/assets/tower-armored-boss-idle-BrwAx6Op.webp               27.40 kB
dist/assets/rift-boss-hollow-stalker-idle-BNdFX2A_.webp         28.58 kB
dist/assets/annex-attendant-sero-BBQysRhS.webp                  28.59 kB
dist/assets/rift-boss-engine-echo-idle-3cFxBREx.webp            28.64 kB
dist/assets/rift-boss-hollow-legacy-idle-DXeS9ZmY.webp          28.65 kB
dist/assets/clan-doctrine-scholars-CZZ6mJMV.webp                29.46 kB
dist/assets/bandit-By9xGk_K.webp                                29.55 kB
dist/assets/bounty-hunter-_qK9TjHG.webp                         29.65 kB
dist/assets/tower-ravager-idle-EbVCPssc.webp                    29.87 kB
dist/assets/hunter-guild-board-DlvVZIGN.webp                    29.98 kB
dist/assets/hunt-ai-forest-hawk-idle-t2uajZSi.webp              30.04 kB
dist/assets/ai-rival-fallback-idle-C5ff8psZ.webp                30.55 kB
dist/assets/hunt-ai-ash-lizard-idle-CcNF8pvc.webp               30.64 kB
dist/assets/swift_wind-DdXC_3E6.webp                            30.65 kB
dist/assets/hunt-ai-wild-boar-idle-DVz9WQJM.webp                31.39 kB
dist/assets/bandit-captain-goro-CHKZ9aA5.webp                   32.45 kB
dist/assets/gambler-ZttN2Jk8.webp                               32.56 kB
dist/assets/pump-house-DbmalTsi.png                             32.60 kB
dist/assets/war-structure-warAcademy-1cH5sbme.webp              33.10 kB
dist/assets/oathkeeper-bel-BZUQRQOg.webp                        33.14 kB
dist/assets/clan-doctrine-merchant-DOjX7O3L.webp                33.35 kB
dist/assets/ledger-keeper-mun-DZdYFmrs.webp                     33.53 kB
dist/assets/clan-boss-golem-BBgGU54X.webp                       33.53 kB
dist/assets/engine-hall-C_xAi8hG.png                            33.68 kB
dist/assets/archive-warden-ashi-CDkVbESv.webp                   33.74 kB
dist/assets/hunt-ai-frost-wolf-idle-CjkbVqtD.webp               34.12 kB
dist/assets/lodge-steward-nia-BHUf0Hnv.webp                     34.15 kB
dist/assets/high-court-council-annex-Dop_0WZ9.png               34.31 kB
dist/assets/hunt-ai-ironback-bear-idle-DJdstXwM.webp            34.54 kB
dist/assets/hunter-shirakawa-BKWnK71D.webp                      34.80 kB
dist/assets/academy-sparring-partner-ByRa6Btk.webp              35.16 kB
dist/assets/arena-floor-volcano-DkJMKOsG.webp                   35.42 kB
dist/assets/patrol-CoViTTg8.webp                                35.46 kB
dist/assets/town-hall-ChKBeJWj.webp                             35.67 kB
dist/assets/ashbound-cinder-BDCdQCkT.webp                       35.88 kB
dist/assets/garden-court-pavilion-FP4HJ6RK.png                  36.66 kB
dist/assets/apex-ai-ember-drake-idle-C5qpDd6z.webp              36.81 kB
dist/assets/merchant-BZpegz74.webp                              36.84 kB
dist/assets/builtin-ai-mist-sentinel-idle-C0O7AuAh.webp         37.58 kB
dist/assets/hunt-ai-ember-drake-idle-HmzcWMHH.webp              37.74 kB
dist/assets/tracker-DrVdtiVT.webp                               37.81 kB
dist/assets/arena-floor-snow-DmkHCpfz.webp                      38.33 kB
dist/assets/medic-ce4w1TJY.webp                                 38.38 kB
dist/assets/war-structure-barracks-ql9MK6Uu.webp                38.63 kB
dist/assets/rift-boss-legacy-echo-idle-Bq8Wbxpu.webp            39.04 kB
dist/assets/pilgrim-CA-BY4nZ.webp                               39.35 kB
dist/assets/builtin-ai-rogue-ninja-idle-CqVVGAMq.webp           39.50 kB
dist/assets/hunt-ai-ancient-chakra-beast-idle-CJNpQ-i5.webp     40.16 kB
dist/assets/shards-35-DssARdgP.webp                             41.03 kB
dist/assets/builtin-ai-shadow-weaver-idle-D4AlQ5bX.webp         41.34 kB
dist/assets/builtin-ai-central-champion-idle-Bt1UEnKC.webp      41.60 kB
dist/assets/apex-ai-worldstorm-dragon-idle-CJD-KVzI.webp        42.24 kB
dist/assets/arena-floor-forest-Tif3Tg7Z.webp                    42.30 kB
dist/assets/rift-boss-warren-alpha-idle-BrxcLlrE.webp           42.37 kB
dist/assets/bm-crate-closed-WdmOmg2J.webp                       42.54 kB
dist/assets/raiju-storm-hound-D80W7Rhf.webp                     42.61 kB
dist/assets/rift-boss-gate-heir-idle-DQnLO9HH.webp              42.61 kB
dist/assets/builtin-ai-ember-duelist-idle-Dme3silR.webp         42.64 kB
dist/assets/background-image-B0RA1C7e.webp                      42.90 kB
dist/assets/courier-BF08UnNN.webp                               42.91 kB
dist/assets/hunt-ai-worldstorm-dragon-idle-DgGr_zoT.webp        43.22 kB
dist/assets/kazan-ashbound-0RfovAca.webp                        43.34 kB
dist/assets/stable-hand-pell-CzpB8j81.webp                      43.37 kB
dist/assets/warden-windup-CA8xbPMr.webp                         43.82 kB
dist/assets/breeding-barn-BNnTuLAq.webp                         44.10 kB
dist/assets/tea-apprentice-juno-DRhhY8Z4.webp                   44.11 kB
dist/assets/supporter-BpadMB_T.webp                             44.35 kB
dist/assets/bellwarden-isu-DDl-bs2B.webp                        44.74 kB
dist/assets/high-court-record-hall-Bxx9lQTZ.png                 46.07 kB
dist/assets/bed-corner-BxAPtLN2.png                             46.62 kB
dist/assets/shards-900-BagAN_v7.webp                            46.63 kB
dist/assets/academy-training-dummy-CZYWv9ma.webp                46.72 kB
dist/assets/engineer-tam-Bj-_G7Ym.webp                          47.13 kB
dist/assets/shards-420-DmKBVhUO.webp                            47.90 kB
dist/assets/arena-floor-central-B9Psb4Qw.webp                   47.93 kB
dist/assets/ashbound-slag-DDlic5Xj.webp                         48.56 kB
dist/assets/registrar-orin-Z4PKlYEV.webp                        48.59 kB
dist/assets/ashbound-raider-CU008YYz.webp                       48.62 kB
dist/assets/warden-idle-DiyS7tlR.webp                           49.20 kB
dist/assets/stormcaller-Ccg6b1wF.webp                           49.36 kB
dist/assets/mirror-shogun-BYvDa3A4.webp                         49.40 kB
dist/assets/warfront-rite-keyart-BsXvUI19.webp                  49.49 kB
dist/assets/market-stall-module-v2-CAHsjPS3.png                 49.70 kB
dist/assets/scribe-vey-BThmJGgG.webp                            50.03 kB
dist/assets/war-wincon-pet-CWDg0vYa.webp                        50.10 kB
dist/assets/tower-spectral-boss-idle-CMSvWLBs.webp              50.28 kB
dist/assets/warden-walk-TBbJzndw.webp                           50.32 kB
dist/assets/warden-slam-5mv__8G2.webp                           51.02 kB
dist/assets/war-wincon-combat-DtyLZiPl.webp                     51.34 kB
dist/assets/shards-155-kjlAdUdq.webp                            51.36 kB
dist/assets/apex-ai-ancient-chakra-beast-idle-m1PlEr3z.webp     51.71 kB
dist/assets/sena-vale-Cq3Es5Mo.webp                             51.88 kB
dist/assets/void-emperor-BV93UZZP.webp                          51.98 kB
dist/assets/kuro-portrait-gpAJzZAP.webp                         52.12 kB
dist/assets/hollow-gate-Bk8yejKa.webp                           52.34 kB
dist/assets/clan-boss-oni-idle-DP-NLBUh.webp                    52.38 kB
dist/assets/road-events-f6b84bc6948a-BQccdNqA.json              52.88 kB │ gzip:  19.87 kB
dist/assets/court-courier-nemi-DsHyAMqO.webp                    53.12 kB
dist/assets/stormglass-weaver-CfD0sFml.webp                     53.23 kB
dist/assets/builtin-ai-frost-sealer-idle-CPxmj5ww.webp          53.57 kB
dist/assets/pet-rite.worker-CMWwFu-Z.js                         55.45 kB
dist/assets/battle-plan-bg-CMqTjKs-.webp                        55.72 kB
dist/assets/grove-floor-BEfzEZtu.webp                           56.25 kB
dist/assets/tower-scout-6mgCNuo9.webp                           56.63 kB
dist/assets/market-runner-yori-ZGY5-lWH.webp                    57.57 kB
dist/assets/apex-ai-moon-serpent-idle-0HjiPCJY.webp             57.83 kB
dist/assets/stormglass-marksman-CxH84FQb.webp                   58.18 kB
dist/assets/echoes-of-war-f50a0d09ec69-DJxWKmzE.json            58.80 kB │ gzip:  19.51 kB
dist/assets/feed-merchant-rho-BSzHSc71.webp                     59.44 kB
dist/assets/storm-floor-DUPdq9Vt.webp                           59.44 kB
dist/assets/hunt-ai-moon-serpent-idle-Bs4XRs0g.webp             59.81 kB
dist/assets/tower-caster-idle-BElolzGt.webp                     60.17 kB
dist/assets/home-LF8Evkgz.webp                                  60.48 kB
dist/assets/old-kaio-rsaPSrvP.webp                              60.62 kB
dist/assets/tomoe-portrait-DNyuv0wS.webp                        61.11 kB
dist/assets/first-contract-combat-v2-B4nFkvih.webp              61.53 kB
dist/assets/field-scenes-fb758c7e1cc5-DSB_pmjE.json             61.64 kB │ gzip:  20.34 kB
dist/assets/guides-content-RmnT0MFX.json                        62.65 kB │ gzip:  16.97 kB
dist/assets/clan-boss-golem-idle-BNDPYHgS.webp                  62.70 kB
dist/assets/egg-wind-BpwBJbmz.webp                              64.67 kB
dist/assets/frost-floor-CKy-oPt-.webp                           65.19 kB
dist/assets/duel-fire-DFaHHYRS.webp                             65.26 kB
dist/assets/high-court-garden-strip-Cw0Bj60l.png                66.96 kB
dist/assets/ceremony-mobile-DicF4Qv-.webp                       70.46 kB
dist/assets/demo-emberfox-opvY7qSc.webp                         71.29 kB
dist/assets/hidden-dojo-CD5wg2yw.webp                           72.11 kB
dist/assets/garden-lodge-CgsAXzPO.png                           72.92 kB
dist/assets/pet-duel-hero-DI5tK55r.webp                         73.11 kB
dist/assets/bed-long-CgCC-TRK.png                               73.18 kB
dist/assets/thunder-archivist-Cri28d00.webp                     73.54 kB
dist/assets/dojo-hero-mobile-BPQELP1f.webp                      73.58 kB
dist/assets/coop-hero-C49tVsl8.webp                             73.65 kB
dist/assets/bm-crate-open-CsIhByAM.webp                         74.13 kB
dist/assets/vanguard-BkQugTjL.webp                              74.58 kB
dist/assets/gauntlet-hero-C0gujNEa.webp                         74.68 kB
dist/assets/shrine-falls-portrait-D6GSsN0A.webp                 74.86 kB
dist/assets/rightmenu-D5IERgiX.webp                             75.10 kB
dist/assets/clan-boss-leviathan-idle-iFV2H6QW.webp              75.79 kB
dist/assets/duel-wind-Bmup0ay8.webp                             75.81 kB
dist/assets/v3-bonding-cedar-B0-kaOPw.png                       76.03 kB
dist/assets/stormglass-bastion-BDPeASeP.webp                    76.10 kB
dist/assets/duel-water-BONQVODR.webp                            76.30 kB
dist/assets/stormglass-lancer-2Cr3n1HN.webp                     76.38 kB
dist/assets/storm-bg-DuhUIi3p.webp                              76.65 kB
dist/assets/duel-lightning-DujfC8Hm.webp                        77.53 kB
dist/assets/duel-earth-uGPFbYNU.webp                            81.86 kB
dist/assets/v3-stable-tack-annex-BhUmwKwm.png                   82.30 kB
dist/assets/egg-fire-CpEucM2P.webp                              83.22 kB
dist/assets/frontier-outpost-kGI5W4Hl.webp                      85.09 kB
dist/assets/volcano-floor-BR7FBSNz.webp                         85.10 kB
dist/assets/high-court-main-archive-B1Fhq9VX.png                85.79 kB
dist/assets/frost-bg-B5Ri8GGs.webp                              86.34 kB
dist/assets/stormglass-regent-CbwF5rQO.webp                     88.79 kB
dist/assets/guardian-hall-CA6WLauC.png                          89.82 kB
dist/assets/tower--UkcAlOA.webp                                 89.83 kB
dist/assets/daily-briefing-B_MLcBBz.webp                        91.25 kB
dist/assets/mission-hall-B9INo8kG.webp                          92.33 kB
dist/assets/hospital-CfFmlkqJ.webp                              93.11 kB
dist/assets/volcano-bg-Cr4vThJe.webp                            94.96 kB
dist/assets/chamber-BeJDaF-f.webp                               95.12 kB
dist/assets/tavern-h1Zrq-H3.webp                                95.30 kB
dist/assets/v3-feed-store-temporary-z9hKwwK_.png               100.37 kB
dist/assets/tomoe-kuro-key-art-3FPnLXOj.webp                   100.92 kB
dist/assets/v3-kennel-service-house-B_W9d7Zn.png               101.26 kB
dist/assets/v3-kennel-pavilion-BQdRsSvf.png                    103.29 kB
dist/assets/v3-kennel-infirmary-BrJVjQxN.png                   103.88 kB
dist/assets/warfront-rite-card-BtBySiuX.webp                   104.77 kB
dist/assets/pettamer-DNQ9kRLt.webp                             105.07 kB
dist/assets/story-hall-DsaY8BNe.webp                           106.73 kB
dist/assets/council-hall-command-v2-BlDD10gH.webp              106.77 kB
dist/assets/first-contract-discovery-v2-Ki8l_oHf.webp          107.63 kB
dist/assets/jutsu-training-BpnEkfjI.webp                       109.36 kB
dist/assets/v3-handler-lodge-Ddi9aidp.png                      109.53 kB
dist/assets/pet-arena-command-v2-DOwElSh3.webp                 109.54 kB
dist/assets/shop-BftDQndH.webp                                 111.38 kB
dist/assets/board-BI5opLK8.webp                                114.25 kB
dist/assets/bank-CVgMualE.webp                                 116.38 kB
dist/assets/cafeteria-C-l2DVhZ.webp                            116.75 kB
dist/assets/ice-DOm4vL0T.webp                                  116.96 kB
dist/assets/first-contract-companion-v2-SIHd9o9W.webp          117.51 kB
dist/assets/temple-CctSHm6t.webp                               118.57 kB
dist/assets/overview-CqZJtuBv.webp                             119.80 kB
dist/assets/central-command-v2-SEsjwUPx.webp                   121.10 kB
dist/assets/healer-J_N-x6Hu.webp                               121.90 kB
dist/assets/hatch-chromatic-overlay-BuC5bga9.webp              122.61 kB
dist/assets/autumn-maple-b-CZW0nUHB.png                        125.39 kB
dist/assets/battle-arena-vc0_AImv.webp                         126.22 kB
dist/assets/first-contract-hero-v2-dds9FBcm.webp               127.39 kB
dist/assets/world-map-C93W3w9U.webp                            128.75 kB
dist/assets/stat-training-DZlu3FOc.webp                        130.40 kB
dist/assets/card-hall-CImKvJZG.webp                            131.85 kB
dist/assets/frostfang-90b09cad45ea-DZptOwny.json               137.38 kB │ gzip:  35.73 kB
dist/assets/stormveil-village-6UP_vwah.webp                    137.75 kB
dist/assets/moonshadow-960b036b4da5-CSmOpLNt.json              139.64 kB │ gzip:  35.96 kB
dist/assets/stormveil-749f99b1813f-7HRX03Zs.json               141.05 kB │ gzip:  36.35 kB
dist/assets/combat-citadel-DiHCUrky.webp                       141.78 kB
dist/assets/town-hall-command-center-COaWj5yi.webp             141.99 kB
dist/assets/coliseum-bg-6COjE3Sb.webp                          142.19 kB
dist/assets/meadow-DXHM355h.webp                               143.37 kB
dist/assets/pet-yard-Cz_pxTcT.webp                             144.90 kB
dist/assets/floor-storm-DwOjHfA5.webp                          146.00 kB
dist/assets/ashen-leaf-04980501b3e5-3wqj-gyh.json              147.96 kB │ gzip:  36.23 kB
dist/assets/companion-sanctuary-BpyG5CwG.webp                  151.66 kB
dist/assets/civic-district-BXKhPGhx.webp                       152.62 kB
dist/assets/water-Ch7JzmQT.webp                                155.09 kB
dist/assets/jutsu-seal-fallback-CgyGswk9.webp                  155.23 kB
dist/assets/archive-armory-Ck4WTNbS.webp                       155.99 kB
dist/assets/pet-arena-command-mobile-v2-C-x74m7w.webp          156.26 kB
dist/assets/shiranui-field-seal-DWsR2ZGe.webp                  157.56 kB
dist/assets/meadow2-BPbMgt3M.webp                              157.59 kB
dist/assets/dark-CfUcxQm_.webp                                 158.07 kB
dist/assets/crafter-forge-v1-CNsqsE3p.webp                     163.60 kB
dist/assets/grove-bg-YTk55DG5.webp                             166.47 kB
dist/assets/sunscar-queen-v1-DYWAe8qp.webp                     167.07 kB
dist/assets/market-merchant-rowhouse-v2-nvzs-Ebf.png           170.16 kB
dist/assets/fire-BHs2b28V.webp                                 173.15 kB
dist/assets/forrest-B-LaENpy.webp                              174.57 kB
dist/assets/battle-towers-key-art-v1-DGgt6aat.webp             174.59 kB
dist/assets/moonshadow-B4PbsrH-.webp                           179.42 kB
dist/assets/clan-vault-hero-CtqQvF5Q.webp                      179.84 kB
dist/assets/hatch-sanctum-DyG8Br4q.webp                        180.36 kB
dist/assets/castle-BQjLe-QJ.webp                               182.91 kB
dist/assets/shrine-falls-landscape-C8cEm708.webp               184.84 kB
dist/assets/sunscar-queen-body-v1-CpR0TmmA.webp                185.81 kB
dist/assets/water-DGkkVZhS.webp                                188.28 kB
dist/assets/hollow-trace-uZLsF5Bo.webp                         191.68 kB
dist/assets/living-world-BdH3Pv74.webp                         193.14 kB
dist/assets/field-manual-Doakaaql.webp                         198.46 kB
dist/assets/foothold-Bs7ux6oP.webp                             201.79 kB
dist/assets/hatch-rare-overlay-BHpZBJA_.webp                   204.23 kB
dist/assets/crossfire-glade-BnLyy4N5.webp                      207.12 kB
dist/assets/tomoe-prologue-BlgI0otx.webp                       209.25 kB
dist/assets/companion-squad-DfzMI5qw.webp                      212.02 kB
dist/assets/collection-cell-lineup-DIb_K2Yt.webp               212.25 kB
dist/assets/acolyte-coven-BljFjxfI.webp                        214.09 kB
dist/assets/v3-vale-stable-BK48gDix.png                        214.56 kB
dist/assets/coliseum-floor-DIgsBexK.webp                       217.85 kB
dist/assets/market-waterside-workshop-v2-Dklj90s_.png          217.88 kB
dist/assets/earth-CEDi73Mo.webp                                222.04 kB
dist/assets/pursuit-pack-CgK-zYAz.webp                         222.29 kB
dist/assets/hold-the-line-Dzgh8M3x.webp                        224.65 kB
dist/assets/companion-sanctuary-BnmGG84Q.webp                  226.15 kB
dist/assets/ceremony-BH2bgC-3.webp                             227.29 kB
dist/assets/reckoning-outskirts-DE09r-3o.webp                  227.72 kB
dist/assets/escort-vanguard-BE_VcLOC.webp                      231.78 kB
dist/assets/hollow-revenant-Cyd0PAYK.webp                      233.51 kB
dist/assets/lightning-BPYRpCRg.webp                            234.81 kB
dist/assets/stormglass-breach-LSvU3P8G.webp                    238.74 kB
dist/assets/wind-BFkmjTDY.webp                                 244.40 kB
dist/assets/house1-D6cz5Vr4.webp                               244.74 kB
dist/assets/stormglass-citadel-DwGPROAU.webp                   245.61 kB
dist/assets/floor-lava-DyJwumUd.webp                           245.66 kB
dist/assets/dojo-hero-XpPEQ51P.webp                            247.64 kB
dist/assets/tomoe-finale-B6vbVt26.webp                         248.48 kB
dist/assets/sunscar-exchange-v1-B4xGzXDN.webp                  257.74 kB
dist/assets/market-walkthrough-arcade-v2-DYhFLaK9.png          258.00 kB
dist/assets/bell-quarter-architecture-strip-DugaWyro.png       258.25 kB
dist/assets/combat-tactics-lD8bzGnd.webp                       260.14 kB
dist/assets/autumn-maple-a-CRfwcQPq.png                        260.30 kB
dist/.vite/manifest.json                                       273.28 kB │ gzip:  44.44 kB
dist/assets/gauntlet-board-BpC5drDs.webp                       275.10 kB
dist/assets/broken-reflections-CjF0TYX7.webp                   281.48 kB
dist/assets/floor-earth-Cp-ha2MM.webp                          311.63 kB
dist/assets/spire-warden-C3E-rCWk.webp                         313.71 kB
dist/assets/frozen-gauntlet-BJkoFAR5.webp                      317.35 kB
dist/assets/sunscar-festival-v2-ZIHpJWwi.webp                  332.45 kB
dist/assets/thousand-bolt-bridge-BS1oQvRW.webp                 338.35 kB
dist/assets/spire-sovereign-DD2Atj9r.webp                      344.93 kB
dist/assets/sunken-court-street-props-XyglYVlr.webp            345.24 kB
dist/assets/pit-of-embers-BO_dvlbU.webp                        348.65 kB
dist/assets/floor-water-DSAh4AYf.webp                          366.53 kB
dist/assets/floor-wind-D-RLXsnp.webp                           377.83 kB
dist/assets/sunken-court-key-art-B6nE-649.webp                 379.68 kB
dist/assets/stormglass-crown-BE7xctQV.webp                     388.74 kB
dist/assets/thunder-archive-Cw2lH298.webp                      389.80 kB
dist/assets/shiranui-Dx6L7tMD.webp                             410.15 kB
dist/assets/shiranui-blink-JbRDPwWL.webp                       414.65 kB
dist/assets/shiranui-speak-csk0f9gp.webp                       416.62 kB
dist/assets/sunken-court-architecture-atlas-CNIp-Mc9.webp      439.54 kB
dist/assets/sunscar-journey-atlas-v1-si6omZtX.webp             456.39 kB
dist/assets/colosseum-raked-CieQo_A0.webp                      469.57 kB
dist/assets/quake-p-Ol7rwJ.webp                                519.21 kB
dist/assets/sunken-court-tile-atlas-NZiSvt-M.webp              551.87 kB
dist/assets/world_map-v2-Dj56r5lk.webp                         557.62 kB
dist/assets/stormbolt-8oda1Hi6.webp                            578.89 kB
dist/assets/firewall-CxXOxOlO.webp                             606.12 kB
dist/assets/tactics-diorama-DzxIEg6b.webp                      612.46 kB
dist/assets/tornado-Cz3vmanZ.webp                              733.94 kB
dist/assets/tsunami-gP3s17hY.webp                              785.59 kB
dist/assets/CardHall-_DBjiff0.css                                0.30 kB │ gzip:   0.17 kB
dist/assets/IntroCompanion3D-BdtMfoOI.css                        0.62 kB │ gzip:   0.29 kB
dist/assets/LeftProfileCard-BQftVgdH.css                         0.68 kB │ gzip:   0.30 kB
dist/assets/ToastStacksContent--viP99ce.css                      1.99 kB │ gzip:   0.83 kB
dist/assets/LiveServiceNotice-CMLQZ5iK.css                       2.16 kB │ gzip:   0.87 kB
dist/assets/HunterBoard-9rBveXNK.css                             2.18 kB │ gzip:   0.89 kB
dist/assets/AdminPanel-C3_kcAmZ.css                              2.52 kB │ gzip:   0.96 kB
dist/assets/Profile-TG7fDfre.css                                 2.56 kB │ gzip:   0.82 kB
dist/assets/IncomingChallengeModal-CNpFicy4.css                  2.82 kB │ gzip:   1.11 kB
dist/assets/RankUpCelebration-DYp-aeIe.css                       3.52 kB │ gzip:   1.26 kB
dist/assets/StoryBoss-B3zBzEVA.css                               6.22 kB │ gzip:   1.91 kB
dist/assets/training-skin-JgRg7NmV.css                           6.45 kB │ gzip:   1.49 kB
dist/assets/HallOfLegends-BfZs_vRM.css                           7.98 kB │ gzip:   2.25 kB
dist/assets/PetGauntlet-DnnvLrsF.css                             8.60 kB │ gzip:   2.53 kB
dist/assets/merc-roam-client-Bufb2GRL.css                        8.89 kB │ gzip:   2.34 kB
dist/assets/FirstContractRoutes-DOvIscb0.css                     9.57 kB │ gzip:   2.93 kB
dist/assets/PetLadder-BAEejd_G.css                               9.63 kB │ gzip:   2.55 kB
dist/assets/PetMentorGuide-CKfs-1K4.css                          9.72 kB │ gzip:   2.85 kB
dist/assets/OnboardingCoach-B_3gujNk.css                        11.02 kB │ gzip:   3.25 kB
dist/assets/CharacterCreator-BgrqzQKz.css                       11.53 kB │ gzip:   3.03 kB
dist/assets/CentralHub-Ct5cbvKd.css                             11.93 kB │ gzip:   3.53 kB
dist/assets/Inventory-DvuU91hx.css                              14.30 kB │ gzip:   3.20 kB
dist/assets/ProfessionPicker-DZJY_Quk.css                       14.58 kB │ gzip:   3.61 kB
dist/assets/GuidesLibrary-DtFl9Auf.css                          16.65 kB │ gzip:   3.80 kB
dist/assets/TownHall-e1dchYsu.css                               16.95 kB │ gzip:   3.78 kB
dist/assets/Training-BMmiqAsm.css                               17.49 kB │ gzip:   4.05 kB
dist/assets/MissionArenaFight-CihUNGfy.css                      17.76 kB │ gzip:   2.69 kB
dist/assets/CardPackOpening-6kHAYlRx.css                        18.67 kB │ gzip:   5.01 kB
dist/assets/Professions-C2tNomol.css                            18.96 kB │ gzip:   4.28 kB
dist/assets/EchoesOfWar-CP_-oave.css                            20.54 kB │ gzip:   5.17 kB
dist/assets/dojo-circuit-CKEYNgwW.css                           21.94 kB │ gzip:   5.31 kB
dist/assets/PetYard-COZSGwDK.css                                22.15 kB │ gzip:   4.55 kB
dist/assets/FirstPact-DPH-Q5ng.css                              22.73 kB │ gzip:   5.71 kB
dist/assets/WorldCrisis-DdHALncp.css                            22.79 kB │ gzip:   5.27 kB
dist/assets/mobile-noncombat-aaa-CWQzP8C_.css                   25.87 kB │ gzip:   4.86 kB
dist/assets/useVnArtwork-BmJghDKJ.css                           26.70 kB │ gzip:   6.75 kB
dist/assets/PetArena-CLvcm2rS.css                               27.32 kB │ gzip:   5.99 kB
dist/assets/BloodlineMaker-CIL2Acan.css                         27.96 kB │ gzip:   5.01 kB
dist/assets/pet-skin-CCnxR_xM.css                               29.39 kB │ gzip:   5.64 kB
dist/assets/BattleTowerFight-2_FR86Gd.css                       30.03 kB │ gzip:   6.67 kB
dist/assets/IntroCinematic-DIp-Jzpb.css                         30.26 kB │ gzip:   7.45 kB
dist/assets/WorldMap-BieO-u89.css                               33.44 kB │ gzip:   7.64 kB
dist/assets/BattleTowers-C-JDKznJ.css                           34.13 kB │ gzip:   6.91 kB
dist/assets/hub-screens-skin-CrkXQ3HH.css                       34.93 kB │ gzip:   6.32 kB
dist/assets/pet-home-CwJh6ayd.css                               36.25 kB │ gzip:   8.02 kB
dist/assets/PetShowdownBattle-2MnqAnoE.css                      43.02 kB │ gzip:   9.13 kB
dist/assets/PetWarfrontRite-C-UQK6nH.css                        49.15 kB │ gzip:   9.67 kB
dist/assets/SunscarFestival-5l1W4fhR.css                        57.52 kB │ gzip:  12.41 kB
dist/assets/central-skin-D38r8NOX.css                           68.14 kB │ gzip:  14.28 kB
dist/assets/profile-skin-IXKgcRo0.css                           73.70 kB │ gzip:  12.90 kB
dist/assets/ChronicleCardView-D-BS4pRy.css                     112.33 kB │ gzip:  21.99 kB
dist/assets/battle-skin-pyZYgMl4.css                           169.75 kB │ gzip:  25.14 kB
dist/assets/index-Bnx7eAnm.css                                 556.75 kB │ gzip: 108.84 kB
dist/assets/c-C9qdP2Kw.js                                        0.04 kB │ gzip:   0.06 kB
dist/assets/c-DLR7P1oX.js                                        0.05 kB │ gzip:   0.07 kB
dist/assets/c-DHPV8Yrx.js                                        0.08 kB │ gzip:   0.09 kB
dist/assets/c-C5t2Nc8b.js                                        0.12 kB │ gzip:   0.10 kB
dist/assets/c-M1-zGLSW.js                                        0.13 kB │ gzip:   0.10 kB
dist/assets/c-69s-XGFj.js                                        0.14 kB │ gzip:   0.12 kB
dist/assets/c-juTiHnzR.js                                        0.18 kB │ gzip:   0.14 kB
dist/assets/c-Bmzgyaf8.js                                        0.23 kB │ gzip:   0.19 kB
dist/assets/c-ngF5itia.js                                        0.23 kB │ gzip:   0.16 kB
dist/assets/c-BF8dqXxa.js                                        0.24 kB │ gzip:   0.16 kB
dist/assets/c-mRIcTsnl.js                                        0.26 kB │ gzip:   0.17 kB
dist/assets/c-CBO6eFT3.js                                        0.29 kB │ gzip:   0.22 kB
dist/assets/c-BgHD1KJ2.js                                        0.31 kB │ gzip:   0.19 kB
dist/assets/c-BM2bGdH2.js                                        0.32 kB │ gzip:   0.24 kB
dist/assets/c-BfeuGZJp.js                                        0.32 kB │ gzip:   0.25 kB
dist/assets/c-C9uto9YB.js                                        0.32 kB │ gzip:   0.22 kB
dist/assets/c-COxB15zi.js                                        0.32 kB │ gzip:   0.22 kB
dist/assets/c-DmKuHKqX.js                                        0.33 kB │ gzip:   0.24 kB
dist/assets/c-BSWffIbl.js                                        0.33 kB │ gzip:   0.24 kB
dist/assets/c-JH19GqbV.js                                        0.33 kB │ gzip:   0.24 kB
dist/assets/c-Ds8qv4pD.js                                        0.37 kB │ gzip:   0.26 kB
dist/assets/c-D_9MyUBn.js                                        0.37 kB │ gzip:   0.25 kB
dist/assets/c-pXBabeIQ.js                                        0.38 kB │ gzip:   0.24 kB
dist/assets/c-1tKHYlZT.js                                        0.38 kB │ gzip:   0.22 kB
dist/assets/c-B4H4MFIo.js                                        0.38 kB │ gzip:   0.28 kB
dist/assets/c-JZJ5SCMg.js                                        0.39 kB │ gzip:   0.23 kB
dist/assets/c-CY93G50q.js                                        0.41 kB │ gzip:   0.29 kB
dist/assets/c-DV8nkJYg.js                                        0.41 kB │ gzip:   0.29 kB
dist/assets/c-DaKPiAxB.js                                        0.43 kB │ gzip:   0.27 kB
dist/assets/c-BPVK0oyI.js                                        0.44 kB │ gzip:   0.29 kB
dist/assets/c-CavcQFzZ.js                                        0.47 kB │ gzip:   0.27 kB
dist/assets/c-B3HulO_H.js                                        0.47 kB │ gzip:   0.30 kB
dist/assets/c-D3y4FxA_.js                                        0.48 kB │ gzip:   0.31 kB
dist/assets/c-CGnOIjQQ.js                                        0.51 kB │ gzip:   0.31 kB
dist/assets/c-MA6iEjEn.js                                        0.53 kB │ gzip:   0.31 kB
dist/assets/c-rS_O5mKk.js                                        0.53 kB │ gzip:   0.31 kB
dist/assets/c-D0N0d30F.js                                        0.53 kB │ gzip:   0.35 kB
dist/assets/c-B7Xu-K_S.js                                        0.54 kB │ gzip:   0.39 kB
dist/assets/c-DSmDYMkC.js                                        0.58 kB │ gzip:   0.37 kB
dist/assets/c-C7nwwmtg.js                                        0.58 kB │ gzip:   0.36 kB
dist/assets/c-aVeni8sM.js                                        0.61 kB │ gzip:   0.31 kB
dist/assets/c--qmwcWsy.js                                        0.63 kB │ gzip:   0.36 kB
dist/assets/c-C4Km9ew9.js                                        0.64 kB │ gzip:   0.38 kB
dist/assets/c-CtYTbbO2.js                                        0.64 kB │ gzip:   0.38 kB
dist/assets/c-CK51Uq-6.js                                        0.65 kB │ gzip:   0.38 kB
dist/assets/c-CCCrRLl6.js                                        0.68 kB │ gzip:   0.39 kB
dist/assets/c-BVM14K7V.js                                        0.70 kB │ gzip:   0.32 kB
dist/assets/c-hePW80VL.js                                        0.71 kB │ gzip:   0.42 kB
dist/assets/c-9KtEw_41.js                                        0.72 kB │ gzip:   0.33 kB
dist/assets/c-BwTLKCKx.js                                        0.78 kB │ gzip:   0.35 kB
dist/assets/c-C8dqTwSo.js                                        0.79 kB │ gzip:   0.45 kB
dist/assets/c-Bd-uSYe4.js                                        0.82 kB │ gzip:   0.39 kB
dist/assets/c-Cf7K0hyj.js                                        0.88 kB │ gzip:   0.50 kB
dist/assets/c-Deb1MkwP.js                                        0.89 kB │ gzip:   0.54 kB
dist/assets/c-g9HHeQoq.js                                        0.90 kB │ gzip:   0.57 kB
dist/assets/c-C5XgjMZH.js                                        0.94 kB │ gzip:   0.45 kB
dist/assets/c-B3SOEoym.js                                        0.96 kB │ gzip:   0.44 kB
dist/assets/c-yB9Oz79t.js                                        0.98 kB │ gzip:   0.36 kB
dist/assets/c-so-986XL.js                                        1.09 kB │ gzip:   0.66 kB
dist/assets/c-DZyPbmex.js                                        1.10 kB │ gzip:   0.57 kB
dist/assets/c-DU9hZd2W.js                                        1.12 kB │ gzip:   0.47 kB
dist/assets/c-07fLHxe4.js                                        1.19 kB │ gzip:   0.70 kB
dist/assets/c-DLlZnmC6.js                                        1.19 kB │ gzip:   0.57 kB
dist/assets/c-FzzZnlIS.js                                        1.21 kB │ gzip:   0.56 kB
dist/assets/c-CQ7-mteU.js                                        1.22 kB │ gzip:   0.59 kB
dist/assets/c-BO-FPUD-.js                                        1.25 kB │ gzip:   0.66 kB
dist/assets/c-BGLHfgSh.js                                        1.27 kB │ gzip:   0.70 kB
dist/assets/c-2Z77PEId.js                                        1.28 kB │ gzip:   0.70 kB
dist/assets/c-CYOaOr3R.js                                        1.29 kB │ gzip:   0.71 kB
dist/assets/c-DdHvo6wc.js                                        1.36 kB │ gzip:   0.80 kB
dist/assets/c-BfuGqt5T.js                                        1.38 kB │ gzip:   0.57 kB
dist/assets/c-Dx_knBv1.js                                        1.38 kB │ gzip:   0.62 kB
dist/assets/c-Clopb5cW.js                                        1.39 kB │ gzip:   0.65 kB
dist/assets/c-8BvgJk3b.js                                        1.41 kB │ gzip:   0.63 kB
dist/assets/c-Czo1jH-3.js                                        1.46 kB │ gzip:   0.78 kB
dist/assets/c-CThskta6.js                                        1.47 kB │ gzip:   0.64 kB
dist/assets/c-CECRfRKD.js                                        1.49 kB │ gzip:   0.71 kB
dist/assets/c-D6AfylfX.js                                        1.50 kB │ gzip:   0.71 kB
dist/assets/c-bseure1R.js                                        1.53 kB │ gzip:   0.72 kB
dist/assets/c-BPM11nNk.js                                        1.57 kB │ gzip:   0.80 kB
dist/assets/c-BvyKbvWf.js                                        1.59 kB │ gzip:   0.66 kB
dist/assets/c-Bmq5af66.js                                        1.61 kB │ gzip:   0.80 kB
dist/assets/c-9oL_-vHq.js                                        1.61 kB │ gzip:   0.83 kB
dist/assets/c-DqDYMck-.js                                        1.64 kB │ gzip:   0.74 kB
dist/assets/c-Dj_tXDso.js                                        1.66 kB │ gzip:   0.93 kB
dist/assets/c-DqzHTwS-.js                                        1.74 kB │ gzip:   0.95 kB
dist/assets/c-BZhAe_IO.js                                        1.74 kB │ gzip:   0.68 kB
dist/assets/c-DsEo8dS8.js                                        1.76 kB │ gzip:   0.89 kB
dist/assets/c-BoxV5HMr.js                                        1.79 kB │ gzip:   0.99 kB
dist/assets/c-CAxkiAMO.js                                        1.84 kB │ gzip:   0.82 kB
dist/assets/c-CHbiuoqg.js                                        1.88 kB │ gzip:   0.72 kB
dist/assets/c-DWCpeppQ.js                                        1.88 kB │ gzip:   1.05 kB
dist/assets/c-gNjTWMdp.js                                        1.89 kB │ gzip:   0.95 kB
dist/assets/c-CGlB9wLn.js                                        1.91 kB │ gzip:   1.08 kB
dist/assets/c-Dck1RdaS.js                                        1.93 kB │ gzip:   0.63 kB
dist/assets/c-BRCZ2nTC.js                                        1.94 kB │ gzip:   0.96 kB
dist/assets/c-C4hoJQbM.js                                        1.96 kB │ gzip:   0.91 kB
dist/assets/c-Dl5a--5X.js                                        1.98 kB │ gzip:   1.03 kB
dist/assets/c-zTBs6W-T.js                                        2.02 kB │ gzip:   1.00 kB
dist/assets/c-DIO0fI0B.js                                        2.04 kB │ gzip:   0.94 kB
dist/assets/c-nJ489xVY.js                                        2.07 kB │ gzip:   0.80 kB
dist/assets/c-DlZFSND1.js                                        2.09 kB │ gzip:   1.17 kB
dist/assets/c-BrE_Fw62.js                                        2.13 kB │ gzip:   1.04 kB
dist/assets/c-xRJEv_hr.js                                        2.17 kB │ gzip:   1.10 kB
dist/assets/c-BlrYHcpi.js                                        2.22 kB │ gzip:   0.91 kB
dist/assets/c-No4hA9h1.js                                        2.24 kB │ gzip:   1.02 kB
dist/assets/c-BlHINa8H.js                                        2.24 kB │ gzip:   1.10 kB
dist/assets/c-CZpAsQFr.js                                        2.25 kB │ gzip:   1.03 kB
dist/assets/c-Cvyo5TAY.js                                        2.36 kB │ gzip:   1.10 kB
dist/assets/c-CFJcwP5l.js                                        2.36 kB │ gzip:   1.08 kB
dist/assets/c-DfSZWcjU.js                                        2.46 kB │ gzip:   1.25 kB
dist/assets/c-CrzZkipy.js                                        2.47 kB │ gzip:   0.82 kB
dist/assets/c-CdZoj3C7.js                                        2.49 kB │ gzip:   1.22 kB
dist/assets/c-Bib--QUW.js                                        2.50 kB │ gzip:   1.26 kB
dist/assets/c-gJowNfdl.js                                        2.57 kB │ gzip:   1.38 kB
dist/assets/c-BxCEskSD.js                                        2.59 kB │ gzip:   1.21 kB
dist/assets/c-BlI0FJBi.js                                        2.61 kB │ gzip:   1.12 kB
dist/assets/c-Bp_9KE1f.js                                        2.64 kB │ gzip:   1.28 kB
dist/assets/c-D9dSJXjw.js                                        2.75 kB │ gzip:   1.39 kB
dist/assets/c-C0JMonNK.js                                        2.77 kB │ gzip:   1.17 kB
dist/assets/c-CahVOUnj.js                                        2.80 kB │ gzip:   1.26 kB
dist/assets/c-CWBtvREf.js                                        2.85 kB │ gzip:   1.14 kB
dist/assets/c-MccaatvQ.js                                        2.88 kB │ gzip:   1.45 kB
dist/assets/c-Che9-88T.js                                        2.89 kB │ gzip:   1.15 kB
dist/assets/c-B8Bam0kQ.js                                        2.94 kB │ gzip:   1.33 kB
dist/assets/c-_JW2u-od.js                                        3.00 kB │ gzip:   1.33 kB
dist/assets/c-Dw0lS3UJ.js                                        3.08 kB │ gzip:   1.37 kB
dist/assets/c-BFzWDwe-.js                                        3.16 kB │ gzip:   1.38 kB
dist/assets/c-CxvxLsLU.js                                        3.23 kB │ gzip:   1.66 kB
dist/assets/c-D-PE8giV.js                                        3.25 kB │ gzip:   1.38 kB
dist/assets/c-7geZmf9e.js                                        3.27 kB │ gzip:   1.59 kB
dist/assets/c-y9XctjgO.js                                        3.37 kB │ gzip:   1.39 kB
dist/assets/c-CT79PjPZ.js                                        3.42 kB │ gzip:   1.41 kB
dist/assets/c-LhPIa193.js                                        3.42 kB │ gzip:   1.66 kB
dist/assets/c-BVdm202R.js                                        3.44 kB │ gzip:   1.33 kB
dist/assets/c-anTFN5y8.js                                        3.51 kB │ gzip:   1.82 kB
dist/assets/c-1VEmxv2X.js                                        3.54 kB │ gzip:   1.46 kB
dist/assets/c-DZTkm9hi.js                                        3.64 kB │ gzip:   1.51 kB
dist/assets/c-DD0-dOFw.js                                        3.69 kB │ gzip:   1.41 kB
dist/assets/c-CsPNvwDp.js                                        3.72 kB │ gzip:   1.56 kB
dist/assets/c-DgbBK2L-.js                                        3.84 kB │ gzip:   1.67 kB
dist/assets/c-BGj_12Ix.js                                        3.97 kB │ gzip:   1.50 kB
dist/assets/c-XTz4EEGt.js                                        3.99 kB │ gzip:   1.42 kB
dist/assets/c-C-WmkBVY.js                                        4.02 kB │ gzip:   1.77 kB
dist/assets/c-DqfM0fLh.js                                        4.10 kB │ gzip:   1.24 kB
dist/assets/c-dIvRKhui.js                                        4.17 kB │ gzip:   1.84 kB
dist/assets/c-BGZguOyJ.js                                        4.18 kB │ gzip:   1.62 kB
dist/assets/c-DweeECZa.js                                        4.21 kB │ gzip:   1.66 kB
dist/assets/c-CqaTEmEt.js                                        4.40 kB │ gzip:   1.74 kB
dist/assets/c-Ciup7jrI.js                                        4.42 kB │ gzip:   1.72 kB
dist/assets/c-C9caG_-i.js                                        4.45 kB │ gzip:   1.73 kB
dist/assets/c-CK8oH3kh.js                                        4.50 kB │ gzip:   2.23 kB
dist/assets/c-bbVt1Gat.js                                        4.52 kB │ gzip:   1.99 kB
dist/assets/c-Dpr9Xu2K.js                                        4.55 kB │ gzip:   1.63 kB
dist/assets/c-CmAmH4Vn.js                                        4.61 kB │ gzip:   2.03 kB
dist/assets/c-qEjVqNee.js                                        4.77 kB │ gzip:   1.90 kB
dist/assets/c-B-KrnXY9.js                                        4.82 kB │ gzip:   2.08 kB
dist/assets/c-q7uKNklj.js                                        4.88 kB │ gzip:   1.82 kB
dist/assets/c-BX4A6FqQ.js                                        4.99 kB │ gzip:   2.03 kB
dist/assets/c-Gf3qmPBc.js                                        5.06 kB │ gzip:   1.71 kB
dist/assets/c-BdFRgCKc.js                                        5.33 kB │ gzip:   2.32 kB
dist/assets/c-CjkbWPot.js                                        5.38 kB │ gzip:   0.51 kB
dist/assets/c-BeP_Wdk9.js                                        5.51 kB │ gzip:   2.39 kB
dist/assets/c-372qRI7G.js                                        5.51 kB │ gzip:   1.76 kB
dist/assets/c-DSzXD8D8.js                                        5.54 kB │ gzip:   2.46 kB
dist/assets/c-AIR7WV5i.js                                        5.70 kB │ gzip:   2.17 kB
dist/assets/c-2VMYdXCC.js                                        5.81 kB │ gzip:   2.05 kB
dist/assets/c-CGJSlt4J.js                                        5.90 kB │ gzip:   2.66 kB
dist/assets/c-Cga4c3jq.js                                        5.99 kB │ gzip:   2.19 kB
dist/assets/c-DYBYm7BN.js                                        6.13 kB │ gzip:   1.93 kB
dist/assets/c-D9KwF9Qb.js                                        6.45 kB │ gzip:   1.94 kB
dist/assets/c-D0KINNK_.js                                        6.57 kB │ gzip:   2.51 kB
dist/assets/c-lodZXamW.js                                        6.63 kB │ gzip:   2.32 kB
dist/assets/c-Bigwi4fp.js                                        6.70 kB │ gzip:   1.94 kB
dist/assets/c-C8YMTG1l.js                                        6.81 kB │ gzip:   2.58 kB
dist/assets/c-CJ2kL2HR.js                                        6.91 kB │ gzip:   2.67 kB
dist/assets/c-ChRMNuta.js                                        7.14 kB │ gzip:   2.50 kB
dist/assets/c-C0SV7w9r.js                                        7.36 kB │ gzip:   2.66 kB
dist/assets/c-B7vn5QfD.js                                        7.42 kB │ gzip:   2.87 kB
dist/assets/c-Cb66w-UD.js                                        7.49 kB │ gzip:   2.71 kB
dist/assets/c-Cy9EqEtx.js                                        7.90 kB │ gzip:   2.31 kB
dist/assets/c-CiFceGKR.js                                        7.93 kB │ gzip:   2.64 kB
dist/assets/c-kGwwGXz7.js                                        7.96 kB │ gzip:   3.55 kB
dist/assets/c-BlfJuBsQ.js                                        8.29 kB │ gzip:   3.30 kB
dist/assets/c-TAYM_K5u.js                                        8.40 kB │ gzip:   2.83 kB
dist/assets/c-Ca2UdIA1.js                                        8.41 kB │ gzip:   3.26 kB
dist/assets/c-Inj_oMwT.js                                        8.62 kB │ gzip:   2.55 kB
dist/assets/c-DUClmDkz.js                                        8.96 kB │ gzip:   3.21 kB
dist/assets/c-scKQ1u8G.js                                        8.99 kB │ gzip:   2.92 kB
dist/assets/c-DtwBqAiV.js                                        9.00 kB │ gzip:   3.53 kB
dist/assets/c-C9RB2YVt.js                                        9.13 kB │ gzip:   2.76 kB
dist/assets/c-BeMOMKVg.js                                        9.15 kB │ gzip:   3.28 kB
dist/assets/c-CR-TALmS.js                                        9.92 kB │ gzip:   4.10 kB
dist/assets/c-BWa_8so4.js                                        9.98 kB │ gzip:   3.24 kB
dist/assets/c-BmQgwuoA.js                                       10.39 kB │ gzip:   4.09 kB
dist/assets/c-DOEoDEIX.js                                       10.43 kB │ gzip:   3.76 kB
dist/assets/c-CBG_Kw1h.js                                       10.76 kB │ gzip:   3.94 kB
dist/assets/c-CjP5GnPd.js                                       10.91 kB │ gzip:   3.98 kB
dist/assets/c-DyXh4jKR.js                                       11.15 kB │ gzip:   2.99 kB
dist/assets/c-WFkOWV_h.js                                       11.41 kB │ gzip:   3.97 kB
dist/assets/c-CTPhF8MB.js                                       11.54 kB │ gzip:   3.92 kB
dist/assets/c-CIqzzR6_.js                                       11.71 kB │ gzip:   3.74 kB
dist/assets/c-By01JiCd.js                                       12.04 kB │ gzip:   4.03 kB
dist/assets/c-D8WmdYDy.js                                       12.26 kB │ gzip:   4.69 kB
dist/assets/c-GM87CjBV.js                                       13.14 kB │ gzip:   5.50 kB
dist/assets/c-Dvd1RG9o.js                                       14.16 kB │ gzip:   4.88 kB
dist/assets/c-C-SHGW5C.js                                       14.80 kB │ gzip:   5.44 kB
dist/assets/c-BWDCMVCL.js                                       15.52 kB │ gzip:   4.74 kB
dist/assets/c-CeHuNdjY.js                                       15.72 kB │ gzip:   5.53 kB
dist/assets/c-DAKionWU.js                                       15.91 kB │ gzip:   4.13 kB
dist/assets/c-Bv3CxgPa.js                                       17.08 kB │ gzip:   6.45 kB
dist/assets/c-BF243ONb.js                                       17.34 kB │ gzip:   5.29 kB
dist/assets/c-AAJAebfi.js                                       17.68 kB │ gzip:   6.34 kB
dist/assets/c-BXBMgGAF.js                                       17.68 kB │ gzip:   6.04 kB
dist/assets/c-BoPbUhf7.js                                       17.74 kB │ gzip:   7.31 kB
dist/assets/c-DEOIDHqd.js                                       18.08 kB │ gzip:   5.41 kB
dist/assets/c-f-PcdQNF.js                                       18.80 kB │ gzip:   6.61 kB
dist/assets/c-8K3LokCC.js                                       19.19 kB │ gzip:   6.52 kB
dist/assets/c-rSjpOBxE.js                                       19.38 kB │ gzip:   6.18 kB
dist/assets/c-DbFhc8Iy.js                                       19.48 kB │ gzip:   6.42 kB
dist/assets/c-D-JITY6e.js                                       19.90 kB │ gzip:   5.62 kB
dist/assets/c-DKmm8WrM.js                                       20.23 kB │ gzip:   7.15 kB
dist/assets/c-DcJZtcW8.js                                       21.48 kB │ gzip:   6.43 kB
dist/assets/c-D3KwbRxR.js                                       21.92 kB │ gzip:   7.59 kB
dist/assets/c-Z2qc1_-n.js                                       22.03 kB │ gzip:   7.56 kB
dist/assets/c-BAK1Adlo.js                                       22.27 kB │ gzip:   4.34 kB
dist/assets/c-CLDFSyNE.js                                       22.51 kB │ gzip:   7.34 kB
dist/assets/c-BJ_LUSBg.js                                       23.25 kB │ gzip:   7.15 kB
dist/assets/c-Cg4lwYN4.js                                       23.57 kB │ gzip:   7.73 kB
dist/assets/c-DAzQ_d8H.js                                       23.73 kB │ gzip:   8.36 kB
dist/assets/c-CvztltKU.js                                       23.83 kB │ gzip:   9.59 kB
dist/assets/c-CgUrTKwv.js                                       25.11 kB │ gzip:   8.28 kB
dist/assets/c-DUlUaayX.js                                       25.15 kB │ gzip:   9.39 kB
dist/assets/c-tUD9-a7K.js                                       25.19 kB │ gzip:   6.67 kB
dist/assets/c-CE1sONTR.js                                       25.41 kB │ gzip:   1.98 kB
dist/assets/c-CT0wB4T1.js                                       25.53 kB │ gzip:   9.80 kB
dist/assets/c-CKBwJVP_.js                                       25.57 kB │ gzip:   8.58 kB
dist/assets/c-DAEQgc3t.js                                       26.50 kB │ gzip:   8.65 kB
dist/assets/c-ZVlG9eAv.js                                       26.52 kB │ gzip:   7.86 kB
dist/assets/c-C7QI8Mhd.js                                       28.13 kB │ gzip:   9.09 kB
dist/assets/c-DY4KoUrW.js                                       28.63 kB │ gzip:   7.98 kB
dist/assets/c-7CUEogTt.js                                       29.34 kB │ gzip:   7.28 kB
dist/assets/c-BOyse2gg.js                                       29.81 kB │ gzip:  10.05 kB
dist/assets/c-Ds2JhH3X.js                                       29.84 kB │ gzip:   8.55 kB
dist/assets/c-DV3VqE_b.js                                       30.38 kB │ gzip:   9.70 kB
dist/assets/c-Dualf7fd.js                                       32.21 kB │ gzip:   9.98 kB
dist/assets/c-971Kewhg.js                                       32.31 kB │ gzip:   9.68 kB
dist/assets/c-CIxGWbww.js                                       32.37 kB │ gzip:   9.79 kB
dist/assets/c-CUg4loNQ.js                                       32.41 kB │ gzip:   9.82 kB
dist/assets/c-CP0-08mq.js                                       32.64 kB │ gzip:   8.45 kB
dist/assets/c-DMO7EkqZ.js                                       33.09 kB │ gzip:   9.95 kB
dist/assets/c-Cp6roIAb.js                                       34.60 kB │ gzip:  12.80 kB
dist/assets/c-BhdQ5NE0.js                                       34.88 kB │ gzip:  10.96 kB
dist/assets/c-Dd6w1P4B.js                                       37.93 kB │ gzip:  11.69 kB
dist/assets/c-BSiGCU0P.js                                       38.97 kB │ gzip:  13.78 kB
dist/assets/c-BTSX6oqd.js                                       39.74 kB │ gzip:  11.21 kB
dist/assets/c-CUbez9TM.js                                       43.73 kB │ gzip:  14.72 kB
dist/assets/c-DTaiRnzB.js                                       43.90 kB │ gzip:  13.70 kB
dist/assets/c-ioNe1tD7.js                                       47.62 kB │ gzip:  15.29 kB
dist/assets/c-DozSlLA6.js                                       48.14 kB │ gzip:  14.53 kB
dist/assets/c-B90qnzdN.js                                       55.19 kB │ gzip:  16.32 kB
dist/assets/c-B7jBU0Mk.js                                       58.42 kB │ gzip:  18.28 kB
dist/assets/c-C4bSkbPc.js                                       60.95 kB │ gzip:  20.80 kB
dist/assets/c-SfYP1cZn.js                                       61.48 kB │ gzip:  16.57 kB
dist/assets/c-rvUAarJf.js                                       73.52 kB │ gzip:  23.60 kB
dist/assets/c-CbhzJqVA.js                                       75.98 kB │ gzip:  26.51 kB
dist/assets/c-CYOZWrVZ.js                                       77.94 kB │ gzip:  24.49 kB
dist/assets/c-DEytWx1v.js                                       81.03 kB │ gzip:  21.46 kB
dist/assets/c-kNUzaoAl.js                                       85.54 kB │ gzip:  25.58 kB
dist/assets/c-CwWbCP3p.js                                       88.19 kB │ gzip:  22.70 kB
dist/assets/c-C911ogpE.js                                       98.01 kB │ gzip:  32.20 kB
dist/assets/c-CNFFcGey.js                                      103.90 kB │ gzip:  32.70 kB
dist/assets/c-DxvAhE4v.js                                      118.44 kB │ gzip:  27.89 kB
dist/assets/c-BwFtPGsf.js                                      119.03 kB │ gzip:  33.27 kB
dist/assets/c-BSQ09BiI.js                                      142.45 kB │ gzip:  37.95 kB
dist/assets/c-MY-cChEt.js                                      175.46 kB │ gzip:  50.21 kB
dist/assets/c-Idpo4gCL.js                                      178.98 kB │ gzip:  27.27 kB
dist/assets/react-vendor-Dw1SiD9R.js                           182.25 kB │ gzip:  57.28 kB
dist/assets/c-Wph2m6Hv.js                                      191.95 kB │ gzip:  60.36 kB
dist/assets/c-RbqiwMqo.js                                      199.53 kB │ gzip:  64.07 kB
dist/assets/c-Bsie_F3V.js                                      226.24 kB │ gzip:  65.30 kB
dist/assets/c-B9z_s7zj.js                                      264.70 kB │ gzip:  85.38 kB
dist/assets/c-C_QcvVcO.js                                      302.23 kB │ gzip:  78.19 kB
dist/assets/index-CQBvNMBR.js                                  491.53 kB │ gzip: 158.58 kB
dist/assets/three-vendor-DvPy2ujN.js                         1,061.60 kB │ gzip: 283.98 kB

✓ built in 1m 14s

✨ [36m[vite-plugin-image-optimizer][39m - optimized images successfully:
[2mdist[22m/[94massets/001-4zxUBAq1.png[39m                              [90m[32m-29%[39m[90m   [39m [2m0.21 kB ⭢  0.15 kB[22m
[2mdist[22m/[94massets/001-BKLF4ZiY.png[39m                              [90m[32m-25%[39m[90m   [39m [2m0.46 kB ⭢  0.35 kB[22m
[2mdist[22m/[94massets/001-B8pyxtwI.png[39m                              [90m[32m-3%[39m[90m    [39m [2m0.64 kB ⭢  0.62 kB[22m
[2mdist[22m/[94massets/001-BkeC3YLq.png[39m                              [90m[31m+13%[39m[90m    [39m [33m[1mskipped[22m[39m [2moriginal: 0.11 kB <= optimized: 0.13 kB[22m
[2mdist[22m/[94massets/001-Bm0ytvu_.png[39m                              [90m[31m+12%[39m[90m    [39m [33m[1mskipped[22m[39m [2moriginal: 0.14 kB <= optimized: 0.15 kB[22m
[2mdist[22m/[94massets/001-BqHxrzZ8.png[39m                              [90m[31m+13%[39m[90m    [39m [33m[1mskipped[22m[39m [2moriginal: 0.11 kB <= optimized: 0.13 kB[22m
[2mdist[22m/[94massets/001-Bx3oN2ZP.png[39m                              [90m[32m-38%[39m[90m   [39m [2m0.39 kB ⭢  0.25 kB[22m
[2mdist[22m/[94massets/001-BtwAlX97.png[39m                              [90m[32m-7%[39m[90m    [39m [2m1.41 kB ⭢  1.32 kB[22m
[2mdist[22m/[94massets/001-C3S2MP-5.png[39m                              [90m[31m+11%[39m[90m    [39m [33m[1mskipped[22m[39m [2moriginal: 0.16 kB <= optimized: 0.18 kB[22m
[2mdist[22m/[94massets/001-CCD9wXOF.png[39m                              [90m[32m-42%[39m[90m   [39m [2m0.35 kB ⭢  0.20 kB[22m
[2mdist[22m/[94massets/001-CQ7Kiw1q.png[39m                              [90m[32m-15%[39m[90m   [39m [2m0.20 kB ⭢  0.17 kB[22m
[2mdist[22m/[94massets/001-Cb86XWer.png[39m                              [90m[32m-17%[39m[90m   [39m [2m0.56 kB ⭢  0.46 kB[22m
[2mdist[22m/[94massets/001-ClaBku9s.png[39m                              [90m[32m-65%[39m[90m   [39m [2m4.37 kB ⭢  1.53 kB[22m
[2mdist[22m/[94massets/001-BZxmPe4T.png[39m                              [90m[32m-36%[39m[90m   [39m [2m4.90 kB ⭢  3.14 kB[22m
[2mdist[22m/[94massets/001-D-V4r1sv.png[39m                              [90m[32m-37%[39m[90m   [39m [2m0.41 kB ⭢  0.26 kB[22m
[2mdist[22m/[94massets/001-DLRMdqHs.png[39m                              [90m[32m-30%[39m[90m   [39m [2m0.45 kB ⭢  0.32 kB[22m
[2mdist[22m/[94massets/001-DhBtRux1.png[39m                              [90m[32m-3%[39m[90m    [39m [2m0.17 kB ⭢  0.17 kB[22m
[2mdist[22m/[94massets/001-Drq76i74.png[39m                              [90m[31m+28%[39m[90m    [39m [33m[1mskipped[22m[39m [2moriginal: 0.55 kB <= optimized: 0.71 kB[22m
[2mdist[22m/[94massets/001-D-NuWz7_.png[39m                              [90m[32m-62%[39m[90m   [39m [2m7.01 kB ⭢  2.71 kB[22m
[2mdist[22m/[94massets/001-CwSI0ioc.png[39m                              [90m[32m-59%[39m[90m   [39m [2m6.36 kB ⭢  2.62 kB[22m
[2mdist[22m/[94massets/001-V6DoE7r5.png[39m                              [90m[32m-52%[39m[90m   [39m [2m0.45 kB ⭢  0.22 kB[22m
[2mdist[22m/[94massets/001-DsMYllw2.png[39m                              [90m[32m-59%[39m[90m   [39m [2m4.22 kB ⭢  1.76 kB[22m
[2mdist[22m/[94massets/001-qbR6tUi8.png[39m                              [90m[32m-5%[39m[90m    [39m [2m0.18 kB ⭢  0.17 kB[22m
[2mdist[22m/[94massets/002-5ktgB4_r.png[39m                              [90m[32m-26%[39m[90m   [39m [2m0.33 kB ⭢  0.25 kB[22m
[2mdist[22m/[94massets/002-B1JAupLt.png[39m                              [90m[32m-37%[39m[90m   [39m [2m0.40 kB ⭢  0.26 kB[22m
[2mdist[22m/[94massets/001-aGnHFhJ2.png[39m                              [90m[32m-99%[39m[90m   [39m [2m14.35 kB ⭢  0.19 kB[22m
[2mdist[22m/[94massets/002-B41mGD0n.png[39m                              [90m[32m-46%[39m[90m   [39m [2m1.38 kB ⭢  0.75 kB[22m
[2mdist[22m/[94massets/002-B5IvQCGu.png[39m                              [90m[32m-5%[39m[90m    [39m [2m0.81 kB ⭢  0.78 kB[22m
[2mdist[22m/[94massets/001-5JXH1tsk.png[39m                              [90m[32m-48%[39m[90m   [39m [2m5.71 kB ⭢  3.02 kB[22m
[2mdist[22m/[94massets/002-BAs5jNN1.png[39m                              [90m[32m-52%[39m[90m   [39m [2m2.50 kB ⭢  1.20 kB[22m
[2mdist[22m/[94massets/001-aqXTxwhc.png[39m                              [90m[32m-62%[39m[90m   [39m [2m6.23 kB ⭢  2.40 kB[22m
[2mdist[22m/[94massets/002-BJP_nTM4.png[39m                              [90m[32m-29%[39m[90m   [39m [2m0.50 kB ⭢  0.35 kB[22m
[2mdist[22m/[94massets/002-BUnVg4SI.png[39m                              [90m[31m+20%[39m[90m    [39m [33m[1mskipped[22m[39m [2moriginal: 0.55 kB <= optimized: 0.66 kB[22m
[2mdist[22m/[94massets/002-BwDknJWI.png[39m                              [90m[31m+16%[39m[90m    [39m [33m[1mskipped[22m[39m [2moriginal: 0.15 kB <= optimized: 0.17 kB[22m
[2mdist[22m/[94massets/002-BfD83fA0.png[39m                              [90m[32m-99%[39m[90m   [39m [2m14.35 kB ⭢  0.19 kB[22m
[2mdist[22m/[94massets/002-CNCSCk5a.png[39m                              [90m[32m-68%[39m[90m   [39m [2m1.62 kB ⭢  0.53 kB[22m
[2mdist[22m/[94massets/002-BHZcbl48.png[39m                              [90m[32m-59%[39m[90m   [39m [2m6.49 kB ⭢  2.69 kB[22m
[2mdist[22m/[94massets/002-CWpt3Ryu.png[39m                              [90m[32m-74%[39m[90m   [39m [2m4.12 kB ⭢  1.09 kB[22m
[2mdist[22m/[94massets/002-B1RlV7AH.png[39m                              [90m[32m-49%[39m[90m   [39m [2m5.85 kB ⭢  3.02 kB[22m
[2mdist[22m/[94massets/002-CVB__15a.png[39m                              [90m[32m-58%[39m[90m   [39m [2m2.23 kB ⭢  0.95 kB[22m
[2mdist[22m/[94massets/002-CfdqjBCW.png[39m                              [90m[32m-49%[39m[90m   [39m [2m1.64 kB ⭢  0.85 kB[22m
[2mdist[22m/[94massets/002-CuMCd7nM.png[39m                              [90m[32m-25%[39m[90m   [39m [2m0.46 kB ⭢  0.35 kB[22m
[2mdist[22m/[94massets/002-CfE5ubev.png[39m                              [90m[32m-60%[39m[90m   [39m [2m4.11 kB ⭢  1.64 kB[22m
[2mdist[22m/[94massets/002-D7yZFgXm.png[39m                              [90m[32m-22%[39m[90m   [39m [2m0.26 kB ⭢  0.21 kB[22m
[2mdist[22m/[94massets/002-D9gEwBfM.png[39m                              [90m[31m+2%[39m[90m     [39m [33m[1mskipped[22m[39m [2moriginal: 0.22 kB <= optimized: 0.23 kB[22m
[2mdist[22m/[94massets/002-DVUlZfzv.png[39m                              [90m[32m-28%[39m[90m   [39m [2m0.46 kB ⭢  0.33 kB[22m
[2mdist[22m/[94massets/002-DYshP8vU.png[39m                              [90m[32m-25%[39m[90m   [39m [2m0.26 kB ⭢  0.19 kB[22m
[2mdist[22m/[94massets/002-D0Od3mRQ.png[39m                              [90m[32m-48%[39m[90m   [39m [2m2.82 kB ⭢  1.48 kB[22m
[2mdist[22m/[94massets/002-DysJqDA_.png[39m                              [90m[32m-2%[39m[90m    [39m [2m0.20 kB ⭢  0.20 kB[22m
[2mdist[22m/[94massets/002-CzcWj3Kv.png[39m                              [90m[32m-66%[39m[90m   [39m [2m7.01 kB ⭢  2.43 kB[22m
[2mdist[22m/[94massets/002-DeGJOHzj.png[39m                              [90m[32m-6%[39m[90m    [39m [2m1.82 kB ⭢  1.71 kB[22m
[2mdist[22m/[94massets/002-PBLFxJbX.png[39m                              [90m[32m-48%[39m[90m   [39m [2m1.24 kB ⭢  0.65 kB[22m
[2mdist[22m/[94massets/002-VzciFyu9.png[39m                              [90m[32m-38%[39m[90m   [39m [2m0.36 kB ⭢  0.23 kB[22m
[2mdist[22m/[94massets/002-vdlaQljQ.png[39m                              [90m[32m-23%[39m[90m   [39m [2m0.55 kB ⭢  0.43 kB[22m
[2mdist[22m/[94massets/002-JLzFYRKp.png[39m                              [90m[32m-60%[39m[90m   [39m [2m6.93 kB ⭢  2.82 kB[22m
[2mdist[22m/[94massets/003-32Hn2txi.png[39m                              [90m[32m-74%[39m[90m   [39m [2m6.80 kB ⭢  1.81 kB[22m
[2mdist[22m/[94massets/003-B3FSC1k-.png[39m                              [90m[32m-29%[39m[90m   [39m [2m0.30 kB ⭢  0.22 kB[22m
[2mdist[22m/[94massets/003-B1t2E0Ix.png[39m                              [90m[32m-44%[39m[90m   [39m [2m1.42 kB ⭢  0.80 kB[22m
[2mdist[22m/[94massets/003-BG1v4IOM.png[39m                              [90m[32m-29%[39m[90m   [39m [2m0.44 kB ⭢  0.32 kB[22m
[2mdist[22m/[94massets/003-BAmY-BNa.png[39m                              [90m[32m-48%[39m[90m   [39m [2m2.18 kB ⭢  1.15 kB[22m
[2mdist[22m/[94massets/002-CWsKxgok.png[39m                              [90m[32m-49%[39m[90m   [39m [2m3.47 kB ⭢  1.78 kB[22m
[2mdist[22m/[94massets/003-BILMGSh2.png[39m                              [90m[32m-14%[39m[90m   [39m [2m0.97 kB ⭢  0.84 kB[22m
[2mdist[22m/[94massets/003-BXxTHnPw.png[39m                              [90m[32m-66%[39m[90m   [39m [2m3.04 kB ⭢  1.05 kB[22m
[2mdist[22m/[94massets/002-qcc4u17K.png[39m                              [90m[32m-35%[39m[90m   [39m [2m4.25 kB ⭢  2.79 kB[22m
[2mdist[22m/[94massets/003-BmS457TF.png[39m                              [90m[32m-57%[39m[90m   [39m [2m4.22 kB ⭢  1.84 kB[22m
[2mdist[22m/[94massets/003-C3aTMlfp.png[39m                              [90m[32m-19%[39m[90m   [39m [2m0.53 kB ⭢  0.44 kB[22m
[2mdist[22m/[94massets/003-BkIruPDd.png[39m                              [90m[32m-67%[39m[90m   [39m [2m6.68 kB ⭢  2.23 kB[22m
[2mdist[22m/[94massets/003-CaqMI3T1.png[39m                              [90m[32m-10%[39m[90m   [39m [2m2.17 kB ⭢  1.95 kB[22m
[2mdist[22m/[94massets/003-CpwDVm2P.png[39m                              [90m[32m-15%[39m[90m   [39m [2m0.31 kB ⭢  0.27 kB[22m
[2mdist[22m/[94massets/003-CIU4lD9h.png[39m                              [90m[32m-60%[39m[90m   [39m [2m6.95 kB ⭢  2.84 kB[22m
[2mdist[22m/[94massets/003-D7MSA-Wk.png[39m                              [90m[32m-29%[39m[90m   [39m [2m0.40 kB ⭢  0.29 kB[22m
[2mdist[22m/[94massets/003-CxlcfmW6.png[39m                              [90m[32m-63%[39m[90m   [39m [2m3.59 kB ⭢  1.34 kB[22m
[2mdist[22m/[94massets/003-BU5KaT9m.png[39m                              [90m[32m-34%[39m[90m   [39m [2m3.23 kB ⭢  2.15 kB[22m
[2mdist[22m/[94massets/003-DB5JMYcx.png[39m                              [90m[32m-5%[39m[90m    [39m [2m0.20 kB ⭢  0.19 kB[22m
[2mdist[22m/[94massets/003-CH-0WgGg.png[39m                              [90m[32m-97%[39m[90m   [39m [2m23.32 kB ⭢  0.85 kB[22m
[2mdist[22m/[94massets/003-D9vqBFAM.png[39m                              [90m[32m-28%[39m[90m   [39m [2m0.52 kB ⭢  0.38 kB[22m
[2mdist[22m/[94massets/003-D9kyq9zM.png[39m                              [90m[31m+17%[39m[90m    [39m [33m[1mskipped[22m[39m [2moriginal: 0.57 kB <= optimized: 0.67 kB[22m
[2mdist[22m/[94massets/003-DBHLtAJP.png[39m                              [90m[32m-38%[39m[90m   [39m [2m1.68 kB ⭢  1.05 kB[22m
[2mdist[22m/[94massets/003-Dzey_LuM.png[39m                              [90m[32m-56%[39m[90m   [39m [2m2.23 kB ⭢  0.99 kB[22m
[2mdist[22m/[94massets/003-Esbbk1e1.png[39m                              [90m[32m-57%[39m[90m   [39m [2m1.02 kB ⭢  0.44 kB[22m
[2mdist[22m/[94massets/003-GS2-ExAd.png[39m                              [90m[31m+13%[39m[90m    [39m [33m[1mskipped[22m[39m [2moriginal: 0.19 kB <= optimized: 0.21 kB[22m
[2mdist[22m/[94massets/003-HDhR8Rs3.png[39m                              [90m[32m-36%[39m[90m   [39m [2m0.48 kB ⭢  0.31 kB[22m
[2mdist[22m/[94massets/003-Dyb4LrGn.png[39m                              [90m[32m-58%[39m[90m   [39m [2m6.26 kB ⭢  2.64 kB[22m
[2mdist[22m/[94massets/003-_z-v7Hs5.png[39m                              [90m[32m-23%[39m[90m   [39m [2m0.46 kB ⭢  0.36 kB[22m
[2mdist[22m/[94massets/003-aZvfjZFY.png[39m                              [90m[32m-26%[39m[90m   [39m [2m0.53 kB ⭢  0.40 kB[22m
[2mdist[22m/[94massets/004-3bjmHCXK.png[39m                              [90m[31m+21%[39m[90m    [39m [33m[1mskipped[22m[39m [2moriginal: 0.15 kB <= optimized: 0.18 kB[22m
[2mdist[22m/[94massets/004-9EfDXN0f.png[39m                              [90m[32m-32%[39m[90m   [39m [2m0.31 kB ⭢  0.21 kB[22m
[2mdist[22m/[94massets/004-B2mXSf0-.png[39m                              [90m[32m-30%[39m[90m   [39m [2m0.39 kB ⭢  0.28 kB[22m
[2mdist[22m/[94massets/004-B5AdPO1L.png[39m                              [90m[32m-9%[39m[90m    [39m [2m0.34 kB ⭢  0.31 kB[22m
[2mdist[22m/[94massets/004-BSMyU3HD.png[39m                              [90m[32m-30%[39m[90m   [39m [2m0.50 kB ⭢  0.35 kB[22m
[2mdist[22m/[94massets/003-qlZR-m56.png[39m                              [90m[32m-62%[39m[90m   [39m [2m4.40 kB ⭢  1.67 kB[22m
[2mdist[22m/[94massets/004-BW09LC8M.png[39m                              [90m[32m-53%[39m[90m   [39m [2m3.09 kB ⭢  1.47 kB[22m
[2mdist[22m/[94massets/004-BZpJZNlO.png[39m                              [90m[32m-30%[39m[90m   [39m [2m0.40 kB ⭢  0.28 kB[22m
[2mdist[22m/[94massets/004-B_0NorOO.png[39m                              [90m[32m-78%[39m[90m   [39m [2m1.38 kB ⭢  0.32 kB[22m
[2mdist[22m/[94massets/003-DRz32fik.png[39m                              [90m[32m-48%[39m[90m   [39m [2m5.85 kB ⭢  3.09 kB[22m
[2mdist[22m/[94massets/004-Bth2uE8D.png[39m                              [90m[32m-42%[39m[90m   [39m [2m2.18 kB ⭢  1.27 kB[22m
[2mdist[22m/[94massets/004-BxGNyRik.png[39m                              [90m[32m-32%[39m[90m   [39m [2m0.44 kB ⭢  0.30 kB[22m
[2mdist[22m/[94massets/003-DPyQvkWY.png[39m                              [90m[31m+5%[39m[90m     [39m [33m[1mskipped[22m[39m [2moriginal: 0.22 kB <= optimized: 0.24 kB[22m
[2mdist[22m/[94massets/004-BncilA63.png[39m                              [90m[32m-95%[39m[90m   [39m [2m26.60 kB ⭢  1.54 kB[22m
[2mdist[22m/[94massets/004-C3o5IcP1.png[39m                              [90m[32m-57%[39m[90m   [39m [2m4.27 kB ⭢  1.84 kB[22m
[2mdist[22m/[94massets/004-Bn1oMC0t.png[39m                              [90m[32m-38%[39m[90m   [39m [2m4.43 kB ⭢  2.79 kB[22m
[2mdist[22m/[94massets/004-CD3-L3qe.png[39m                              [90m[32m-75%[39m[90m   [39m [2m1.55 kB ⭢  0.40 kB[22m
[2mdist[22m/[94massets/004-C9ftQNsE.png[39m                              [90m[31m+7%[39m[90m     [39m [33m[1mskipped[22m[39m [2moriginal: 1.11 kB <= optimized: 1.19 kB[22m
[2mdist[22m/[94massets/004-CM5OaDbp.png[39m                              [90m[32m-9%[39m[90m    [39m [2m2.60 kB ⭢  2.38 kB[22m
[2mdist[22m/[94massets/004-C8j-ZQD4.png[39m                              [90m[32m-59%[39m[90m   [39m [2m6.36 kB ⭢  2.63 kB[22m
[2mdist[22m/[94massets/004-DUyF1zje.png[39m                              [90m[32m-24%[39m[90m   [39m [2m0.46 kB ⭢  0.35 kB[22m
[2mdist[22m/[94massets/004-DSAsctFX.png[39m                              [90m[32m-63%[39m[90m   [39m [2m7.46 kB ⭢  2.82 kB[22m
[2mdist[22m/[94massets/004-DYTXo3GE.png[39m                              [90m[32m-55%[39m[90m   [39m [2m0.67 kB ⭢  0.30 kB[22m
[2mdist[22m/[94massets/004-DbIbqggK.png[39m                              [90m[31m+8%[39m[90m     [39m [33m[1mskipped[22m[39m [2moriginal: 0.17 kB <= optimized: 0.18 kB[22m
[2mdist[22m/[94massets/004-DZqso-VW.png[39m                              [90m[32m-59%[39m[90m   [39m [2m3.51 kB ⭢  1.45 kB[22m
[2mdist[22m/[94massets/004-CEMw95g4.png[39m                              [90m[32m-61%[39m[90m   [39m [2m6.94 kB ⭢  2.74 kB[22m
[2mdist[22m/[94massets/004-CL2jHoTe.png[39m                              [90m[32m-63%[39m[90m   [39m [2m7.65 kB ⭢  2.90 kB[22m
[2mdist[22m/[94massets/004-DlFWo1v-.png[39m                              [90m[32m-7%[39m[90m    [39m [2m0.19 kB ⭢  0.18 kB[22m
[2mdist[22m/[94massets/004-Ddh7dNak.png[39m                              [90m[32m-66%[39m[90m   [39m [2m3.87 kB ⭢  1.35 kB[22m
[2mdist[22m/[94massets/004-eu6gjvif.png[39m                              [90m[32m-14%[39m[90m   [39m [2m0.65 kB ⭢  0.56 kB[22m
[2mdist[22m/[94massets/004-xvfrimeL.png[39m                              [90m[32m-24%[39m[90m   [39m [2m0.54 kB ⭢  0.42 kB[22m
[2mdist[22m/[94massets/004-s15_iTK-.png[39m                              [90m[31m+24%[39m[90m    [39m [33m[1mskipped[22m[39m [2moriginal: 0.62 kB <= optimized: 0.77 kB[22m
[2mdist[22m/[94massets/005-B91wFMUF.png[39m                              [90m[31m+14%[39m[90m    [39m [33m[1mskipped[22m[39m [2moriginal: 0.20 kB <= optimized: 0.23 kB[22m
[2mdist[22m/[94massets/005-BVySlWoJ.png[39m                              [90m[32m-13%[39m[90m   [39m [2m0.17 kB ⭢  0.15 kB[22m
[2mdist[22m/[94massets/005-BWBFj0hr.png[39m                              [90m[32m-25%[39m[90m   [39m [2m0.54 kB ⭢  0.40 kB[22m
[2mdist[22m/[94massets/005-B4tnPgSV.png[39m                              [90m[32m-68%[39m[90m   [39m [2m6.91 kB ⭢  2.25 kB[22m
[2mdist[22m/[94massets/005-BrpwcUdL.png[39m                              [90m[32m-41%[39m[90m   [39m [2m1.63 kB ⭢  0.97 kB[22m
[2mdist[22m/[94massets/005-BvLBoZC_.png[39m                              [90m[32m-18%[39m[90m   [39m [2m0.30 kB ⭢  0.25 kB[22m
[2mdist[22m/[94massets/005-C1acfpJq.png[39m                              [90m[32m-25%[39m[90m   [39m [2m0.26 kB ⭢  0.20 kB[22m
[2mdist[22m/[94massets/005-Bx6AkbeM.png[39m                              [90m[32m-35%[39m[90m   [39m [2m0.46 kB ⭢  0.30 kB[22m
[2mdist[22m/[94massets/005-CER_y4VK.png[39m                              [90m[32m-31%[39m[90m   [39m [2m0.44 kB ⭢  0.31 kB[22m
[2mdist[22m/[94massets/005-BHYXQEoz.png[39m                              [90m[32m-95%[39m[90m   [39m [2m29.04 kB ⭢  1.69 kB[22m
[2mdist[22m/[94massets/005-CLSQ6Lxk.png[39m                              [90m[32m-26%[39m[90m   [39m [2m0.46 kB ⭢  0.34 kB[22m
[2mdist[22m/[94massets/005-CY3QDoso.png[39m                              [90m[32m-66%[39m[90m   [39m [2m4.71 kB ⭢  1.62 kB[22m
[2mdist[22m/[94massets/005-CbY_V8Ke.png[39m                              [90m[32m-7%[39m[90m    [39m [2m2.86 kB ⭢  2.69 kB[22m
[2mdist[22m/[94massets/005-C_nrJRMz.png[39m                              [90m[32m-58%[39m[90m   [39m [2m6.56 kB ⭢  2.80 kB[22m
[2mdist[22m/[94massets/005-CrkmVPHs.png[39m                              [90m[32m0%[39m[90m     [39m [33m[1mskipped[22m[39m [2moriginal: 1.20 kB <= optimized: 1.21 kB[22m
[2mdist[22m/[94massets/005-Cutsz5_C.png[39m                              [90m[32m-60%[39m[90m   [39m [2m5.90 kB ⭢  2.40 kB[22m
[2mdist[22m/[94massets/005-DAuWwqfp.png[39m                              [90m[32m-52%[39m[90m   [39m [2m0.43 kB ⭢  0.21 kB[22m
[2mdist[22m/[94massets/005-DVEOy-sO.png[39m                              [90m[31m+13%[39m[90m    [39m [33m[1mskipped[22m[39m [2moriginal: 0.63 kB <= optimized: 0.71 kB[22m
[2mdist[22m/[94massets/005-C3p4e9Dj.png[39m                              [90m[32m-49%[39m[90m   [39m [2m5.85 kB ⭢  3.03 kB[22m
[2mdist[22m/[94massets/005-DYvee2FC.png[39m                              [90m[32m-24%[39m[90m   [39m [2m0.20 kB ⭢  0.15 kB[22m
[2mdist[22m/[94massets/005-DWIwJ40E.png[39m                              [90m[32m-51%[39m[90m   [39m [2m5.80 kB ⭢  2.86 kB[22m
[2mdist[22m/[94massets/005-Dk6oTVRb.png[39m                              [90m[32m-15%[39m[90m   [39m [2m0.63 kB ⭢  0.53 kB[22m
[2mdist[22m/[94massets/005-DpgB0JVJ.png[39m                              [90m[32m-14%[39m[90m   [39m [2m0.31 kB ⭢  0.27 kB[22m
[2mdist[22m/[94massets/005-DjrHU_BC.png[39m                              [90m[32m-58%[39m[90m   [39m [2m6.23 kB ⭢  2.67 kB[22m
[2mdist[22m/[94massets/005-DsK13Py0.png[39m                              [90m[32m-32%[39m[90m   [39m [2m0.40 kB ⭢  0.28 kB[22m
[2mdist[22m/[94massets/005-QQz-rMEh.png[39m                              [90m[31m+10%[39m[90m    [39m [33m[1mskipped[22m[39m [2moriginal: 0.13 kB <= optimized: 0.15 kB[22m
[2mdist[22m/[94massets/005-Cc9EqN3p.png[39m                              [90m[32m-40%[39m[90m   [39m [2m5.40 kB ⭢  3.29 kB[22m
[2mdist[22m/[94massets/006-5Tc6Uxnk.png[39m                              [90m[32m-19%[39m[90m   [39m [2m0.22 kB ⭢  0.18 kB[22m
[2mdist[22m/[94massets/006-B8Q-OYlV.png[39m                              [90m[32m-33%[39m[90m   [39m [2m0.46 kB ⭢  0.31 kB[22m
[2mdist[22m/[94massets/005-hzOY1-Ph.png[39m                              [90m[32m-65%[39m[90m   [39m [2m4.07 kB ⭢  1.43 kB[22m
[2mdist[22m/[94massets/005-DtEVjtYU.png[39m                              [90m[32m-55%[39m[90m   [39m [2m4.29 kB ⭢  1.96 kB[22m
[2mdist[22m/[94massets/006-BXk-FhAv.png[39m                              [90m[31m+15%[39m[90m    [39m [33m[1mskipped[22m[39m [2moriginal: 0.62 kB <= optimized: 0.72 kB[22m
[2mdist[22m/[94massets/006-BiVaVmar.png[39m                              [90m[32m-28%[39m[90m   [39m [2m0.53 kB ⭢  0.38 kB[22m
[2mdist[22m/[94massets/006-C5wLXK1X.png[39m                              [90m[32m-19%[39m[90m   [39m [2m0.32 kB ⭢  0.26 kB[22m
[2mdist[22m/[94massets/006-CK8EIQt8.png[39m                              [90m[31m+18%[39m[90m    [39m [33m[1mskipped[22m[39m [2moriginal: 0.17 kB <= optimized: 0.20 kB[22m
[2mdist[22m/[94massets/006-Bwxg3iSY.png[39m                              [90m[32m-19%[39m[90m   [39m [2m3.53 kB ⭢  2.87 kB[22m
[2mdist[22m/[94massets/006-CeJrXOJ1.png[39m                              [90m[32m-37%[39m[90m   [39m [2m0.95 kB ⭢  0.60 kB[22m
[2mdist[22m/[94massets/004-Dck1j3DD.png[39m                              [90m[32m-47%[39m[90m   [39m [2m5.72 kB ⭢  3.03 kB[22m
[2mdist[22m/[94massets/006-Ci_vkG_k.png[39m                              [90m[32m-21%[39m[90m   [39m [2m0.29 kB ⭢  0.24 kB[22m
[2mdist[22m/[94massets/006-Cq4UgAqF.png[39m                              [90m[32m-30%[39m[90m   [39m [2m0.45 kB ⭢  0.32 kB[22m
[2mdist[22m/[94massets/006-D94SVyM7.png[39m                              [90m[32m-65%[39m[90m   [39m [2m3.06 kB ⭢  1.09 kB[22m
[2mdist[22m/[94massets/006-CXxYLpAa.png[39m                              [90m[32m-37%[39m[90m   [39m [2m4.77 kB ⭢  3.03 kB[22m
[2mdist[22m/[94massets/006-CswIX2_z.png[39m                              [90m[32m-59%[39m[90m   [39m [2m6.53 kB ⭢  2.73 kB[22m
[2mdist[22m/[94massets/006-DUjvZy7U.png[39m                              [90m[32m-58%[39m[90m   [39m [2m4.24 kB ⭢  1.80 kB[22m
[2mdist[22m/[94massets/006-DKPo8DDu.png[39m                              [90m[32m-69%[39m[90m   [39m [2m7.35 kB ⭢  2.34 kB[22m
[2mdist[22m/[94massets/006-BkJRvmyI.png[39m                              [90m[32m-49%[39m[90m   [39m [2m5.86 kB ⭢  3.02 kB[22m
[2mdist[22m/[94massets/006-DgmbPNtu.png[39m                              [90m[32m-26%[39m[90m   [39m [2m0.52 kB ⭢  0.39 kB[22m
[2mdist[22m/[94massets/006-DYSmBar1.png[39m                              [90m[32m-57%[39m[90m   [39m [2m2.31 kB ⭢  1.01 kB[22m
[2mdist[22m/[94massets/006-lZIkJcWD.png[39m                              [90m[32m-29%[39m[90m   [39m [2m0.47 kB ⭢  0.34 kB[22m
[2mdist[22m/[94massets/006-mLIp14C-.png[39m                              [90m[32m-38%[39m[90m   [39m [2m0.42 kB ⭢  0.26 kB[22m
[2mdist[22m/[94massets/006-SYduoVWt.png[39m                              [90m[32m-65%[39m[90m   [39m [2m3.94 kB ⭢  1.39 kB[22m
[2mdist[22m/[94massets/006-DhCOX9q4.png[39m                              [90m[32m-60%[39m[90m   [39m [2m6.75 kB ⭢  2.75 kB[22m
[2mdist[22m/[94massets/006-zd0isHSR.png[39m                              [90m[32m-11%[39m[90m   [39m [2m1.54 kB ⭢  1.37 kB[22m
[2mdist[22m/[94massets/007-B2E_0SSq.png[39m                              [90m[32m-27%[39m[90m   [39m [2m0.45 kB ⭢  0.33 kB[22m
[2mdist[22m/[94massets/006-SpzvqS30.png[39m                              [90m[32m-94%[39m[90m   [39m [2m30.91 kB ⭢  1.93 kB[22m
[2mdist[22m/[94massets/007-1hKJgw_w.png[39m                              [90m[32m-68%[39m[90m   [39m [2m3.40 kB ⭢  1.09 kB[22m
[2mdist[22m/[94massets/007-B9pK4F3v.png[39m                              [90m[32m-41%[39m[90m   [39m [2m0.66 kB ⭢  0.39 kB[22m
[2mdist[22m/[94massets/007-BAee0SPn.png[39m                              [90m[32m-18%[39m[90m   [39m [2m0.28 kB ⭢  0.23 kB[22m
[2mdist[22m/[94massets/007-BsNfBrw9.png[39m                              [90m[31m+20%[39m[90m    [39m [33m[1mskipped[22m[39m [2moriginal: 0.14 kB <= optimized: 0.17 kB[22m
[2mdist[22m/[94massets/007-B2a6skEO.png[39m                              [90m[32m-56%[39m[90m   [39m [2m4.27 kB ⭢  1.88 kB[22m
[2mdist[22m/[94massets/007-C9U0gCzT.png[39m                              [90m[32m-40%[39m[90m   [39m [2m0.39 kB ⭢  0.24 kB[22m
[2mdist[22m/[94massets/007-Bgp8PY32.png[39m                              [90m[32m-67%[39m[90m   [39m [2m6.09 kB ⭢  2.05 kB[22m
[2mdist[22m/[94massets/007-CFRxOHKB.png[39m                              [90m[32m-9%[39m[90m    [39m [2m1.68 kB ⭢  1.54 kB[22m
[2mdist[22m/[94massets/007-CMAvnOC5.png[39m                              [90m[32m-31%[39m[90m   [39m [2m0.44 kB ⭢  0.31 kB[22m
[2mdist[22m/[94massets/007-CTvgPH_-.png[39m                              [90m[32m-27%[39m[90m   [39m [2m0.48 kB ⭢  0.36 kB[22m
[2mdist[22m/[94massets/007-CUdK3r8J.png[39m                              [90m[32m-26%[39m[90m   [39m [2m0.27 kB ⭢  0.20 kB[22m
[2mdist[22m/[94massets/007-CnASzaf1.png[39m                              [90m[31m+15%[39m[90m    [39m [33m[1mskipped[22m[39m [2moriginal: 0.63 kB <= optimized: 0.73 kB[22m
[2mdist[22m/[94massets/007-Cu4SmBa_.png[39m                              [90m[32m-27%[39m[90m   [39m [2m0.47 kB ⭢  0.35 kB[22m
[2mdist[22m/[94massets/007-DAvP7oT2.png[39m                              [90m[32m-59%[39m[90m   [39m [2m6.78 kB ⭢  2.79 kB[22m
[2mdist[22m/[94massets/007-C-Y0Y44v.png[39m                              [90m[32m-48%[39m[90m   [39m [2m5.70 kB ⭢  3.00 kB[22m
[2mdist[22m/[94massets/007-DOt-y9TD.png[39m                              [90m[32m-48%[39m[90m   [39m [2m1.48 kB ⭢  0.78 kB[22m
[2mdist[22m/[94massets/007-DFXQWpik.png[39m                              [90m[32m-18%[39m[90m   [39m [2m4.04 kB ⭢  3.33 kB[22m
[2mdist[22m/[94massets/007-Dng2g_Hm.png[39m                              [90m[32m-58%[39m[90m   [39m [2m6.40 kB ⭢  2.70 kB[22m
[2mdist[22m/[94massets/007-CFNSAKft.png[39m                              [90m[32m-93%[39m[90m   [39m [2m33.57 kB ⭢  2.57 kB[22m
[2mdist[22m/[94massets/007-EpaQxbkm.png[39m                              [90m[32m-55%[39m[90m   [39m [2m1.39 kB ⭢  0.63 kB[22m
[2mdist[22m/[94massets/007-HysfUvhE.png[39m                              [90m[32m-54%[39m[90m   [39m [2m6.07 kB ⭢  2.80 kB[22m
[2mdist[22m/[94massets/007-ILyTbNxH.png[39m                              [90m[32m-9%[39m[90m    [39m [2m0.15 kB ⭢  0.14 kB[22m
[2mdist[22m/[94massets/007-s1ImT72N.png[39m                              [90m[32m-33%[39m[90m   [39m [2m0.43 kB ⭢  0.29 kB[22m
[2mdist[22m/[94massets/008-9b8IVjqM.png[39m                              [90m[32m-5%[39m[90m    [39m [2m1.88 kB ⭢  1.79 kB[22m
[2mdist[22m/[94massets/008-9cwhx9PK.png[39m                              [90m[32m-59%[39m[90m   [39m [2m0.72 kB ⭢  0.30 kB[22m
[2mdist[22m/[94massets/008-B7uQEi6v.png[39m                              [90m[32m-34%[39m[90m   [39m [2m0.31 kB ⭢  0.20 kB[22m
[2mdist[22m/[94massets/007-DzvHm7Iw.png[39m                              [90m[32m-36%[39m[90m   [39m [2m3.66 kB ⭢  2.37 kB[22m
[2mdist[22m/[94massets/008-BNzv1E2L.png[39m                              [90m[32m-31%[39m[90m   [39m [2m0.44 kB ⭢  0.31 kB[22m
[2mdist[22m/[94massets/008-Biyx97y7.png[39m                              [90m[32m-38%[39m[90m   [39m [2m0.39 kB ⭢  0.24 kB[22m
[2mdist[22m/[94massets/008-8gMbBes1.png[39m                              [90m[32m-57%[39m[90m   [39m [2m6.70 kB ⭢  2.91 kB[22m
[2mdist[22m/[94massets/008-BSzGzGAi.png[39m                              [90m[32m-13%[39m[90m   [39m [2m3.94 kB ⭢  3.45 kB[22m
[2mdist[22m/[94massets/008-Bzvwi2yP.png[39m                              [90m[32m-68%[39m[90m   [39m [2m1.85 kB ⭢  0.59 kB[22m
[2mdist[22m/[94massets/008-C81zZU_8.png[39m                              [90m[31m+21%[39m[90m    [39m [33m[1mskipped[22m[39m [2moriginal: 0.12 kB <= optimized: 0.14 kB[22m
[2mdist[22m/[94massets/006-uQsPdHHi.png[39m                              [90m[32m-44%[39m[90m   [39m [2m6.58 kB ⭢  3.72 kB[22m
[2mdist[22m/[94massets/008-C8Z78v21.png[39m                              [90m[32m-15%[39m[90m   [39m [2m0.26 kB ⭢  0.23 kB[22m
[2mdist[22m/[94massets/008-C6oBPc--.png[39m                              [90m[32m-60%[39m[90m   [39m [2m6.43 kB ⭢  2.59 kB[22m
[2mdist[22m/[94massets/008-CLUmARk8.png[39m                              [90m[32m-35%[39m[90m   [39m [2m3.79 kB ⭢  2.50 kB[22m
[2mdist[22m/[94massets/008-CCXfwKtG.png[39m                              [90m[32m-65%[39m[90m   [39m [2m7.38 kB ⭢  2.60 kB[22m
[2mdist[22m/[94massets/008-COGzP0oR.png[39m                              [90m[32m-59%[39m[90m   [39m [2m4.25 kB ⭢  1.78 kB[22m
[2mdist[22m/[94massets/008-CorozGBz.png[39m                              [90m[32m-23%[39m[90m   [39m [2m0.51 kB ⭢  0.39 kB[22m
[2mdist[22m/[94massets/008-CYKCGLs0.png[39m                              [90m[32m-81%[39m[90m   [39m [2m3.50 kB ⭢  0.69 kB[22m
[2mdist[22m/[94massets/008-CUvUGJdK.png[39m                              [90m[32m-40%[39m[90m   [39m [2m2.21 kB ⭢  1.33 kB[22m
[2mdist[22m/[94massets/008-DNGAfmRE.png[39m                              [90m[31m+16%[39m[90m    [39m [33m[1mskipped[22m[39m [2moriginal: 0.66 kB <= optimized: 0.76 kB[22m
[2mdist[22m/[94massets/008-CzXqjaCt.png[39m                              [90m[32m-33%[39m[90m   [39m [2m0.44 kB ⭢  0.29 kB[22m
[2mdist[22m/[94massets/008-DnF4DlnC.png[39m                              [90m[32m-26%[39m[90m   [39m [2m0.21 kB ⭢  0.16 kB[22m
[2mdist[22m/[94massets/008-UkCqzq6k.png[39m                              [90m[32m-23%[39m[90m   [39m [2m0.48 kB ⭢  0.37 kB[22m
[2mdist[22m/[94massets/009-BLWQgxIg.png[39m                              [90m[32m-40%[39m[90m   [39m [2m0.37 kB ⭢  0.22 kB[22m
[2mdist[22m/[94massets/009-B2diod_w.png[39m                              [90m[32m-8%[39m[90m    [39m [2m3.51 kB ⭢  3.25 kB[22m
[2mdist[22m/[94massets/009-BpkSVi3w.png[39m                              [90m[32m-37%[39m[90m   [39m [2m0.41 kB ⭢  0.26 kB[22m
[2mdist[22m/[94massets/009-C-NhQjJ5.png[39m                              [90m[32m-13%[39m[90m   [39m [2m2.18 kB ⭢  1.91 kB[22m
[2mdist[22m/[94massets/009-C0kuj5Ag.png[39m                              [90m[32m-8%[39m[90m    [39m [2m0.21 kB ⭢  0.19 kB[22m
[2mdist[22m/[94massets/009-C3gXiarN.png[39m                              [90m[32m-34%[39m[90m   [39m [2m0.43 kB ⭢  0.28 kB[22m
[2mdist[22m/[94massets/009-C4FsPxmB.png[39m                              [90m[32m-29%[39m[90m   [39m [2m0.46 kB ⭢  0.32 kB[22m
[2mdist[22m/[94massets/009-BsnyGm7R.png[39m                              [90m[32m-92%[39m[90m   [39m [2m41.13 kB ⭢  3.45 kB[22m
[2mdist[22m/[94massets/009-CsjrBMqB.png[39m                              [90m[32m-71%[39m[90m   [39m [2m1.57 kB ⭢  0.46 kB[22m
[2mdist[22m/[94massets/009-CuDC5xGI.png[39m                              [90m[32m-48%[39m[90m   [39m [2m2.33 kB ⭢  1.23 kB[22m
[2mdist[22m/[94massets/009-Cqf9_SN-.png[39m                              [90m[32m-66%[39m[90m   [39m [2m6.39 kB ⭢  2.17 kB[22m
[2mdist[22m/[94massets/008-C2WmxbQh.png[39m                              [90m[32m-48%[39m[90m   [39m [2m5.58 kB ⭢  2.94 kB[22m
[2mdist[22m/[94massets/008-DfE8XbNW.png[39m                              [90m[32m-93%[39m[90m   [39m [2m37.40 kB ⭢  2.90 kB[22m
[2mdist[22m/[94massets/009-DLXPj5t5.png[39m                              [90m[32m-59%[39m[90m   [39m [2m6.61 kB ⭢  2.72 kB[22m
[2mdist[22m/[94massets/009-CvQRGJnr.png[39m                              [90m[32m-40%[39m[90m   [39m [2m5.42 kB ⭢  3.30 kB[22m
[2mdist[22m/[94massets/009-gMO-qK9J.png[39m                              [90m[32m-21%[39m[90m   [39m [2m0.53 kB ⭢  0.42 kB[22m
[2mdist[22m/[94massets/009-dzrD4byp.png[39m                              [90m[32m-56%[39m[90m   [39m [2m4.39 kB ⭢  1.94 kB[22m
[2mdist[22m/[94massets/009-mwgtr50P.png[39m                              [90m[31m+7%[39m[90m     [39m [33m[1mskipped[22m[39m [2moriginal: 0.67 kB <= optimized: 0.72 kB[22m
[2mdist[22m/[94massets/010-5TxZJ4H2.png[39m                              [90m[32m-67%[39m[90m   [39m [2m0.89 kB ⭢  0.30 kB[22m
[2mdist[22m/[94massets/009-znBZhONf.png[39m                              [90m[32m-59%[39m[90m   [39m [2m3.64 kB ⭢  1.53 kB[22m
[2mdist[22m/[94massets/010-B06Sy3Im.png[39m                              [90m[32m-66%[39m[90m   [39m [2m6.64 kB ⭢  2.29 kB[22m
[2mdist[22m/[94massets/010-B9_RyKUV.png[39m                              [90m[31m+32%[39m[90m    [39m [33m[1mskipped[22m[39m [2moriginal: 0.69 kB <= optimized: 0.92 kB[22m
[2mdist[22m/[94massets/010-BX4INnVv.png[39m                              [90m[32m-2%[39m[90m    [39m [2m0.18 kB ⭢  0.18 kB[22m
[2mdist[22m/[94massets/009-oB1C7Nhd.png[39m                              [90m[32m-48%[39m[90m   [39m [2m5.77 kB ⭢  3.02 kB[22m
[2mdist[22m/[94massets/009-DVRvAMqV.png[39m                              [90m[32m-60%[39m[90m   [39m [2m6.86 kB ⭢  2.75 kB[22m
[2mdist[22m/[94massets/010-B2napHXv.png[39m                              [90m[32m-92%[39m[90m   [39m [2m44.05 kB ⭢  3.76 kB[22m
[2mdist[22m/[94massets/010-CVxF8icK.png[39m                              [90m[32m-67%[39m[90m   [39m [2m4.46 kB ⭢  1.49 kB[22m
[2mdist[22m/[94massets/010-CdD_JqTi.png[39m                              [90m[32m-51%[39m[90m   [39m [2m0.31 kB ⭢  0.15 kB[22m
[2mdist[22m/[94massets/010-Ben7lhnE.png[39m                              [90m[32m-61%[39m[90m   [39m [2m7.07 kB ⭢  2.78 kB[22m
[2mdist[22m/[94massets/010-Cl0Dy6UF.png[39m                              [90m[32m-39%[39m[90m   [39m [2m0.38 kB ⭢  0.23 kB[22m
[2mdist[22m/[94massets/010-CLQnQItX.png[39m                              [90m[32m-33%[39m[90m   [39m [2m0.44 kB ⭢  0.30 kB[22m
[2mdist[22m/[94massets/010-D9oCmgkC.png[39m                              [90m[32m-12%[39m[90m   [39m [2m2.31 kB ⭢  2.06 kB[22m
[2mdist[22m/[94massets/010-DZSuO3MW.png[39m                              [90m[32m-48%[39m[90m   [39m [2m0.34 kB ⭢  0.18 kB[22m
[2mdist[22m/[94massets/010-DVhnC454.png[39m                              [90m[31m+3%[39m[90m     [39m [33m[1mskipped[22m[39m [2moriginal: 2.74 kB <= optimized: 2.82 kB[22m
[2mdist[22m/[94massets/010-C0TaeD0z.png[39m                              [90m[32m-36%[39m[90m   [39m [2m4.78 kB ⭢  3.07 kB[22m
[2mdist[22m/[94massets/010-DoB4Uzw3.png[39m                              [90m[32m-57%[39m[90m   [39m [2m4.31 kB ⭢  1.86 kB[22m
[2mdist[22m/[94massets/010-vZRL5beX.png[39m                              [90m[32m-36%[39m[90m   [39m [2m0.42 kB ⭢  0.27 kB[22m
[2mdist[22m/[94massets/011-ChX3p2ie.png[39m                              [90m[31m+16%[39m[90m    [39m [33m[1mskipped[22m[39m [2moriginal: 2.38 kB <= optimized: 2.78 kB[22m
[2mdist[22m/[94massets/011-C0fTpSyf.png[39m                              [90m[32m-19%[39m[90m   [39m [2m2.49 kB ⭢  2.03 kB[22m
[2mdist[22m/[94massets/010-Co0PeKPe.png[39m                              [90m[32m-48%[39m[90m   [39m [2m5.71 kB ⭢  3.01 kB[22m
[2mdist[22m/[94massets/011-DC5cY5hw.png[39m                              [90m[31m+17%[39m[90m    [39m [33m[1mskipped[22m[39m [2moriginal: 0.71 kB <= optimized: 0.83 kB[22m
[2mdist[22m/[94massets/011-_unkcvUz.png[39m                              [90m[32m-27%[39m[90m   [39m [2m0.47 kB ⭢  0.34 kB[22m
[2mdist[22m/[94massets/012-DD3Wg-c0.png[39m                              [90m[31m+18%[39m[90m    [39m [33m[1mskipped[22m[39m [2moriginal: 0.71 kB <= optimized: 0.84 kB[22m
[2mdist[22m/[94massets/012-DYBPxIZz.png[39m                              [90m[32m-17%[39m[90m   [39m [2m2.70 kB ⭢  2.26 kB[22m
[2mdist[22m/[94massets/012-DuPi9p-M.png[39m                              [90m[31m+20%[39m[90m    [39m [33m[1mskipped[22m[39m [2moriginal: 2.38 kB <= optimized: 2.86 kB[22m
[2mdist[22m/[94massets/012-WkYGhTc8.png[39m                              [90m[32m-31%[39m[90m   [39m [2m0.46 kB ⭢  0.32 kB[22m
[2mdist[22m/[94massets/012-CM98beHD.png[39m                              [90m[32m-90%[39m[90m   [39m [2m49.05 kB ⭢  4.93 kB[22m
[2mdist[22m/[94massets/013-BeehAsgS.png[39m                              [90m[32m-14%[39m[90m   [39m [2m3.07 kB ⭢  2.64 kB[22m
[2mdist[22m/[94massets/011-DQivzu9G.png[39m                              [90m[32m-92%[39m[90m   [39m [2m46.61 kB ⭢  4.13 kB[22m
[2mdist[22m/[94massets/013-C7WxG0hS.png[39m                              [90m[31m+22%[39m[90m    [39m [33m[1mskipped[22m[39m [2moriginal: 2.51 kB <= optimized: 3.09 kB[22m
[2mdist[22m/[94massets/013-C1CEbF1H.png[39m                              [90m[31m+13%[39m[90m    [39m [33m[1mskipped[22m[39m [2moriginal: 0.76 kB <= optimized: 0.86 kB[22m
[2mdist[22m/[94massets/013-BDpBvtXl.png[39m                              [90m[32m-91%[39m[90m   [39m [2m51.01 kB ⭢  4.96 kB[22m
[2mdist[22m/[94massets/014-6N0GWHk-.png[39m                              [90m[32m-16%[39m[90m   [39m [2m3.41 kB ⭢  2.89 kB[22m
[2mdist[22m/[94massets/014-DTuWwcvw.png[39m                              [90m[31m+13%[39m[90m    [39m [33m[1mskipped[22m[39m [2moriginal: 2.68 kB <= optimized: 3.04 kB[22m
[2mdist[22m/[94massets/014-CtLr822d.png[39m                              [90m[31m+14%[39m[90m    [39m [33m[1mskipped[22m[39m [2moriginal: 0.77 kB <= optimized: 0.88 kB[22m
[2mdist[22m/[94massets/015-BEz2Ptk5.png[39m                              [90m[32m-16%[39m[90m   [39m [2m3.58 kB ⭢  3.04 kB[22m
[2mdist[22m/[94massets/015-CqUHw9ck.png[39m                              [90m[31m+7%[39m[90m     [39m [33m[1mskipped[22m[39m [2moriginal: 0.82 kB <= optimized: 0.88 kB[22m
[2mdist[22m/[94massets/010-de2NOiah.png[39m                              [90m[32m-59%[39m[90m   [39m [2m6.57 kB ⭢  2.75 kB[22m
[2mdist[22m/[94massets/015-D713FUGc.png[39m                              [90m[31m+14%[39m[90m    [39m [33m[1mskipped[22m[39m [2moriginal: 2.80 kB <= optimized: 3.22 kB[22m
[2mdist[22m/[94massets/016-BGTqAbIX.png[39m                              [90m[31m+26%[39m[90m    [39m [33m[1mskipped[22m[39m [2moriginal: 2.92 kB <= optimized: 3.69 kB[22m
[2mdist[22m/[94massets/016-Bgq538GB.png[39m                              [90m[32m-11%[39m[90m   [39m [2m3.49 kB ⭢  3.11 kB[22m
[2mdist[22m/[94massets/014-CtEaWvje.png[39m                              [90m[32m-91%[39m[90m   [39m [2m51.62 kB ⭢  4.75 kB[22m
[2mdist[22m/[94massets/016-DhE6xF94.png[39m                              [90m[31m+11%[39m[90m    [39m [33m[1mskipped[22m[39m [2moriginal: 0.91 kB <= optimized: 1.01 kB[22m
[2mdist[22m/[94massets/017-HBHoXtyf.png[39m                              [90m[31m+32%[39m[90m    [39m [33m[1mskipped[22m[39m [2moriginal: 3.01 kB <= optimized: 3.98 kB[22m
[2mdist[22m/[94massets/016-CDaSU6EF.png[39m                              [90m[32m-93%[39m[90m   [39m [2m51.75 kB ⭢  4.13 kB[22m
[2mdist[22m/[94massets/017-Nr84Gvfk.png[39m                              [90m[31m+15%[39m[90m    [39m [33m[1mskipped[22m[39m [2moriginal: 0.86 kB <= optimized: 1.00 kB[22m
[2mdist[22m/[94massets/017-y-NRtTF4.png[39m                              [90m[32m-17%[39m[90m   [39m [2m3.83 kB ⭢  3.21 kB[22m
[2mdist[22m/[94massets/015-BCBWDIxv.png[39m                              [90m[32m-93%[39m[90m   [39m [2m52.28 kB ⭢  4.11 kB[22m
[2mdist[22m/[94massets/018-DbfO16sP.png[39m                              [90m[32m-19%[39m[90m   [39m [2m3.80 kB ⭢  3.08 kB[22m
[2mdist[22m/[94massets/018-DsLN1Stf.png[39m                              [90m[31m+41%[39m[90m    [39m [33m[1mskipped[22m[39m [2moriginal: 3.05 kB <= optimized: 4.33 kB[22m
[2mdist[22m/[94massets/019-BQkqH-Fz.png[39m                              [90m[32m-7%[39m[90m    [39m [2m3.60 kB ⭢  3.36 kB[22m
[2mdist[22m/[94massets/018-Bdns9qMH.png[39m                              [90m[32m-94%[39m[90m   [39m [2m50.83 kB ⭢  3.44 kB[22m
[2mdist[22m/[94massets/019-BdqvA3P7.png[39m                              [90m[31m+49%[39m[90m    [39m [33m[1mskipped[22m[39m [2moriginal: 3.19 kB <= optimized: 4.76 kB[22m
[2mdist[22m/[94massets/019-DNZOmTI-.png[39m                              [90m[31m+25%[39m[90m    [39m [33m[1mskipped[22m[39m [2moriginal: 0.92 kB <= optimized: 1.16 kB[22m
[2mdist[22m/[94massets/017-ZZ6G3PhT.png[39m                              [90m[32m-93%[39m[90m   [39m [2m51.19 kB ⭢  4.08 kB[22m
[2mdist[22m/[94massets/020-BSvzBdSh.png[39m                              [90m[31m+11%[39m[90m    [39m [33m[1mskipped[22m[39m [2moriginal: 0.99 kB <= optimized: 1.11 kB[22m
[2mdist[22m/[94massets/020-CGdxK5Z1.png[39m                              [90m[31m+44%[39m[90m    [39m [33m[1mskipped[22m[39m [2moriginal: 3.34 kB <= optimized: 4.82 kB[22m
[2mdist[22m/[94massets/020-f3w84qkk.png[39m                              [90m[32m-12%[39m[90m   [39m [2m3.72 kB ⭢  3.29 kB[22m
[2mdist[22m/[94massets/019-CKhYTWDL.png[39m                              [90m[32m-93%[39m[90m   [39m [2m50.24 kB ⭢  3.62 kB[22m
[2mdist[22m/[94massets/021-BwT6-TGF.png[39m                              [90m[32m-15%[39m[90m   [39m [2m4.17 kB ⭢  3.59 kB[22m
[2mdist[22m/[94massets/020-Dk6MYciU.png[39m                              [90m[32m-95%[39m[90m   [39m [2m49.48 kB ⭢  2.69 kB[22m
[2mdist[22m/[94massets/021-BcQYelXK.png[39m                              [90m[31m+49%[39m[90m    [39m [33m[1mskipped[22m[39m [2moriginal: 3.32 kB <= optimized: 4.97 kB[22m
[2mdist[22m/[94massets/021-DRKh2cHo.png[39m                              [90m[31m+21%[39m[90m    [39m [33m[1mskipped[22m[39m [2moriginal: 1.08 kB <= optimized: 1.31 kB[22m
[2mdist[22m/[94massets/022-B7uEAgk-.png[39m                              [90m[31m+10%[39m[90m    [39m [33m[1mskipped[22m[39m [2moriginal: 1.07 kB <= optimized: 1.18 kB[22m
[2mdist[22m/[94massets/022-DJewU1X1.png[39m                              [90m[32m-14%[39m[90m   [39m [2m4.28 kB ⭢  3.69 kB[22m
[2mdist[22m/[94massets/021-Cix_oN25.png[39m                              [90m[32m-95%[39m[90m   [39m [2m48.99 kB ⭢  2.71 kB[22m
[2mdist[22m/[94massets/022-DKE02EVA.png[39m                              [90m[31m+42%[39m[90m    [39m [33m[1mskipped[22m[39m [2moriginal: 3.46 kB <= optimized: 4.91 kB[22m
[2mdist[22m/[94massets/023-B7ziwi_X.png[39m                              [90m[31m+40%[39m[90m    [39m [33m[1mskipped[22m[39m [2moriginal: 3.59 kB <= optimized: 5.03 kB[22m
[2mdist[22m/[94massets/022-BxxxY1gV.png[39m                              [90m[32m-95%[39m[90m   [39m [2m48.88 kB ⭢  2.92 kB[22m
[2mdist[22m/[94massets/018-kSDtpwRZ.png[39m                              [90m[31m+22%[39m[90m    [39m [33m[1mskipped[22m[39m [2moriginal: 0.90 kB <= optimized: 1.10 kB[22m
[2mdist[22m/[94massets/023-D-c42xt0.png[39m                              [90m[32m-9%[39m[90m    [39m [2m4.21 kB ⭢  3.85 kB[22m
[2mdist[22m/[94massets/023-C3CCPny4.png[39m                              [90m[31m+18%[39m[90m    [39m [33m[1mskipped[22m[39m [2moriginal: 1.13 kB <= optimized: 1.34 kB[22m
[2mdist[22m/[94massets/024-BUfy8LlV.png[39m                              [90m[32m-8%[39m[90m    [39m [2m4.24 kB ⭢  3.94 kB[22m
[2mdist[22m/[94massets/024-CC8uRJVS.png[39m                              [90m[31m+36%[39m[90m    [39m [33m[1mskipped[22m[39m [2moriginal: 3.61 kB <= optimized: 4.93 kB[22m
[2mdist[22m/[94massets/024-BfnoebRg.png[39m                              [90m[31m+22%[39m[90m    [39m [33m[1mskipped[22m[39m [2moriginal: 1.16 kB <= optimized: 1.43 kB[22m
[2mdist[22m/[94massets/025-CNDvH2Ph.png[39m                              [90m[31m+14%[39m[90m    [39m [33m[1mskipped[22m[39m [2moriginal: 1.23 kB <= optimized: 1.41 kB[22m
[2mdist[22m/[94massets/025-CxzXpQRm.png[39m                              [90m[31m+38%[39m[90m    [39m [33m[1mskipped[22m[39m [2moriginal: 3.72 kB <= optimized: 5.16 kB[22m
[2mdist[22m/[94massets/025-D-ICAV36.png[39m                              [90m[32m-3%[39m[90m    [39m [2m4.38 kB ⭢  4.27 kB[22m
[2mdist[22m/[94massets/024-DMGGxq1R.png[39m                              [90m[32m-93%[39m[90m   [39m [2m48.18 kB ⭢  3.71 kB[22m
[2mdist[22m/[94massets/023-BcDNvAbk.png[39m                              [90m[32m-94%[39m[90m   [39m [2m48.39 kB ⭢  3.32 kB[22m
[2mdist[22m/[94massets/026-BLdCO05n.png[39m                              [90m[32m-10%[39m[90m   [39m [2m4.63 kB ⭢  4.17 kB[22m
[2mdist[22m/[94massets/026-D6BQ3MqG.png[39m                              [90m[31m+9%[39m[90m     [39m [33m[1mskipped[22m[39m [2moriginal: 1.31 kB <= optimized: 1.43 kB[22m
[2mdist[22m/[94massets/025-WKDKPjvo.png[39m                              [90m[32m-92%[39m[90m   [39m [2m48.28 kB ⭢  4.08 kB[22m
[2mdist[22m/[94massets/026-B26Kr4iE.png[39m                              [90m[32m-94%[39m[90m   [39m [2m48.06 kB ⭢  3.29 kB[22m
[2mdist[22m/[94massets/027-BFBsrGDl.png[39m                              [90m[31m+15%[39m[90m    [39m [33m[1mskipped[22m[39m [2moriginal: 1.33 kB <= optimized: 1.54 kB[22m
[2mdist[22m/[94massets/027-BAm2hcni.png[39m                              [90m[32m-94%[39m[90m   [39m [2m47.96 kB ⭢  3.20 kB[22m
[2mdist[22m/[94massets/027-BUudw7VT.png[39m                              [90m[31m+25%[39m[90m    [39m [33m[1mskipped[22m[39m [2moriginal: 3.83 kB <= optimized: 4.83 kB[22m
[2mdist[22m/[94massets/026-JCQA0G1t.png[39m                              [90m[31m+43%[39m[90m    [39m [33m[1mskipped[22m[39m [2moriginal: 3.81 kB <= optimized: 5.47 kB[22m
[2mdist[22m/[94massets/027-td7mVkLI.png[39m                              [90m[32m-9%[39m[90m    [39m [2m4.65 kB ⭢  4.26 kB[22m
[2mdist[22m/[94massets/028-DXqz3Caw.png[39m                              [90m[31m+9%[39m[90m     [39m [33m[1mskipped[22m[39m [2moriginal: 1.39 kB <= optimized: 1.52 kB[22m
[2mdist[22m/[94massets/029-Bq7E1dM_.png[39m                              [90m[31m+8%[39m[90m     [39m [33m[1mskipped[22m[39m [2moriginal: 1.42 kB <= optimized: 1.54 kB[22m
[2mdist[22m/[94massets/028-BueQr3EU.png[39m                              [90m[31m+2%[39m[90m     [39m [33m[1mskipped[22m[39m [2moriginal: 4.93 kB <= optimized: 5.08 kB[22m
[2mdist[22m/[94massets/029-G6RERLIC.png[39m                              [90m[32m-4%[39m[90m    [39m [2m4.88 kB ⭢  4.73 kB[22m
[2mdist[22m/[94massets/030-3CX6Z4DY.png[39m                              [90m[31m+4%[39m[90m     [39m [33m[1mskipped[22m[39m [2moriginal: 4.76 kB <= optimized: 4.96 kB[22m
[2mdist[22m/[94massets/030-Cn5bd0Y5.png[39m                              [90m[31m+8%[39m[90m     [39m [33m[1mskipped[22m[39m [2moriginal: 1.50 kB <= optimized: 1.63 kB[22m
[2mdist[22m/[94massets/032-BsWk8BgY.png[39m                              [90m[32m0%[39m[90m     [39m [33m[1mskipped[22m[39m [2moriginal: 4.98 kB <= optimized: 5.01 kB[22m
[2mdist[22m/[94massets/028-DfXTNSO4.png[39m                              [90m[32m-93%[39m[90m   [39m [2m47.78 kB ⭢  3.74 kB[22m
[2mdist[22m/[94massets/031-WDU7hDO_.png[39m                              [90m[31m+9%[39m[90m     [39m [33m[1mskipped[22m[39m [2moriginal: 4.79 kB <= optimized: 5.22 kB[22m
[2mdist[22m/[94massets/031-D9_RQxm3.png[39m                              [90m[31m+24%[39m[90m    [39m [33m[1mskipped[22m[39m [2moriginal: 1.60 kB <= optimized: 1.99 kB[22m
[2mdist[22m/[94massets/032-DAu682tS.png[39m                              [90m[31m+8%[39m[90m     [39m [33m[1mskipped[22m[39m [2moriginal: 1.68 kB <= optimized: 1.82 kB[22m
[2mdist[22m/[94massets/033-BZDitNcf.png[39m                              [90m[31m+17%[39m[90m    [39m [33m[1mskipped[22m[39m [2moriginal: 1.64 kB <= optimized: 1.93 kB[22m
[2mdist[22m/[94massets/034-C8G2kQgX.png[39m                              [90m[31m+5%[39m[90m     [39m [33m[1mskipped[22m[39m [2moriginal: 1.65 kB <= optimized: 1.74 kB[22m
[2mdist[22m/[94massets/035-GSh_S3Cd.png[39m                              [90m[31m+14%[39m[90m    [39m [33m[1mskipped[22m[39m [2moriginal: 1.70 kB <= optimized: 1.95 kB[22m
[2mdist[22m/[94massets/033-CqfNjdPP.png[39m                              [90m[31m+14%[39m[90m    [39m [33m[1mskipped[22m[39m [2moriginal: 4.66 kB <= optimized: 5.34 kB[22m
[2mdist[22m/[94massets/034-Bdgv3JwB.png[39m                              [90m[31m+5%[39m[90m     [39m [33m[1mskipped[22m[39m [2moriginal: 4.74 kB <= optimized: 5.01 kB[22m
[2mdist[22m/[94massets/036-Cf_4K_pL.png[39m                              [90m[31m+6%[39m[90m     [39m [33m[1mskipped[22m[39m [2moriginal: 1.74 kB <= optimized: 1.85 kB[22m
[2mdist[22m/[94massets/035-CcnVNis3.png[39m                              [90m[32m-4%[39m[90m    [39m [2m4.76 kB ⭢  4.59 kB[22m
[2mdist[22m/[94massets/038-CC_otx6w.png[39m                              [90m[31m+2%[39m[90m     [39m [33m[1mskipped[22m[39m [2moriginal: 4.83 kB <= optimized: 4.95 kB[22m
[2mdist[22m/[94massets/037-XqoORk0Q.png[39m                              [90m[31m+8%[39m[90m     [39m [33m[1mskipped[22m[39m [2moriginal: 4.33 kB <= optimized: 4.69 kB[22m
[2mdist[22m/[94massets/036-DC_iPr6l.png[39m                              [90m[31m+8%[39m[90m     [39m [33m[1mskipped[22m[39m [2moriginal: 4.60 kB <= optimized: 4.99 kB[22m
[2mdist[22m/[94massets/040-CX5BQeEF.png[39m                              [90m[31m+2%[39m[90m     [39m [33m[1mskipped[22m[39m [2moriginal: 4.62 kB <= optimized: 4.74 kB[22m
[2mdist[22m/[94massets/039-DTiP8Jbl.png[39m                              [90m[31m+4%[39m[90m     [39m [33m[1mskipped[22m[39m [2moriginal: 4.81 kB <= optimized: 5.04 kB[22m
[2mdist[22m/[94massets/042-MOO31VFt.png[39m                              [90m[31m+7%[39m[90m     [39m [33m[1mskipped[22m[39m [2moriginal: 4.63 kB <= optimized: 4.97 kB[22m
[2mdist[22m/[94massets/041-BESZLYR3.png[39m                              [90m[31m+6%[39m[90m     [39m [33m[1mskipped[22m[39m [2moriginal: 4.25 kB <= optimized: 4.50 kB[22m
[2mdist[22m/[94massets/043-F_RNnb7v.png[39m                              [90m[31m+3%[39m[90m     [39m [33m[1mskipped[22m[39m [2moriginal: 4.56 kB <= optimized: 4.71 kB[22m
[2mdist[22m/[94massets/044-DQVoHa_f.png[39m                              [90m[31m+6%[39m[90m     [39m [33m[1mskipped[22m[39m [2moriginal: 4.49 kB <= optimized: 4.77 kB[22m
[2mdist[22m/[94massets/045-gJLgN_k5.png[39m                              [90m[32m-1%[39m[90m    [39m [2m4.50 kB ⭢  4.46 kB[22m
[2mdist[22m/[94massets/046-C-LQPayl.png[39m                              [90m[32m0%[39m[90m     [39m [33m[1mskipped[22m[39m [2moriginal: 4.69 kB <= optimized: 4.71 kB[22m
[2mdist[22m/[94massets/047-Cpe8IfPY.png[39m                              [90m[31m+16%[39m[90m    [39m [33m[1mskipped[22m[39m [2moriginal: 4.21 kB <= optimized: 4.91 kB[22m
[2mdist[22m/[94massets/048-C3RlqDbz.png[39m                              [90m[31m+2%[39m[90m     [39m [33m[1mskipped[22m[39m [2moriginal: 4.17 kB <= optimized: 4.29 kB[22m
[2mdist[22m/[94massets/arrival-gate-C1lindAx.png[39m                     [90m[32m-82%[39m[90m   [39m [2m137.11 kB ⭢  25.17 kB[22m
[2mdist[22m/[94massets/bed-long-CgCC-TRK.png[39m                         [90m[32m-70%[39m[90m   [39m [2m231.06 kB ⭢  71.47 kB[22m
[2mdist[22m/[94massets/bed-corner-BxAPtLN2.png[39m                       [90m[32m-69%[39m[90m   [39m [2m143.16 kB ⭢  45.53 kB[22m
[2mdist[22m/[94massets/boundary-lantern-ENiKdiIK.png[39m                 [90m[32m-74%[39m[90m   [39m [2m7.46 kB ⭢  1.98 kB[22m
[2mdist[22m/[94massets/boundary-stele-CEdbShxk.png[39m                   [90m[32m-79%[39m[90m   [39m [2m6.89 kB ⭢  1.46 kB[22m
[2mdist[22m/[94massets/cistern-head-DV6X3r3Y.png[39m                     [90m[32m-78%[39m[90m   [39m [2m32.48 kB ⭢  7.27 kB[22m
[2mdist[22m/[94massets/autumn-maple-b-CZW0nUHB.png[39m                   [90m[32m-71%[39m[90m   [39m [2m409.21 kB ⭢  122.45 kB[22m
[2mdist[22m/[94massets/garden-court-fountain-BJUppVpB.png[39m            [90m[32m-78%[39m[90m   [39m [2m42.56 kB ⭢  9.74 kB[22m
[2mdist[22m/[94massets/engine-hall-C_xAi8hG.png[39m                      [90m[32m-81%[39m[90m   [39m [2m167.42 kB ⭢  32.90 kB[22m
[2mdist[22m/[94massets/garden-court-listening-bench-X5ddhIAK.png[39m     [90m[32m-71%[39m[90m   [39m [2m9.71 kB ⭢  2.84 kB[22m
[2mdist[22m/[94massets/garden-court-kaio-tree-DksmdmFa.png[39m           [90m[32m-69%[39m[90m   [39m [2m46.37 kB ⭢  14.57 kB[22m
[2mdist[22m/[94massets/garden-court-pavilion-FP4HJ6RK.png[39m            [90m[32m-75%[39m[90m   [39m [2m141.42 kB ⭢  35.80 kB[22m
[2mdist[22m/[94massets/garden-lodge-CgsAXzPO.png[39m                     [90m[32m-69%[39m[90m   [39m [2m228.10 kB ⭢  71.22 kB[22m
[2mdist[22m/[94massets/autumn-maple-a-CRfwcQPq.png[39m                   [90m[32m-71%[39m[90m   [39m [2m855.84 kB ⭢  254.20 kB[22m
[2mdist[22m/[94massets/high-court-council-annex-Dop_0WZ9.png[39m         [90m[32m-73%[39m[90m   [39m [2m121.10 kB ⭢  33.51 kB[22m
[2mdist[22m/[94massets/high-court-garden-strip-Cw0Bj60l.png[39m          [90m[32m-73%[39m[90m   [39m [2m236.25 kB ⭢  65.39 kB[22m
[2mdist[22m/[94massets/high-court-main-archive-B1Fhq9VX.png[39m          [90m[32m-72%[39m[90m   [39m [2m296.03 kB ⭢  83.78 kB[22m
[2mdist[22m/[94massets/guardian-hall-CA6WLauC.png[39m                    [90m[32m-69%[39m[90m   [39m [2m279.04 kB ⭢  87.72 kB[22m
[2mdist[22m/[94massets/high-court-record-hall-Bxx9lQTZ.png[39m           [90m[32m-73%[39m[90m   [39m [2m162.20 kB ⭢  45.00 kB[22m
[2mdist[22m/[94massets/keeper-rowhouse-xSXMmg89.png[39m                  [90m[32m-74%[39m[90m   [39m [2m85.05 kB ⭢  22.48 kB[22m
[2mdist[22m/[94massets/market-stall-module-v2-CAHsjPS3.png[39m           [90m[32m-72%[39m[90m   [39m [2m173.19 kB ⭢  48.54 kB[22m
[2mdist[22m/[94massets/bell-quarter-architecture-strip-DugaWyro.png[39m  [90m[32m-78%[39m[90m   [39m [2m1108.83 kB ⭢  252.20 kB[22m
[2mdist[22m/[94massets/market-waterside-workshop-v2-Dklj90s_.png[39m     [90m[32m-74%[39m[90m   [39m [2m800.53 kB ⭢  212.78 kB[22m
[2mdist[22m/[94massets/pump-house-DbmalTsi.png[39m                       [90m[32m-79%[39m[90m   [39m [2m150.36 kB ⭢  31.84 kB[22m
[2mdist[22m/[94massets/market-merchant-rowhouse-v2-nvzs-Ebf.png[39m      [90m[32m-75%[39m[90m   [39m [2m639.43 kB ⭢  166.18 kB[22m
[2mdist[22m/[94massets/v3-feed-store-temporary-z9hKwwK_.png[39m          [90m[32m-68%[39m[90m   [39m [2m300.73 kB ⭢  98.02 kB[22m
[2mdist[22m/[94massets/market-walkthrough-arcade-v2-DYhFLaK9.png[39m     [90m[32m-76%[39m[90m   [39m [2m1008.80 kB ⭢  251.96 kB[22m
[2mdist[22m/[94massets/v3-bonding-cedar-B0-kaOPw.png[39m                 [90m[32m-69%[39m[90m   [39m [2m236.45 kB ⭢  74.26 kB[22m
[2mdist[22m/[94massets/v3-kennel-pavilion-BQdRsSvf.png[39m               [90m[32m-75%[39m[90m   [39m [2m391.21 kB ⭢  100.88 kB[22m
[2mdist[22m/[94massets/v3-kennel-infirmary-BrJVjQxN.png[39m              [90m[32m-71%[39m[90m   [39m [2m343.17 kB ⭢  101.45 kB[22m
[2mdist[22m/[94massets/v3-kennel-service-house-B_W9d7Zn.png[39m          [90m[32m-68%[39m[90m   [39m [2m303.99 kB ⭢  98.90 kB[22m
[2mdist[22m/[94massets/v3-stable-tack-annex-BhUmwKwm.png[39m             [90m[32m-74%[39m[90m   [39m [2m298.69 kB ⭢  80.38 kB[22m
[2mdist[22m/[94massets/valve-house-CDgP5o7n.png[39m                      [90m[32m-76%[39m[90m   [39m [2m62.72 kB ⭢  15.46 kB[22m
[2mdist[22m/[94massets/v3-handler-lodge-Ddi9aidp.png[39m                 [90m[32m-72%[39m[90m   [39m [2m373.53 kB ⭢  106.97 kB[22m
[2mdist[22m/[94massets/v3-vale-stable-BK48gDix.png[39m                   [90m[32m-71%[39m[90m   [39m [2m707.72 kB ⭢  209.53 kB[22m
[2mdist[22m/[94massets/dungeon/atlas-floor.png[39m                       [90m[32m-45%[39m[90m   [39m [2m2.95 kB ⭢  1.63 kB[22m
[2mdist[22m/[94massets/dungeon/atlas-walls-high.png[39m                  [90m[32m-45%[39m[90m   [39m [2m7.09 kB ⭢  3.94 kB[22m
[2mdist[22m/[94massets/dungeon/atlas-walls-low.png[39m                   [90m[32m-35%[39m[90m   [39m [2m2.07 kB ⭢  1.36 kB[22m
[2mdist[22m/[94massets/dungeon/0x72-dungeon-tileset-ii.png[39m           [90m[32m-45%[39m[90m   [39m [2m38.69 kB ⭢  21.29 kB[22m
[2mdist[22m/[94massets/dungeon/tilemap.png[39m                           [90m[32m-45%[39m[90m   [39m [2m30.43 kB ⭢  17.00 kB[22m
[2mdist[22m/[94mapple-touch-icon.png[39m                                 [90m[32m-69%[39m[90m   [39m [2m22.13 kB ⭢  7.00 kB[22m
[2mdist[22m/[94mshinobi-journey-mark-48-v3.png[39m                       [90m[32m-48%[39m[90m   [39m [2m4.89 kB ⭢  2.58 kB[22m
[2mdist[22m/[94micon-maskable-512.png[39m                                [90m[32m-73%[39m[90m   [39m [2m101.58 kB ⭢  28.33 kB[22m
[2mdist[22m/[94micon-512.png[39m                                         [90m[32m-71%[39m[90m   [39m [2m153.79 kB ⭢  44.69 kB[22m
[2mdist[22m/[94mscenes/legacy-sage-offer.png[39m                         [90m[32m-51%[39m[90m   [39m [2m368.98 kB ⭢  182.01 kB[22m
[2mdist[22m/[94massets/warfront/kage-fire-impact-burst-v1-512.png[39m    [90m[31m+5%[39m[90m     [39m [33m[1mskipped[22m[39m [2moriginal: 63.89 kB <= optimized: 67.47 kB[22m
[2mdist[22m/[94mscenes/legacy-trial.png[39m                              [90m[32m-33%[39m[90m   [39m [2m344.30 kB ⭢  230.69 kB[22m
[2mdist[22m/[94micon-192.png[39m                                         [90m[32m-68%[39m[90m   [39m [2m25.05 kB ⭢  8.06 kB[22m
[2mdist[22m/[94mshinobi-journey-mark-180-v3.png[39m                      [90m[32m-65%[39m[90m   [39m [2m47.15 kB ⭢  16.63 kB[22m
[2mdist[22m/[94mShinobi-Journeys.png[39m                                 [90m[31m+38%[39m[90m    [39m [33m[1mskipped[22m[39m [2moriginal: 269.14 kB <= optimized: 373.64 kB[22m
[2mdist[22m/[94mshinobi-journey-mark-512-v3.png[39m                      [90m[32m-69%[39m[90m   [39m [2m326.99 kB ⭢  101.72 kB[22m
[2mdist[22m/[94massets/warfront/kage-fire-impact-burst-v1.png[39m        [90m[32m-68%[39m[90m   [39m [2m1007.37 kB ⭢  328.25 kB[22m

💰 total savings = [32m10540.64kB[39m/[32m14853.40kB[39m ≈ [32m71%[39m


[prerender-legal] wrote 9 static legal page(s) to C:\Users\Tyler R\source\repos\NinjaK\shinobij.client\dist\prerendered
