▶ admin AI catalog
  ✔ matches the client later-source-wins merge and canonical precedence (0.6358ms)
  ✔ rejects malformed ids and non-object entries (0.6021ms)
✔ admin AI catalog (1.9272ms)
▶ buildAdminJutsuCatalog
  ✔ keys authored jutsu from both admin slots by id (1.2683ms)
  ✔ preserves authored balance values verbatim (0.14ms)
  ✔ lets the later slot win an id collision when neither carries updatedAt (0.1013ms)
  ✔ keeps the more recently edited entry when an earlier slot is newer (0.1312ms)
  ✔ still takes the later slot when it is the newer edit (0.1132ms)
  ✔ treats an equal or unparseable stamp as a tie and lets the later slot win (0.1184ms)
  ✔ skips malformed entries and missing/absent records (0.1572ms)
✔ buildAdminJutsuCatalog (2.8953ms)
▶ resolveAiProfileJutsu
  ✔ resolves built-in ids to the server catalog jutsu, in order (2.5299ms)
  ✔ carries the combat fields the tower engine reads (0.4678ms)
  ✔ keeps the tag list — the engine reads tags for every status effect (0.5114ms)
  ✔ drops unknown ids instead of fabricating a jutsu (0.5816ms)
  ✔ resolves admin-authored ids the built-in catalog does not carry (0.5393ms)
  ✔ lets the BUILT-IN catalog win an id collision, like resolveEquippedLoadout (0.2848ms)
  ✔ sanitizes authored values — no instant-kill AI jutsu (0.5714ms)
  ✔ dedupes ids and caps the loadout size (3.8721ms)
  ✔ returns [] for junk input so the Solo-PvE builder falls back to a signature (4.3671ms)
  ✔ resolves a real built-in AI to its full authored kit (0.7311ms)
✔ resolveAiProfileJutsu (35.0501ms)
▶ first fights: the authored kits resolve and validate
  ✔ every kit jutsu is a real starter-catalog technique and every program validates (2.5791ms)
  ✔ kit enemies can afford their moves (the generic pool could not) (41.4751ms)
✔ first fights: the authored kits resolve and validate (45.6981ms)
▶ fight 1: the Academy spar dummy
  ✔ survives one cheap action and falls to the second, and still dies to one heavy cast (17.3545ms)
  ✔ is won by the onboarding walk-and-punch loop before the dummy ever swings (7.5807ms)
✔ fight 1: the Academy spar dummy (25.3468ms)
▶ fight 2: the E-Rank Drill partner holds the yard at range
  ✔ closes to four tiles, hexes the player, and stops — no melee unless approached (24.0799ms)
  ✔ is won by a naive rookie in about three rounds and by the express fixture on basic attacks (38.9864ms)
✔ fight 2: the E-Rank Drill partner holds the yard at range (63.3657ms)
▶ fight 3: the chapter-1 guardian braces, then closes to casting range
  ✔ opens with a shield and Absorb on its very first turn, before it walks (13.578ms)
  ✔ a heavy cast into the fresh shield is mostly wasted; chip-then-commit is the efficient line (3.4084ms)
  ✔ is won by a naive level-4 rookie in a few rounds (15.2154ms)
✔ fight 3: the chapter-1 guardian braces, then closes to casting range (32.5434ms)
▶ fight 4: the Mist Sentinel nets the player
  ✔ poisons the player with its opener, and Cleanse clears it (4.7655ms)
  ✔ is won by a naive level-5 rookie and cannot kill a passive one from full HP (15.2483ms)
✔ fight 4: the Mist Sentinel nets the player (20.2489ms)
▶ every bloodline gets the same lessons
  ✔ an Iron Fang rookie also beats the Drill and the guardian naively (24.8537ms)
  ✔ the enemy turn runner honours the hold: no wandering into melee on its own (2.0943ms)
✔ every bloodline gets the same lessons (27.1199ms)
✔ difficulty bands use inclusive bracket boundaries (2.0343ms)
✔ stat multiplier weakens sub-peer bands and ramps peer to the full-budget mirror (0.4024ms)
✔ HP multiplier makes sub-peer foes less tanky and ramps peer to full HP (0.2416ms)
✔ AI mastery scales with enemy level and caps at the mastery ceiling (0.2731ms)
✔ enemy hit cap clamps early-band damage to a fraction of player HP (0.3183ms)
✔ hit cap survives junk HP and never returns a sub-1 ceiling (0.153ms)
✔ easy-band AI cannot one-shot a full-health player at any low level (0.402ms)
✔ easy-band mercy: a player above 50% HP cannot die in one enemy turn (0.2096ms)
✔ levels <=10: enemy cannot kill a player who started the turn above 25% HP (0.2074ms)
✔ easy-band per-turn cap bounds cumulative damage (~30% of max HP) (0.2854ms)
✔ hard-band per-turn cap bounds a chained turn (~70% of max HP) (0.1926ms)
✔ early peer keeps a widening guard and max-level peer passes raw damage unchanged (0.1995ms)
✔ burst jutsu = AP >= 60 (0.1493ms)
✔ easy band holds burst for the opening rounds, then releases it (0.1563ms)
✔ easy band only goes for the kill when the player is already low (0.165ms)
✔ rank caps, stat caps, and mastery ramp preserve pinned combat values (2.055ms)
✔ offense, defense, terrain, weather, home terrain, bloodline, and item multipliers stay pure (0.4385ms)
✔ DR, amp, armor, guard, and DoT mitigation helpers preserve the soft caps (0.4959ms)
✔ tag scaling, Pierce, Wound, Heal, Shield, Drain, and post-damage caps are pinned (3.4757ms)
✔ aggregate direct-damage formulas preserve current PvP numbers (4.0445ms)
✔ aggregate post-damage formulas preserve current caps and ordering math (0.4127ms)
✔ Generals and Discipline status bonuses stay pooled and Seal-gated (0.5696ms)
✔ combat-core constants pin the PvP grid and turn envelope (1.26ms)
✔ hex helpers preserve the arena odd-column geometry (1.3795ms)
✔ combat status timing stays deferred until activeRound (0.196ms)
✔ a deferred non-stack refresh preserves the active copy, then replaces it without overlap (0.5877ms)
✔ status helpers preserve add/replace/stack/tick semantics (0.6089ms)
✔ status cap keeps the strongest recent stacks (0.3543ms)
✔ a deferred Wound cap preserves current stacks and enforces two at activation (0.4508ms)
✔ cooldown and AP helpers preserve PvP turn math (0.408ms)
✔ mastery fraction helper preserves the pinned ramp shape (0.2254ms)
✔ resolveJutsu owns phase order while phase callbacks own formulas (0.8805ms)
▶ server combat-AI authoring contract
  ✔ seals a deterministic compact program and drops editor-only ids (3.2458ms)
  ✔ rejects unknown vocabulary, bad references, non-finite values, and missing fallbacks (0.3655ms)
  ✔ bounds program size and condition values (0.4052ms)
  ✔ allows an omitted program and image-only built-in overrides (1.9847ms)
  ✔ validates resource, status, cooldown, recent-action, target, and Tower extension fields (0.4343ms)
  ✔ rejects missing condition operands and impossible action targets (0.3848ms)
  ✔ reports publish issues at the creator profile path (0.2215ms)
  ✔ proves every published loadout reference exists in server content (0.3805ms)
✔ server combat-AI authoring contract (9.5872ms)
▶ cast flavor — %user / %target resolution
  ✔ resolves %target to the OPPONENT for an outward cast (11.1677ms)
  ✔ resolves %target to the CASTER for a SELF cast (0.2668ms)
  ✔ resolves %user to the caster regardless of target (0.2565ms)
  ✔ keeps a ground cast pointed outward (0.1603ms)
  ✔ returns empty for missing, blank or non-string flavor (0.1433ms)
  ✔ substitutes every occurrence, not just the first (0.1446ms)
✔ cast flavor — %user / %target resolution (13.5924ms)
▶ cast header line
  ✔ appends resolved flavor after the header (0.3322ms)
  ✔ collapses to a bare header when there is no authored flavor (0.1526ms)
  ✔ falls back to a generic noun when the jutsu has no name (0.1705ms)
✔ cast header line (0.9103ms)
▶ N-target cast reducer scopes
  ✔ commits cast mutations once and resolves reactive mutations once per target (4.2787ms)
  ✔ produces byte-identical state, hit records, and event order for all roster/footprint permutations (15.2151ms)
  ✔ resolves a committed cast atomically by default, with an explicit stop-on-caster-defeat policy (0.6626ms)
  ✔ runs begin/complete exactly once for a legal zero-hit tile cast (0.3529ms)
✔ N-target cast reducer scopes (21.8229ms)
▶ authoritative combat event projection
  ✔ projects exact resource, shield, damage, movement, status, zone, and item facts (2.2543ms)
  ✔ preserves resolver raw/final truth plus objective and lifecycle facts (0.4824ms)
  ✔ preserves both activation boundaries for gap-free status refreshes (0.4092ms)
  ✔ records summon, dismissal, and flee without leaking fighter identity (0.6159ms)
  ✔ is privacy-bounded and sanitizes non-finite or oversized source data (0.9264ms)
✔ authoritative combat event projection (5.8549ms)
▶ executable jutsu parity inventory
  ✔ derives the shipped census and classifies every executable jutsu (23.6796ms)
  ✔ covers the closed canonical tag contract and all sealed AI references (4.4434ms)
  ✔ includes creator-published jutsu when the authoritative admin store supplies them (1.5404ms)
✔ executable jutsu parity inventory (31.4695ms)
▶ mode exception registry
  ✔ names every intentional Solo-only envelope without overriding shared cast fields (0.959ms)
✔ mode exception registry (1.1959ms)
▶ canonical N-actor identities and viewer relations
  ✔ brands non-empty opaque ids without rewriting their runtime value (1.0684ms)
  ✔ derives self/ally/enemy/neutral relative to the viewer, never from controller ownership (0.4951ms)
✔ canonical N-actor identities and viewer relations (3.0118ms)
▶ normalized ability target rules
  ✔ normalizes every legacy relation/tile family to one canonical shape (1.7664ms)
  ✔ deduplicates and canonically orders structured relations while validating cardinality (0.4475ms)
✔ normalized ability target rules (2.4288ms)
▶ server-derived TargetPlan
  ✔ keeps the chosen anchor first, then uses rosterOrder + ActorId for a total order (0.8772ms)
  ✔ is deterministic across every roster and footprint permutation (4.2197ms)
  ✔ enforces controller authority, primary eligibility, defeated policy, and target caps (0.3448ms)
  ✔ keeps tile/no-target plans free of actor expansion and rejects target-kind confusion (0.1989ms)
✔ server-derived TargetPlan (5.9293ms)
▶ explicit 2v2 human-controller team contract
  ✔ enforces per-actor authority and self/ally/hostile targeting while server AOE excludes allies (0.9584ms)
✔ explicit 2v2 human-controller team contract (1.0783ms)
▶ authoritative PvP/Solo-PvE jutsu parity
  ✔ every executable built-in and legacy jutsu has a neutral behavioral parity case (350.4398ms)
  ✔ eligibility gates and adjusted AP stay identical (23.2709ms)
  ✔ circle, spiral, immediate ground application, displacement, and VFX stay identical (20.25ms)
  ✔ resource spending, poison-on-spend, status timing, and cooldown ordering stay identical (2.8781ms)
  ✔ mastery and level boundaries remain differential-parity pinned (18.2919ms)
  ✔ the normalized contract rejects mutations to every fragile compared field (39.5111ms)
✔ authoritative PvP/Solo-PvE jutsu parity (488.7142ms)
▶ AI-fight companion settlement cost
  ✔ charges only the sealed summoned pet gear and consumable (1.6242ms)
  ✔ does not spend a newly changed loadout that differs from terminal evidence (0.1706ms)
✔ AI-fight companion settlement cost (2.9782ms)
▶ loadAiFightProfile
  ✔ resolves a built-in AI from the generated mirror (1.7205ms)
  ✔ rejects malformed ids without a storage lookup (0.377ms)
✔ loadAiFightProfile (3.2604ms)
▶ resolveAiFightOutcome — the session is the authority
  ✔ reads a squad win as a win (2.1683ms)
  ✔ reads an enemy win as a loss and a tie as a draw (0.3248ms)
  ✔ reads an UNRESOLVED session as a forfeit, not a no-op (0.2015ms)
  ✔ reads a MISSING session as unknown — neither pays nor punishes (0.2151ms)
  ✔ reads the discriminated solo-PvE winner without Tower semantics (1.171ms)
  ✔ reads item use only from the authoritative runtime session (1.6236ms)
✔ resolveAiFightOutcome — the session is the authority (7.5873ms)
▶ aiFightPaysReward — only a win pays, and practice never does
  ✔ pays a real win (0.3501ms)
  ✔ never pays a practice bout — a sparring partner is not a faucet (0.8151ms)
  ✔ never pays a loss, a draw, a forfeit or an unverifiable settle (0.4373ms)
  ✔ treats a missing battleKind as payable for legacy token compatibility (0.3625ms)
  ✔ finds the human fighter, never the AI or a summoned companion (0.2858ms)
✔ aiFightPaysReward — only a win pays, and practice never does (23.0091ms)
▶ applyAiFightOutcomeToCharacter — a fight costs the same on either engine
  ✔ carries the surviving HP back on a win (0.4053ms)
  ✔ hospitalizes when the player is DOWN, matching the local Arena KO paths (0.1685ms)
  ✔ does NOT hospitalize a player who lost but SURVIVED (0.1882ms)
  ✔ a forfeit costs the HP you walked out with, not a hospital bed (0.1549ms)
  ✔ leaves the character untouched when the outcome is unknown (0.1226ms)
  ✔ leaves the character untouched when there is no actor to read (0.3038ms)
  ✔ clamps surviving HP to the SAVE maxHp, never the stale session one (0.1394ms)
  ✔ never leaves a survivor on 0 HP — 1 HP is the floor for anyone still up (0.1283ms)
  ✔ re-applying a defeat PUSHES the hospital stay out — which is why the receipt exists (0.1763ms)
✔ applyAiFightOutcomeToCharacter — a fight costs the same on either engine (2.0827ms)
▶ isPveFightMember — a client-supplied runId must be your own
  ✔ accepts the player who actually fought (0.1521ms)
  ✔ refuses a stranger's run — on a WIN that would be a free heal (0.1169ms)
  ✔ never matches on the enemy side (0.1137ms)
✔ isPveFightMember — a client-supplied runId must be your own (0.6642ms)
▶ settlementOwnsHpOnWin — who writes the winning HP
  ✔ defers only for the Academy spar, whose settlement grants a scripted HP (0.5906ms)
  ✔ leaves every other mode alone, so their wins still carry surviving HP back (0.1665ms)
  ✔ is about the WIN only — a lost spar still costs, which is what hospitalizes a beginner (0.2385ms)
✔ settlementOwnsHpOnWin — who writes the winning HP (1.2954ms)
▶ AI-fight redemption authority
  ✔ preserves a live winning-token receipt through more than 100 loss receipts (27.4823ms)
  ✔ does not burn the daily count on a precommit failure and recovers a committed save acknowledgement loss (2.0531ms)
  ✔ reserves after a racing legacy INCR so old and new workers cannot share an ordinal (1.0208ms)
  ✔ requires exact reservation evidence after a lost counter acknowledgement (0.8192ms)
  ✔ mirrors the legacy counter with exact CAS max across races and ambiguous acknowledgements (0.4749ms)
  ✔ fails closed on a malformed legacy counter instead of overwriting it (0.4592ms)
✔ AI-fight redemption authority (33.8526ms)
▶ _ai-fight-reward — daily soft-cap (P0.2b)
  ✔ first win of the day pays full ryo and zero xp (81.2453ms)
  ✔ pays full ryo up to (and including) the soft cap (0.3892ms)
  ✔ reduces the ryo past the soft cap (0.256ms)
  ✔ pays zero beyond the daily hard cap (0.2242ms)
  ✔ clamps the per-fight base (anti-inflation) and ignores the claimed xp entirely (0.2697ms)
  ✔ handles non-numeric / negative input safely (0.1716ms)
✔ _ai-fight-reward — daily soft-cap (P0.2b) (94.7796ms)
▶ _ai-fight-secondary
  ✔ atomically grants the sealed defense reward and counters (3.7473ms)
  ✔ grants raid counters and profession-neutral charm substitute (0.5195ms)
  ✔ pays nothing for practice or after the hard ceiling (0.2049ms)
  ✔ pays ordinary World encounter rewards without impersonating a village raid (0.2405ms)
  ✔ only grants the Ironclad roll to a valid capstone owner (0.3756ms)
✔ _ai-fight-secondary (7.4492ms)
✔ only eligible PvE victories credit the council win ledger in the authoritative save (3.2593ms)
[pvp-loadout] unlearned equipped jutsu id(s) dropped Rill starter-universal-flicker
[pvp-loadout] unlearned equipped jutsu id(s) dropped Rill starter-universal-flicker
[pvp-loadout] unlearned equipped jutsu id(s) dropped Rill starter-universal-flicker
[pvp-loadout] unlearned equipped jutsu id(s) dropped Rill starter-universal-flicker
[pvp-loadout] unlearned equipped jutsu id(s) dropped Rill starter-universal-flicker
[pvp-loadout] unlearned equipped jutsu id(s) dropped Rill starter-universal-flicker
[pvp-loadout] unlearned equipped jutsu id(s) dropped Rill starter-universal-flicker
[pvp-loadout] unlearned equipped jutsu id(s) dropped Rill starter-universal-flicker
[pvp-loadout] unlearned equipped jutsu id(s) dropped Rill starter-universal-flicker
[pvp-loadout] unlearned equipped jutsu id(s) dropped Rill starter-universal-flicker
[pvp-loadout] unlearned equipped jutsu id(s) dropped Rill starter-universal-flicker
[pvp-loadout] unlearned equipped jutsu id(s) dropped Rill starter-universal-flicker
[pvp-loadout] unlearned equipped jutsu id(s) dropped Rill starter-universal-flicker
[pvp-loadout] unlearned equipped jutsu id(s) dropped Rill starter-universal-flicker
[pvp-loadout] unlearned equipped jutsu id(s) dropped Rill starter-universal-flicker
[pvp-loadout] unlearned equipped jutsu id(s) dropped Rill starter-universal-flicker
[pvp-loadout] unlearned equipped jutsu id(s) dropped Rill starter-universal-flicker
[pvp-loadout] unlearned equipped jutsu id(s) dropped Rill starter-universal-flicker
[pvp-loadout] unlearned equipped jutsu id(s) dropped Rill starter-universal-flicker
[pvp-loadout] unlearned equipped jutsu id(s) dropped Rill starter-universal-flicker
▶ live generic-AI Solo-PvE encounter
  ✔ seals the authored opponent, its resolved kit and a neutral battlefield (23.7447ms)
  ✔ rebuilds level, stats and HP from server scaling without mutating the catalog (93.4937ms)
  ✔ is deterministic for identical sealed inputs (2.1938ms)
  ✔ seals the active carried pet and omits a companion when none is active (2.5684ms)
  ✔ seals enemy mastery and the difficulty guard from the rebuilt level (72.587ms)
  ✔ honors the AI-fight difficulty rollback switch (0.9101ms)
  ✔ preserves authored pools, armor, boss identity and the full stat sheet (0.8289ms)
  ✔ clamps hostile profile fields at the live Solo-PvE boundary (0.6725ms)
  ✔ keeps an opponent actionable when no authored jutsu resolves (0.6711ms)
  ✔ does not let the fallback signature validate a broken authored rule program (0.7948ms)
✔ live generic-AI Solo-PvE encounter (223.6184ms)
▶ generic AI fight standalone-runtime contract
  ✔ builds and persists a solo-pve session, never a Tower session (2.4047ms)
  ✔ does not reintroduce the retired Tower generic-AI constructor anywhere in production (15131.2603ms)
  ✔ returns a mandatory sessionId and session (99.5281ms)
  ✔ binds the reward token to the explicit solo-pve runtime (78.8271ms)
  ✔ ignores hostLoadout and derives scaling from server state (33.4456ms)
  ✔ reconciles a matured travel receipt before validating a World encounter sector (39.1666ms)
✔ generic AI fight standalone-runtime contract (15386.5409ms)
[kv] isolated in-memory QA backend active
[pvp-loadout] unlearned equipped jutsu id(s) dropped travelfightarrival starter-universal-flicker
✔ World fight start accepts the destination when its travel lease matured before the save heartbeat (15164.8013ms)
✔ a recovery-only probe does not settle travel without returning a save version (1.6497ms)
▶ _ai-fight-token
  ✔ creates a bounded token record (2.1007ms)
  ✔ normalizes unknown battle kinds to non-paying practice (0.3262ms)
  ✔ seals reconstructed World context separately from client reward fields (1.1ms)
  ✔ cleans token ids for key use (0.3179ms)
  ✔ accepts claims at or below the sealed ceiling (0.3407ms)
  ✔ uses server-sealed rewards when present instead of client-submitted amounts (0.1818ms)
  ✔ computes AI fight base rewards from the active pet trait (0.3301ms)
  ✔ carries a separately discriminated solo-PvE session binding (0.2103ms)
  ✔ never stamps a solo runtime without a valid solo session id (0.2866ms)
  ✔ rejects claims that exceed the sealed ceiling (0.2696ms)
✔ _ai-fight-token (7.5422ms)
▶ apex catalog parity with the client mirror
  ✔ rosters match exactly, in order (1.2502ms)
  ✔ gates match (0.5214ms)
  ✔ purse matches (97.8764ms)
  ✔ HP stays at or under the approved 12,500 ceiling (0.3616ms)
✔ apex catalog parity with the client mirror (114.3021ms)
▶ apex week keys
  ✔ matches known ISO-8601 weeks (0.3249ms)
  ✔ previousWeekKey steps back exactly one week, across a year boundary (0.2243ms)
✔ apex week keys (0.7417ms)
▶ apex claim window
  ✔ accepts this week and the one before, newest first (1.1691ms)
  ✔ lets a Sunday-night kill settle on Monday morning (0.2286ms)
  ✔ does not reach back two weeks (0.2142ms)
✔ apex claim window (1.8933ms)
▶ apex eligibility
  ✔ requires max hunter rank AND the level floor (31.8164ms)
  ✔ only accepts the beast actually on offer that week (0.797ms)
  ✔ tracks the weekly claim per week key (0.1969ms)
  ✔ scopes the receipt key per player and week (0.7221ms)
✔ apex eligibility (33.793ms)
[pvp-loadout] unresolved equipped jutsu id(s) MissionTester starter-universal-flicker
▶ authored ordinary mission scope and sealing
  ✔ changes only selected mission kits and finite resources, retaining all baseline stats (19.8579ms)
  ✔ reports any missing required move; built-in content precedence remains intact (7.8462ms)
  ✔ clones programs and preserves sealed old and new encounters across JSON persistence (31.5648ms)
✔ authored ordinary mission scope and sealing (60.5999ms)
▶ distinct actual rule execution
  ✔ Ember creates a real opening then pays for its heavy attack; movement reduces the combo budget (15.0318ms)
  ✔ Frost protects itself and weakens attacks; Clear and Cleanse affect different fighters (14.9435ms)
  ✔ Shadow holds range after poisoning; closing suppresses its cast and Cleanse removes the tax (14.3692ms)
  ✔ Champion uses a shield/setup at range and a limited Reflect attack when approached (5.8836ms)
✔ distinct actual rule execution (50.7106ms)
▶ mission legality, budgets, and progression
  ✔ ends safely at edges, with occupied movement, sealed elements, Lag, and exhausted resources (57.664ms)
  ✔ retains per-hit and per-turn guards; no enemy kit obtains unlimited healing or permanent control (54.9369ms)
  ✔ admits ordinary earned-stat builds across four disciplines and rewards later progression (3542.1397ms)
  ✔ shows measured benefits from responses with identical loadouts and starting conditions (1180.4605ms)
✔ mission legality, budgets, and progression (4835.8169ms)
✔ sealed mission binding accepts only its completed winning solo-PvE session (1.8794ms)
✔ mission binding rejects wrong player, mission, run, expiry, unfinished and losing sessions (0.2966ms)
✔ mission binding rejects non-member settlement, encounter drift, reward drift, and replay (0.7664ms)
✔ mission start recovery reuses only a coherent active unsettled session (0.6811ms)
✔ mission start recovery keeps a terminal win but releases a reconciled non-win for retry (0.4313ms)
✔ a settled mission validates as durable proof for lost-response replay only (1.0675ms)
✔ Hollow Gate Warden missions normalize to level 100 plus Hollow Gate access (10.4328ms)
✔ level 20 players cannot receive level 100 endgame objectives (4.8491ms)
✔ level 100 players still need Hollow Gate access for Warden objectives (1.3432ms)
✔ level 100 players can receive Warden objectives only with Hollow Gate unlocked (0.1611ms)
✔ profession, pet, and ranked gates return machine-readable reasons (0.4078ms)
✔ claim rejects ineligible weekly Warden mission even if posted manually (0.3323ms)
✔ creator mission validation blocks Warden publishing below level 100 (0.4797ms)
▶ _field-raid-progress
  ✔ REGRESSION: server-owned AI raid wins stamp the field receipt at settlement (2.4609ms)
  ✔ REGRESSION: reads accepted ids off the save record, level off its character (2.6944ms)
  ✔ derives a receipt-legal, stable, proof-specific evidence id (0.4035ms)
  ✔ selects only accepted fetch missions that actually ask for raids (0.282ms)
  ✔ credits only the contract whose target matches the sealed raid sector (0.3483ms)
  ✔ excludes hunts, unaccepted missions, and level-ineligible fetches (0.2675ms)
  ✔ dedupes a mission accepted twice (0.2142ms)
  ✔ REGRESSION: explores alone leave a fetch mission unclaimable; the raid completes it (0.6232ms)
  ✔ a replayed raid proof cannot double-count raidCount (0.2502ms)
  ✔ every builtin fetch mission stays inside the 32-evidence receipt cap (0.2386ms)
✔ _field-raid-progress (9.4137ms)
▶ generic AI fight authority
  ✔ derives an explore opponent from the server level band and exact sector receipt (2.8808ms)
  ✔ binds raid AI to the exact still-live raid token target (1.0351ms)
  ✔ allows only this week's Apex and rejects generic dedicated-mode forgery (0.6363ms)
✔ generic AI fight authority (5.7024ms)
▶ mission catalog matches the client reward tables
  ✔ COMBAT_MISSIONS — same set, same rewards, same AI (1.9637ms)
  ✔ FIELD_MISSIONS — same set, same rewards (incl. currency) (0.587ms)
  ✔ HUNT_MISSION_IDS = exactly the hunt-* entries (those carrying itemRewards) (0.4056ms)
  ✔ Academy Trial is tiny, one-time, no premium currency (0.2095ms)
✔ mission catalog matches the client reward tables (4.5003ms)
▶ reward-bonus math mirrors the client
  ✔ boostAmount = floor(amount * (1 + pct/100)), never negative (0.2624ms)
  ✔ missionRewardBonusPct = missionHall(level×0.5) + auraSphere(equipped) (0.2813ms)
✔ reward-bonus math mirrors the client (0.7329ms)
▶ daily-cap accounting matches character-progress.ts
  ✔ hasDailyMissionSlot honours the 20/day cap keyed on lastDailyReset (0.3386ms)
  ✔ markMissionCompletedFields bumps total + daily + clan, stamps day/month (0.2931ms)
✔ daily-cap accounting matches character-progress.ts (0.9232ms)
▶ hunt daily-cap accounting matches character-progress.ts (hunt pool)
  ✔ hasDailyHuntSlot honours the 20/day cap keyed on lastHuntReset (independent of missions) (0.3352ms)
  ✔ dailyHuntCap adds +1 per Hunter Rank (20 base → 25 at Warden), clamped to 0..5 (0.3222ms)
  ✔ markHuntCompletedFields bumps the hunt counter + clan/lifetime totals, stamps day/month (0.2307ms)
✔ hunt daily-cap accounting matches character-progress.ts (hunt pool) (1.0896ms)
▶ reward application helpers
  ✔ grantItemsToInventory appends literal item ids, dropping blanks/non-strings (0.3182ms)
  ✔ applyCurrencyRewardFields adds only positive amounts onto existing balances (0.2189ms)
  ✔ keeps every normal mission Territory Scroll reward disabled (0.1911ms)
✔ reward application helpers (0.8942ms)
▶ _mission-progress-receipt save readers
  ✔ REGRESSION: reads accepted missions off the RECORD, not the character (2.1157ms)
  ✔ still reads a bare character, so a caller holding only that works (0.25ms)
  ✔ prefers the record over a nested character when both carry the field (0.2315ms)
  ✔ is total on missing, null and malformed saves (0.2785ms)
✔ _mission-progress-receipt save readers (4.3031ms)
▶ _mission-progress-receipt
  ✔ cleans supported progress event kinds (0.4075ms)
  ✔ server producer flow: N-1 tracks + a kill build a claimable hunt receipt (0.6953ms)
  ✔ increments field progress only to the sealed requirements (0.3228ms)
  ✔ requires a tracked hunt kill before hunt payout (0.2652ms)
  ✔ a verified kill completes a hunt even when every tracking ping was dropped (0.392ms)
  ✔ requires server evidence ids even when legacy counters claim completion (0.2708ms)
  ✔ does not increment twice when the same evidence is replayed (0.2124ms)
  ✔ validates a private server evidence record and rejects wrong/expired evidence (0.4392ms)
  ✔ rejects missing and caller-shaped evidence tokens (0.1758ms)
  ✔ derives a stable consumed-bundle key independent of evidence order (1.7988ms)
✔ _mission-progress-receipt (6.063ms)
▶ open-world combat settles continuously
  ✔ puts the player back with the HP, chakra and stamina the fight left them (2.206ms)
  ✔ holds on a loss, alongside the admission (0.2336ms)
✔ open-world combat settles continuously (3.7877ms)
▶ instanced and practice fights stay fresh-start
  ✔ does NOT write chakra or stamina without the continuity flag (0.2389ms)
  ✔ is the case that makes the faucet obvious (0.1974ms)
✔ instanced and practice fights stay fresh-start (0.6552ms)
▶ the carry-back can only ever cost, never mint
  ✔ clamps decrease-only even when flagged continuous (0.3329ms)
  ✔ treats an unmodelled or non-numeric vital as no evidence (0.1725ms)
  ✔ never writes a negative vital (0.2069ms)
  ✔ still leaves the character untouched with no actor, or an unresolved outcome (0.4954ms)
✔ the carry-back can only ever cost, never mint (1.5748ms)
▶ which fights are open-world
  ✔ includes the ones a player meets in the world (0.2674ms)
  ✔ excludes instanced runs and consensual practice (0.2459ms)
✔ which fights are open-world (0.737ms)
▶ the flag survives storage on the session
  ✔ reads back off the stored encounter, not off a request field (0.2254ms)
✔ the flag survives storage on the session (0.3477ms)
✔ saved expedition seal survives cache loss only for its exact lease token (5.2429ms)
✔ legacy protected leases recover conservatively and malformed leases do not (0.4702ms)
✔ start persists fallback authority and settlement rechecks the exact saved token (95.6893ms)
▶ getMissionPool
  ✔ healer pool has at least 8 missions (1.4082ms)
  ✔ vanguard pool has at least 8 missions (0.169ms)
  ✔ petTamer pool has at least 3 missions (0.1562ms)
  ✔ every petTamer mission is profession=petTamer (0.2186ms)
  ✔ every healer mission is profession=healer (0.1665ms)
  ✔ every vanguard mission is profession=vanguard (0.2035ms)
✔ getMissionPool (3.9651ms)
▶ pickDailyMissions
  ✔ returns 3 missions by default (0.4746ms)
  ✔ is deterministic per (player, date) (1.0231ms)
  ✔ picks are unique within a day (no duplicates) (0.2397ms)
  ✔ returns 3 missions for petTamer (0.2876ms)
  ✔ different players on the same day usually get different picks (0.2385ms)
✔ pickDailyMissions (2.6809ms)
▶ pickDailyMissionsForPlayer eligibility filtering
  ✔ level 1 players cannot receive profession daily objectives (1.2113ms)
  ✔ rank 1 healers get eligible fallback picks instead of high-rank objectives (1.2718ms)
  ✔ players without pets cannot receive pet-training missions (0.3947ms)
  ✔ players without PvP unlock cannot receive Vanguard missions (0.492ms)
  ✔ profession mismatch cannot receive another profession pool (0.216ms)
✔ pickDailyMissionsForPlayer eligibility filtering (4.0344ms)
▶ pickNewbieMissions
  ✔ returns exactly one battle task and one mission task (0.3113ms)
  ✔ is deterministic per (player, date) (0.2031ms)
  ✔ every newbie mission pays ryo (> 0) and has a positive target (0.1323ms)
  ✔ can vary across days for the same player (52.3358ms)
✔ pickNewbieMissions (53.181ms)
✔ stored impossible mission is replaced on mission load (6.4168ms)
✔ completed and claimed missions remain untouched during repair (0.6689ms)
✔ claimed impossible mission does not become claimable again (0.3655ms)
✔ stored impossible mission replacement is deterministic (0.3465ms)
[kv] isolated in-memory QA backend active
▶ settleRaidProgressionWithDailyCap — the claim-rewards entry point
  ✔ settles a world-PvP win in a sector that has no territory row (1104.0678ms)
  ✔ is idempotent across the retries a 503 would have produced (97.6811ms)
✔ settleRaidProgressionWithDailyCap — the claim-rewards entry point (3029.6465ms)
▶ daily raid cap
  ✔ is defined in exactly one place across api/ (17049.345ms)
✔ daily raid cap (17049.6548ms)
[kv] isolated in-memory QA backend active
▶ settleRaidTerritoryDamage — sector with no territory row yet
  ✔ creates the row instead of CAS-ing against a row that was never stored (4.712ms)
  ✔ replays the same proof idempotently once the row exists (1.2026ms)
  ✔ still settles with no sealed evidence (the AI-raid path) (0.9604ms)
✔ settleRaidTerritoryDamage — sector with no territory row yet (1442.7663ms)
▶ save-field shape contract
  ✔ pins the three fields as TOP-LEVEL save fields, per the ownership manifest (203.2336ms)
  ✔ REGRESSION: every progress producer reads accepted missions off the record (64.9122ms)
  ✔ no api/ handler reads a top-level save field off a character (9531.9973ms)
✔ save-field shape contract (9801.9363ms)
✔ weekKey is stable within a week and advances across the Monday boundary (1.5146ms)
✔ pickWeeklyBoard is deterministic per week and the right size (1.1655ms)
✔ pickWeeklyBoard returns distinct missions (0.2111ms)
✔ different weeks generally yield different boards (0.2555ms)
✔ every board mission references a real tracked counter (0.3523ms)
✔ low-level players are never assigned Hollow Gate Warden missions (12.542ms)
✔ low-level players get eligible weekly replacements and fallbacks (0.5854ms)
✔ level 100 players can see Hollow Gate Warden if Hollow Gate is unlocked (0.3332ms)
✔ computeProgress diffs current vs baseline, floored at 0 (0.3015ms)
✔ snapshotCounters captures exactly the tracked counters as numbers (0.365ms)
▶ World AI fight authority
  ✔ rejects unrelated chain/decision fields and off-map sectors (2.6145ms)
  ✔ keeps world token/pointer lifetime coherent with the active solo-PvE session (126.6023ms)
  ✔ binds an encoded natural wanderer to its visible sector (3.7202ms)
  ✔ keeps authored hunt signs on sectors 1..60 while general world descriptors allow expansion sectors (0.7071ms)
  ✔ derives hunt opening from the server trail and ignores any local opponent payload (75.8058ms)
  ✔ derives a nonzero Quest Book boss stage from the durable seal when request omits stage (1.0115ms)
  ✔ blocks a target while its sealed pack decision is unsettled (0.4046ms)
  ✔ starts an early hunt-pack only for its exact decision and sector, then settles loss once (1.241ms)
  ✔ settles the final pack win once and leaves the hunt trail ready to continue (0.3519ms)
  ✔ allows a hunt rematch after loss but rejects another target after the sealed win (0.8309ms)
  ✔ keeps every world authority field in all sanitizer-owned groups (0.2312ms)
  ✔ heals a chained wave once and only for a proof bound to kind/source/sector (0.9314ms)
  ✔ enforces a single-flight chain cursor and idempotent settlement (25.5948ms)
✔ World AI fight authority (264.9475ms)
[kv] isolated in-memory QA backend active
▶ production-mounted ordinary mission journey (normal player authority)
  ✔ enforces authentication, ownership, real admission, and rejects unearned rewards (79.8342ms)
  ✔ combat-c-patrol: startup, recovery, actual actions, vitals and exactly-once reward settlement (644.2018ms)
  ✔ combat-b-escort: startup, recovery, actual actions, vitals and exactly-once reward settlement (384.7813ms)
  ✔ combat-a-hunt: startup, recovery, actual actions, vitals and exactly-once reward settlement (319.5335ms)
  ✔ combat-s-crisis: startup, recovery, actual actions, vitals and exactly-once reward settlement (725.7589ms)
  ✔ flee and actual loss settle physical consequences without paying a mission reward (222.6782ms)
  ✔ a lapsed authored encounter settles the normal abandon cost once on reconnect (143.0512ms)
✔ production-mounted ordinary mission journey (normal player authority) (88214.2782ms)
✔ applyClaimedMissionState clears claimed field missions from accepted ids and progress (3.0768ms)
✔ applyClaimedMissionState clears claimed hunts without touching unrelated progress (1.0228ms)
✔ applyClaimedMissionState leaves combat claims alone (0.2526ms)
✔ clearStalePendingCombatClaim drops the stale key and reports cleared (0.3962ms)
✔ clearStalePendingCombatClaim is a no-op (same ref) when the key is absent (5.4926ms)
✔ clearStalePendingCombatClaim tolerates a missing/invalid pending list (4.4475ms)
✔ Legacy mission progress is derived from committed save receipts (1.2165ms)
[kv] isolated in-memory QA backend active
✔ concurrent starts for one pet commit one lease and consume one daily allowance (4387.7711ms)
✔ lost-response retry with the same launchId returns the exact launch without another write or charge (14.6369ms)
✔ cap boundary allows one committed launch and a losing concurrent launch consumes nothing (154.873ms)
✔ an invalid retry id fails before any allowance or pet mutation (0.6256ms)
✔ deployment migration honors today's higher legacy KV allowance without writing it again (5.085ms)
✔ the saved pet level is sealed even when a client submits a forged level (4.8268ms)
✔ a provision is consumed exactly once and replay keeps the sealed route setup (45.8139ms)
✔ bold routes require enough saved happiness and consume no allowance on rejection (2.6702ms)
[kv] isolated in-memory QA backend active
[missions/expedition-start] Error: injected expedition save CAS failure
    at Object.kv.compareSet (C:\Users\Tyler R\source\repos\NinjaK\.worktrees\authored-missions-live-20260918\api\missions\expedition-start-cas.test.ts:105:19)
    at writeVersionedPlayerSaveWithStore (C:\Users\Tyler R\source\repos\NinjaK\.worktrees\authored-missions-live-20260918\api\save\_mutate-player-save.ts:61:39)
    at async writeVersionedPlayerSave (C:\Users\Tyler R\source\repos\NinjaK\.worktrees\authored-missions-live-20260918\api\save\_mutate-player-save.ts:79:17)
    at async withKvLock.failClosed (C:\Users\Tyler R\source\repos\NinjaK\.worktrees\authored-missions-live-20260918\api\save\_mutate-player-save.ts:207:21)
    at async withLockCore (C:\Users\Tyler R\source\repos\NinjaK\.worktrees\authored-missions-live-20260918\api\_lock.ts:123:16)
    at async mutatePlayerSave (C:\Users\Tyler R\source\repos\NinjaK\.worktrees\authored-missions-live-20260918\api\save\_mutate-player-save.ts:148:12)
    at async handler (C:\Users\Tyler R\source\repos\NinjaK\.worktrees\authored-missions-live-20260918\api\missions\expedition-start.ts:135:26)
    at async TestContext.<anonymous> (C:\Users\Tyler R\source\repos\NinjaK\.worktrees\authored-missions-live-20260918\api\missions\expedition-start-cas.test.ts:112:9)
    at async Test.run (node:internal/test_runner/test:1208:7)
    at async startSubtestAfterBootstrap (node:internal/test_runner/harness:385:3)
[missions/expedition-start] Error: injected token publication failure
    at Object.kv.set (C:\Users\Tyler R\source\repos\NinjaK\.worktrees\authored-missions-live-20260918\api\missions\expedition-start-cas.test.ts:184:19)
    at handler (C:\Users\Tyler R\source\repos\NinjaK\.worktrees\authored-missions-live-20260918\api\missions\expedition-start.ts:312:18)
    at async TestContext.<anonymous> (C:\Users\Tyler R\source\repos\NinjaK\.worktrees\authored-missions-live-20260918\api\missions\expedition-start-cas.test.ts:191:9)
    at async Test.run (node:internal/test_runner/test:1208:7)
    at async Test.processPendingSubtests (node:internal/test_runner/test:831:7)
✔ a definitive save CAS failure consumes neither the save-native allowance nor token (3322.8627ms)
✔ a busy-pet validation rejection leaves the exact predecessor untouched (3.549ms)
✔ a committed save whose CAS acknowledgement is lost is read back exactly (42.4413ms)
✔ a lost token-cache publication replays the committed launch without another save bump (7.7538ms)
[kv] isolated in-memory QA backend active
▶ authoritative field mission lifecycle
  ✔ accepts exactly once and legacy state recovery starts a neutral server run (389.8237ms)
  ✔ binds explore evidence to the exact run and replays the final ACK (26.1531ms)
  ✔ rejects stale runs, pays a completed run once, and clears acceptance authority (64.1398ms)
✔ authoritative field mission lifecycle (4344.8742ms)
[kv] isolated in-memory QA backend active
[missions/queue-combat-claim] Error: kv-compare-set-unconfirmed:missions:combat-claim:missionsagatokennull:combat-c-patrol
    at compareSetExactKvRow (C:\Users\Tyler R\source\repos\NinjaK\.worktrees\authored-missions-live-20260918\api\missions\_combat-claim-authority.ts:529:11)
    at async publishCombatMissionClaimRows (C:\Users\Tyler R\source\repos\NinjaK\.worktrees\authored-missions-live-20260918\api\missions\_combat-claim-authority.ts:542:5)
    at async failClosed (C:\Users\Tyler R\source\repos\NinjaK\.worktrees\authored-missions-live-20260918\api\missions\queue-combat-claim.ts:287:13)
    at async withLockCore (C:\Users\Tyler R\source\repos\NinjaK\.worktrees\authored-missions-live-20260918\api\_lock.ts:123:16)
    at async outcome.failClosed (C:\Users\Tyler R\source\repos\NinjaK\.worktrees\authored-missions-live-20260918\api\missions\queue-combat-claim.ts:320:28)
    at async withLockCore (C:\Users\Tyler R\source\repos\NinjaK\.worktrees\authored-missions-live-20260918\api\_lock.ts:123:16)
    at async handler (C:\Users\Tyler R\source\repos\NinjaK\.worktrees\authored-missions-live-20260918\api\missions\queue-combat-claim.ts:304:25)
    at async post (C:\Users\Tyler R\source\repos\NinjaK\.worktrees\authored-missions-live-20260918\api\missions\mission-combat-claim-saga.test.ts:104:5)
    at async withSetFault (C:\Users\Tyler R\source\repos\NinjaK\.worktrees\authored-missions-live-20260918\api\missions\mission-combat-claim-saga.test.ts:308:24)
    at async TestContext.<anonymous> (C:\Users\Tyler R\source\repos\NinjaK\.worktrees\authored-missions-live-20260918\api\missions\mission-combat-claim-saga.test.ts:452:24)
[missions/queue-combat-claim] Error: kv-compare-set-unconfirmed:save:missionsagasavenull
    at compareSetExactKvRow (C:\Users\Tyler R\source\repos\NinjaK\.worktrees\authored-missions-live-20260918\api\missions\_combat-claim-authority.ts:529:11)
    at async publishCombatMissionClaimRows (C:\Users\Tyler R\source\repos\NinjaK\.worktrees\authored-missions-live-20260918\api\missions\_combat-claim-authority.ts:545:5)
    at async failClosed (C:\Users\Tyler R\source\repos\NinjaK\.worktrees\authored-missions-live-20260918\api\missions\queue-combat-claim.ts:287:13)
    at async withLockCore (C:\Users\Tyler R\source\repos\NinjaK\.worktrees\authored-missions-live-20260918\api\_lock.ts:123:16)
    at async outcome.failClosed (C:\Users\Tyler R\source\repos\NinjaK\.worktrees\authored-missions-live-20260918\api\missions\queue-combat-claim.ts:320:28)
    at async withLockCore (C:\Users\Tyler R\source\repos\NinjaK\.worktrees\authored-missions-live-20260918\api\_lock.ts:123:16)
    at async handler (C:\Users\Tyler R\source\repos\NinjaK\.worktrees\authored-missions-live-20260918\api\missions\queue-combat-claim.ts:304:25)
    at async post (C:\Users\Tyler R\source\repos\NinjaK\.worktrees\authored-missions-live-20260918\api\missions\mission-combat-claim-saga.test.ts:104:5)
    at async withSetFault (C:\Users\Tyler R\source\repos\NinjaK\.worktrees\authored-missions-live-20260918\api\missions\mission-combat-claim-saga.test.ts:308:24)
    at async TestContext.<anonymous> (C:\Users\Tyler R\source\repos\NinjaK\.worktrees\authored-missions-live-20260918\api\missions\mission-combat-claim-saga.test.ts:471:24)
[missions/claim-mission] Error: simulated token read outage
    at Object.kv.get (C:\Users\Tyler R\source\repos\NinjaK\.worktrees\authored-missions-live-20260918\api\missions\mission-combat-claim-saga.test.ts:568:23)
    at outcome.failClosed (C:\Users\Tyler R\source\repos\NinjaK\.worktrees\authored-missions-live-20260918\api\missions\claim-mission.ts:808:43)
    at async withLockCore (C:\Users\Tyler R\source\repos\NinjaK\.worktrees\authored-missions-live-20260918\api\_lock.ts:123:16)
    at async handler (C:\Users\Tyler R\source\repos\NinjaK\.worktrees\authored-missions-live-20260918\api\missions\claim-mission.ts:793:25)
    at async post (C:\Users\Tyler R\source\repos\NinjaK\.worktrees\authored-missions-live-20260918\api\missions\mission-combat-claim-saga.test.ts:104:5)
    at async TestContext.<anonymous> (C:\Users\Tyler R\source\repos\NinjaK\.worktrees\authored-missions-live-20260918\api\missions\mission-combat-claim-saga.test.ts:574:22)
    at async Test.run (node:internal/test_runner/test:1208:7)
    at async Promise.all (index 0)
    at async Suite.run (node:internal/test_runner/test:1619:7)
    at async Test.processPendingSubtests (node:internal/test_runner/test:831:7)
[missions/claim-mission] Error: kv-compare-set-unconfirmed:save:missionsagastaleheal
    at compareSetExactKvRow (C:\Users\Tyler R\source\repos\NinjaK\.worktrees\authored-missions-live-20260918\api\missions\_combat-claim-authority.ts:529:11)
    at async outcome.failClosed (C:\Users\Tyler R\source\repos\NinjaK\.worktrees\authored-missions-live-20260918\api\missions\claim-mission.ts:1027:25)
    at async withLockCore (C:\Users\Tyler R\source\repos\NinjaK\.worktrees\authored-missions-live-20260918\api\_lock.ts:123:16)
    at async handler (C:\Users\Tyler R\source\repos\NinjaK\.worktrees\authored-missions-live-20260918\api\missions\claim-mission.ts:793:25)
    at async post (C:\Users\Tyler R\source\repos\NinjaK\.worktrees\authored-missions-live-20260918\api\missions\mission-combat-claim-saga.test.ts:104:5)
    at async TestContext.<anonymous> (C:\Users\Tyler R\source\repos\NinjaK\.worktrees\authored-missions-live-20260918\api\missions\mission-combat-claim-saga.test.ts:629:22)
    at async Test.run (node:internal/test_runner/test:1208:7)
    at async Suite.processPendingSubtests (node:internal/test_runner/test:831:7)
[missions/claim-mission] Error: simulated compare-set rejection
    at Object.kv.compareSet (C:\Users\Tyler R\source\repos\NinjaK\.worktrees\authored-missions-live-20260918\api\missions\mission-combat-claim-saga.test.ts:300:55)
    at compareSetExactKvRow (C:\Users\Tyler R\source\repos\NinjaK\.worktrees\authored-missions-live-20260918\api\missions\_combat-claim-authority.ts:522:21)
    at Object.write (C:\Users\Tyler R\source\repos\NinjaK\.worktrees\authored-missions-live-20260918\api\missions\claim-mission.ts:1289:31)
    at confirmCombatMissionClaimSave (C:\Users\Tyler R\source\repos\NinjaK\.worktrees\authored-missions-live-20260918\api\missions\_combat-claim-authority.ts:564:22)
    at outcome.failClosed (C:\Users\Tyler R\source\repos\NinjaK\.worktrees\authored-missions-live-20260918\api\missions\claim-mission.ts:1287:35)
    at async withLockCore (C:\Users\Tyler R\source\repos\NinjaK\.worktrees\authored-missions-live-20260918\api\_lock.ts:123:16)
    at async handler (C:\Users\Tyler R\source\repos\NinjaK\.worktrees\authored-missions-live-20260918\api\missions\claim-mission.ts:793:25)
    at async post (C:\Users\Tyler R\source\repos\NinjaK\.worktrees\authored-missions-live-20260918\api\missions\mission-combat-claim-saga.test.ts:104:5)
    at async withSetFault (C:\Users\Tyler R\source\repos\NinjaK\.worktrees\authored-missions-live-20260918\api\missions\mission-combat-claim-saga.test.ts:308:24)
    at async TestContext.<anonymous> (C:\Users\Tyler R\source\repos\NinjaK\.worktrees\authored-missions-live-20260918\api\missions\mission-combat-claim-saga.test.ts:654:29)
[missions/claim-mission] Error: simulated active-pointer read outage
    at Object.kv.get (C:\Users\Tyler R\source\repos\NinjaK\.worktrees\authored-missions-live-20260918\api\missions\mission-combat-claim-saga.test.ts:742:23)
    at outcome.failClosed (C:\Users\Tyler R\source\repos\NinjaK\.worktrees\authored-missions-live-20260918\api\missions\claim-mission.ts:923:48)
    at async withLockCore (C:\Users\Tyler R\source\repos\NinjaK\.worktrees\authored-missions-live-20260918\api\_lock.ts:123:16)
    at async handler (C:\Users\Tyler R\source\repos\NinjaK\.worktrees\authored-missions-live-20260918\api\missions\claim-mission.ts:793:25)
    at async post (C:\Users\Tyler R\source\repos\NinjaK\.worktrees\authored-missions-live-20260918\api\missions\mission-combat-claim-saga.test.ts:104:5)
    at async TestContext.<anonymous> (C:\Users\Tyler R\source\repos\NinjaK\.worktrees\authored-missions-live-20260918\api\missions\mission-combat-claim-saga.test.ts:748:24)
    at async Test.run (node:internal/test_runner/test:1208:7)
    at async Suite.processPendingSubtests (node:internal/test_runner/test:831:7)
[missions/claim-mission] Error: simulated compare-set rejection
    at Object.kv.compareSet (C:\Users\Tyler R\source\repos\NinjaK\.worktrees\authored-missions-live-20260918\api\missions\mission-combat-claim-saga.test.ts:300:55)
    at compareSetExactKvRow (C:\Users\Tyler R\source\repos\NinjaK\.worktrees\authored-missions-live-20260918\api\missions\_combat-claim-authority.ts:522:21)
    at Object.write (C:\Users\Tyler R\source\repos\NinjaK\.worktrees\authored-missions-live-20260918\api\missions\claim-mission.ts:1289:31)
    at confirmCombatMissionClaimSave (C:\Users\Tyler R\source\repos\NinjaK\.worktrees\authored-missions-live-20260918\api\missions\_combat-claim-authority.ts:564:22)
    at outcome.failClosed (C:\Users\Tyler R\source\repos\NinjaK\.worktrees\authored-missions-live-20260918\api\missions\claim-mission.ts:1287:35)
    at async withLockCore (C:\Users\Tyler R\source\repos\NinjaK\.worktrees\authored-missions-live-20260918\api\_lock.ts:123:16)
    at async handler (C:\Users\Tyler R\source\repos\NinjaK\.worktrees\authored-missions-live-20260918\api\missions\claim-mission.ts:793:25)
    at async post (C:\Users\Tyler R\source\repos\NinjaK\.worktrees\authored-missions-live-20260918\api\missions\mission-combat-claim-saga.test.ts:104:5)
    at async withSetFault (C:\Users\Tyler R\source\repos\NinjaK\.worktrees\authored-missions-live-20260918\api\missions\mission-combat-claim-saga.test.ts:308:24)
    at async TestContext.<anonymous> (C:\Users\Tyler R\source\repos\NinjaK\.worktrees\authored-missions-live-20260918\api\missions\mission-combat-claim-saga.test.ts:845:28)
[missions/claim-mission] Error: kv-compare-set-unconfirmed:save:missionsagaclaimnull
    at compareSetExactKvRow (C:\Users\Tyler R\source\repos\NinjaK\.worktrees\authored-missions-live-20260918\api\missions\_combat-claim-authority.ts:529:11)
    at async Object.write (C:\Users\Tyler R\source\repos\NinjaK\.worktrees\authored-missions-live-20260918\api\missions\claim-mission.ts:1289:25)
    at async confirmCombatMissionClaimSave (C:\Users\Tyler R\source\repos\NinjaK\.worktrees\authored-missions-live-20260918\api\missions\_combat-claim-authority.ts:564:9)
    at async outcome.failClosed (C:\Users\Tyler R\source\repos\NinjaK\.worktrees\authored-missions-live-20260918\api\missions\claim-mission.ts:1287:29)
    at async withLockCore (C:\Users\Tyler R\source\repos\NinjaK\.worktrees\authored-missions-live-20260918\api\_lock.ts:123:16)
    at async handler (C:\Users\Tyler R\source\repos\NinjaK\.worktrees\authored-missions-live-20260918\api\missions\claim-mission.ts:793:25)
    at async post (C:\Users\Tyler R\source\repos\NinjaK\.worktrees\authored-missions-live-20260918\api\missions\mission-combat-claim-saga.test.ts:104:5)
    at async withSetFault (C:\Users\Tyler R\source\repos\NinjaK\.worktrees\authored-missions-live-20260918\api\missions\mission-combat-claim-saga.test.ts:308:24)
    at async TestContext.<anonymous> (C:\Users\Tyler R\source\repos\NinjaK\.worktrees\authored-missions-live-20260918\api\missions\mission-combat-claim-saga.test.ts:845:28)
    at async Test.run (node:internal/test_runner/test:1208:7)
[missions/claim-mission] Error: simulated compare-set rejection
    at Object.kv.compareSet (C:\Users\Tyler R\source\repos\NinjaK\.worktrees\authored-missions-live-20260918\api\missions\mission-combat-claim-saga.test.ts:300:55)
    at compareSetExactKvRow (C:\Users\Tyler R\source\repos\NinjaK\.worktrees\authored-missions-live-20260918\api\missions\_combat-claim-authority.ts:522:21)
    at Object.write (C:\Users\Tyler R\source\repos\NinjaK\.worktrees\authored-missions-live-20260918\api\missions\claim-mission.ts:1289:31)
    at confirmCombatMissionClaimSave (C:\Users\Tyler R\source\repos\NinjaK\.worktrees\authored-missions-live-20260918\api\missions\_combat-claim-authority.ts:564:22)
    at outcome.failClosed (C:\Users\Tyler R\source\repos\NinjaK\.worktrees\authored-missions-live-20260918\api\missions\claim-mission.ts:1287:35)
    at async withLockCore (C:\Users\Tyler R\source\repos\NinjaK\.worktrees\authored-missions-live-20260918\api\_lock.ts:123:16)
    at async handler (C:\Users\Tyler R\source\repos\NinjaK\.worktrees\authored-missions-live-20260918\api\missions\claim-mission.ts:793:25)
    at async post (C:\Users\Tyler R\source\repos\NinjaK\.worktrees\authored-missions-live-20260918\api\missions\mission-combat-claim-saga.test.ts:104:5)
    at async withSetFault (C:\Users\Tyler R\source\repos\NinjaK\.worktrees\authored-missions-live-20260918\api\missions\mission-combat-claim-saga.test.ts:308:24)
    at async TestContext.<anonymous> (C:\Users\Tyler R\source\repos\NinjaK\.worktrees\authored-missions-live-20260918\api\missions\mission-combat-claim-saga.test.ts:878:24)
[missions/claim-mission] Error: kv-compare-set-unconfirmed:save:missionsagacasfence
    at compareSetExactKvRow (C:\Users\Tyler R\source\repos\NinjaK\.worktrees\authored-missions-live-20260918\api\missions\_combat-claim-authority.ts:529:11)
    at async Object.write (C:\Users\Tyler R\source\repos\NinjaK\.worktrees\authored-missions-live-20260918\api\missions\claim-mission.ts:1289:25)
    at async confirmCombatMissionClaimSave (C:\Users\Tyler R\source\repos\NinjaK\.worktrees\authored-missions-live-20260918\api\missions\_combat-claim-authority.ts:564:9)
    at async outcome.failClosed (C:\Users\Tyler R\source\repos\NinjaK\.worktrees\authored-missions-live-20260918\api\missions\claim-mission.ts:1287:29)
    at async withLockCore (C:\Users\Tyler R\source\repos\NinjaK\.worktrees\authored-missions-live-20260918\api\_lock.ts:123:16)
    at async handler (C:\Users\Tyler R\source\repos\NinjaK\.worktrees\authored-missions-live-20260918\api\missions\claim-mission.ts:793:25)
    at async post (C:\Users\Tyler R\source\repos\NinjaK\.worktrees\authored-missions-live-20260918\api\missions\mission-combat-claim-saga.test.ts:104:5)
    at async TestContext.<anonymous> (C:\Users\Tyler R\source\repos\NinjaK\.worktrees\authored-missions-live-20260918\api\missions\mission-combat-claim-saga.test.ts:941:22)
    at async Test.run (node:internal/test_runner/test:1208:7)
    at async Suite.processPendingSubtests (node:internal/test_runner/test:831:7)
[missions/claim-mission] Error: simulated compare-set rejection
    at Object.kv.compareSet (C:\Users\Tyler R\source\repos\NinjaK\.worktrees\authored-missions-live-20260918\api\missions\mission-combat-claim-saga.test.ts:300:55)
    at compareSetExactKvRow (C:\Users\Tyler R\source\repos\NinjaK\.worktrees\authored-missions-live-20260918\api\missions\_combat-claim-authority.ts:522:21)
    at failClosed (C:\Users\Tyler R\source\repos\NinjaK\.worktrees\authored-missions-live-20260918\api\missions\claim-mission.ts:368:15)
    at async withLockCore (C:\Users\Tyler R\source\repos\NinjaK\.worktrees\authored-missions-live-20260918\api\_lock.ts:123:16)
    at async completeCombatMissionPostEffects (C:\Users\Tyler R\source\repos\NinjaK\.worktrees\authored-missions-live-20260918\api\missions\claim-mission.ts:403:25)
    at async handler (C:\Users\Tyler R\source\repos\NinjaK\.worktrees\authored-missions-live-20260918\api\missions\claim-mission.ts:1341:32)
    at async post (C:\Users\Tyler R\source\repos\NinjaK\.worktrees\authored-missions-live-20260918\api\missions\mission-combat-claim-saga.test.ts:104:5)
    at async withSetFault (C:\Users\Tyler R\source\repos\NinjaK\.worktrees\authored-missions-live-20260918\api\missions\mission-combat-claim-saga.test.ts:308:24)
    at async TestContext.<anonymous> (C:\Users\Tyler R\source\repos\NinjaK\.worktrees\authored-missions-live-20260918\api\missions\mission-combat-claim-saga.test.ts:1026:29)
    at async Test.run (node:internal/test_runner/test:1208:7)
[missions/claim-mission] Error: simulated compare-set rejection
    at Object.kv.compareSet (C:\Users\Tyler R\source\repos\NinjaK\.worktrees\authored-missions-live-20260918\api\missions\mission-combat-claim-saga.test.ts:300:55)
    at compareSetExactKvRow (C:\Users\Tyler R\source\repos\NinjaK\.worktrees\authored-missions-live-20260918\api\missions\_combat-claim-authority.ts:522:21)
    at failClosed (C:\Users\Tyler R\source\repos\NinjaK\.worktrees\authored-missions-live-20260918\api\missions\claim-mission.ts:368:15)
    at async withLockCore (C:\Users\Tyler R\source\repos\NinjaK\.worktrees\authored-missions-live-20260918\api\_lock.ts:123:16)
    at async completeCombatMissionPostEffects (C:\Users\Tyler R\source\repos\NinjaK\.worktrees\authored-missions-live-20260918\api\missions\claim-mission.ts:403:25)
    at async handler (C:\Users\Tyler R\source\repos\NinjaK\.worktrees\authored-missions-live-20260918\api\missions\claim-mission.ts:1341:32)
    at async post (C:\Users\Tyler R\source\repos\NinjaK\.worktrees\authored-missions-live-20260918\api\missions\mission-combat-claim-saga.test.ts:104:5)
    at async withSetFault (C:\Users\Tyler R\source\repos\NinjaK\.worktrees\authored-missions-live-20260918\api\missions\mission-combat-claim-saga.test.ts:308:24)
    at async TestContext.<anonymous> (C:\Users\Tyler R\source\repos\NinjaK\.worktrees\authored-missions-live-20260918\api\missions\mission-combat-claim-saga.test.ts:1061:24)
    at async Test.run (node:internal/test_runner/test:1208:7)
[missions/claim-mission] Error: simulated compare-set rejection
    at Object.kv.compareSet (C:\Users\Tyler R\source\repos\NinjaK\.worktrees\authored-missions-live-20260918\api\missions\mission-combat-claim-saga.test.ts:300:55)
    at compareSetExactKvRow (C:\Users\Tyler R\source\repos\NinjaK\.worktrees\authored-missions-live-20260918\api\missions\_combat-claim-authority.ts:522:21)
    at failClosed (C:\Users\Tyler R\source\repos\NinjaK\.worktrees\authored-missions-live-20260918\api\missions\claim-mission.ts:368:15)
    at async withLockCore (C:\Users\Tyler R\source\repos\NinjaK\.worktrees\authored-missions-live-20260918\api\_lock.ts:123:16)
    at async completeCombatMissionPostEffects (C:\Users\Tyler R\source\repos\NinjaK\.worktrees\authored-missions-live-20260918\api\missions\claim-mission.ts:403:25)
    at async handler (C:\Users\Tyler R\source\repos\NinjaK\.worktrees\authored-missions-live-20260918\api\missions\claim-mission.ts:1341:32)
    at async post (C:\Users\Tyler R\source\repos\NinjaK\.worktrees\authored-missions-live-20260918\api\missions\mission-combat-claim-saga.test.ts:104:5)
    at async withSetFault (C:\Users\Tyler R\source\repos\NinjaK\.worktrees\authored-missions-live-20260918\api\missions\mission-combat-claim-saga.test.ts:308:24)
    at async TestContext.<anonymous> (C:\Users\Tyler R\source\repos\NinjaK\.worktrees\authored-missions-live-20260918\api\missions\mission-combat-claim-saga.test.ts:1101:29)
    at async Test.run (node:internal/test_runner/test:1208:7)
[missions/claim-mission] Error: simulated compare-set rejection
    at Object.kv.compareSet (C:\Users\Tyler R\source\repos\NinjaK\.worktrees\authored-missions-live-20260918\api\missions\mission-combat-claim-saga.test.ts:300:55)
    at compareSetExactKvRow (C:\Users\Tyler R\source\repos\NinjaK\.worktrees\authored-missions-live-20260918\api\missions\_combat-claim-authority.ts:522:21)
    at failClosed (C:\Users\Tyler R\source\repos\NinjaK\.worktrees\authored-missions-live-20260918\api\missions\claim-mission.ts:368:15)
    at async withLockCore (C:\Users\Tyler R\source\repos\NinjaK\.worktrees\authored-missions-live-20260918\api\_lock.ts:123:16)
    at async completeCombatMissionPostEffects (C:\Users\Tyler R\source\repos\NinjaK\.worktrees\authored-missions-live-20260918\api\missions\claim-mission.ts:448:25)
    at async handler (C:\Users\Tyler R\source\repos\NinjaK\.worktrees\authored-missions-live-20260918\api\missions\claim-mission.ts:1341:32)
    at async post (C:\Users\Tyler R\source\repos\NinjaK\.worktrees\authored-missions-live-20260918\api\missions\mission-combat-claim-saga.test.ts:104:5)
    at async withSetFault (C:\Users\Tyler R\source\repos\NinjaK\.worktrees\authored-missions-live-20260918\api\missions\mission-combat-claim-saga.test.ts:308:24)
    at async TestContext.<anonymous> (C:\Users\Tyler R\source\repos\NinjaK\.worktrees\authored-missions-live-20260918\api\missions\mission-combat-claim-saga.test.ts:1214:28)
    at async Test.run (node:internal/test_runner/test:1208:7)
[missions/claim-mission] Error: simulated compare-set rejection
    at Object.kv.compareSet (C:\Users\Tyler R\source\repos\NinjaK\.worktrees\authored-missions-live-20260918\api\missions\mission-combat-claim-saga.test.ts:300:55)
    at compareSetExactKvRow (C:\Users\Tyler R\source\repos\NinjaK\.worktrees\authored-missions-live-20260918\api\missions\_combat-claim-authority.ts:522:21)
    at failClosed (C:\Users\Tyler R\source\repos\NinjaK\.worktrees\authored-missions-live-20260918\api\missions\claim-mission.ts:368:15)
    at async withLockCore (C:\Users\Tyler R\source\repos\NinjaK\.worktrees\authored-missions-live-20260918\api\_lock.ts:123:16)
    at async completeCombatMissionPostEffects (C:\Users\Tyler R\source\repos\NinjaK\.worktrees\authored-missions-live-20260918\api\missions\claim-mission.ts:467:25)
    at async handler (C:\Users\Tyler R\source\repos\NinjaK\.worktrees\authored-missions-live-20260918\api\missions\claim-mission.ts:1341:32)
    at async post (C:\Users\Tyler R\source\repos\NinjaK\.worktrees\authored-missions-live-20260918\api\missions\mission-combat-claim-saga.test.ts:104:5)
    at async withSetFault (C:\Users\Tyler R\source\repos\NinjaK\.worktrees\authored-missions-live-20260918\api\missions\mission-combat-claim-saga.test.ts:308:24)
    at async TestContext.<anonymous> (C:\Users\Tyler R\source\repos\NinjaK\.worktrees\authored-missions-live-20260918\api\missions\mission-combat-claim-saga.test.ts:1249:28)
    at async Test.run (node:internal/test_runner/test:1208:7)
[missions/claim-mission] Error: simulated compare-set rejection
    at Object.kv.compareSet (C:\Users\Tyler R\source\repos\NinjaK\.worktrees\authored-missions-live-20260918\api\missions\mission-combat-claim-saga.test.ts:300:55)
    at retireCombatMissionClaimToken (C:\Users\Tyler R\source\repos\NinjaK\.worktrees\authored-missions-live-20260918\api\missions\_combat-claim-authority.ts:253:38)
    at handler (C:\Users\Tyler R\source\repos\NinjaK\.worktrees\authored-missions-live-20260918\api\missions\claim-mission.ts:1353:23)
    at async post (C:\Users\Tyler R\source\repos\NinjaK\.worktrees\authored-missions-live-20260918\api\missions\mission-combat-claim-saga.test.ts:104:5)
    at async withSetFault (C:\Users\Tyler R\source\repos\NinjaK\.worktrees\authored-missions-live-20260918\api\missions\mission-combat-claim-saga.test.ts:308:24)
    at async TestContext.<anonymous> (C:\Users\Tyler R\source\repos\NinjaK\.worktrees\authored-missions-live-20260918\api\missions\mission-combat-claim-saga.test.ts:1342:24)
    at async Test.run (node:internal/test_runner/test:1208:7)
    at async Suite.processPendingSubtests (node:internal/test_runner/test:831:7)
[missions/claim-mission] Error: simulated compare-set rejection
    at Object.kv.compareSet (C:\Users\Tyler R\source\repos\NinjaK\.worktrees\authored-missions-live-20260918\api\missions\mission-combat-claim-saga.test.ts:300:55)
    at retireCombatMissionClaimToken (C:\Users\Tyler R\source\repos\NinjaK\.worktrees\authored-missions-live-20260918\api\missions\_combat-claim-authority.ts:253:38)
    at handler (C:\Users\Tyler R\source\repos\NinjaK\.worktrees\authored-missions-live-20260918\api\missions\claim-mission.ts:1353:23)
    at async post (C:\Users\Tyler R\source\repos\NinjaK\.worktrees\authored-missions-live-20260918\api\missions\mission-combat-claim-saga.test.ts:104:5)
    at async withSetFault (C:\Users\Tyler R\source\repos\NinjaK\.worktrees\authored-missions-live-20260918\api\missions\mission-combat-claim-saga.test.ts:308:24)
    at async TestContext.<anonymous> (C:\Users\Tyler R\source\repos\NinjaK\.worktrees\authored-missions-live-20260918\api\missions\mission-combat-claim-saga.test.ts:1370:24)
    at async Test.run (node:internal/test_runner/test:1208:7)
    at async Suite.processPendingSubtests (node:internal/test_runner/test:831:7)
▶ mission claim authority shape and retention
  ✔ accepts the previous rolling-deploy token shape but keeps run + mission binding (2.0312ms)
  ✔ preserves all 40 possible live-token markers and bounds only expired history (4.3073ms)
  ✔ never evicts an unfinished effect saga after its token horizon (0.9861ms)
  ✔ fails closed when token retirement cannot distinguish read failure from absence (0.7661ms)
✔ mission claim authority shape and retention (19246.7451ms)
▶ mission queue publication recovery
  ✔ accepts a committed token acknowledgement loss only after exact readback (348.1333ms)
  ✔ fails closed on null token publication and retries from the completed run (44.1101ms)
  ✔ does not finalize metadata when the pending-save row is null, then repairs it (25.7367ms)
  ✔ repairs either publication row from settled session + binding authority (12.221ms)
  ✔ does not let a second completed run replace an earlier unpaid token (17.6763ms)
  ✔ does not overwrite corrupt non-null authority while an earlier payout may be pending (131.8292ms)
✔ mission queue publication recovery (580.6629ms)
▶ mission payout receipt recovery
  ✔ fails closed when the token read throws and never clears the pending claim (146.9103ms)
  ✔ treats only an authoritative null as absence and preserves pending on corrupt authority (18.5384ms)
  ✔ fences an expired-lock stale-heal writer with exact save CAS (20.134ms)
  ✔ recovers an old-worker delete then pre-save crash only after CAS fencing null to paying (23.093ms)
  ✔ does not recover or repay after the old-worker payout save already cleared pending (10.3774ms)
  ✔ fails closed on a non-null mismatched old-delete recovery triplet (10.1436ms)
  ✔ fails closed when old-delete recovery evidence cannot be read (31.158ms)
  ✔ recovers commit-then-throw and replays the exact reward/character without a second payout (13.9012ms)
  ✔ fences the old worker before a payout commit whose acknowledgement is lost (29.0917ms)
  ✔ throw-before-commit leaves the sole token retryable and pays once (61.8ms)
  ✔ null-before-commit leaves the sole token retryable and pays once (91.8362ms)
  ✔ repairs an old worker pending-clear from the durable pre-commit payment reservation (43.2714ms)
  ✔ fences an expired-lock writer when an intervening save wins the CAS (21.9409ms)
  ✔ a lost HTTP response replays from the atomic marker without changing the save (135.6009ms)
  ✔ an old run token can only replay its old receipt and cannot pay a later queued run (100.0672ms)
  ✔ does not let a successor run overlap unfinished effects from the prior payout (53.9758ms)
  ✔ helps a newbie reward forward after crashing between progress and save credit (16.5748ms)
  ✔ honors pinned newbie Ryo when a profession is chosen after the target marker commits (51.4436ms)
  ✔ help-forwards an unstaged receipt instead of silently declaring its post-effects complete (2171.7167ms)
  ✔ helps Legacy counters forward after crashing between target CAS and save stamp (95.4161ms)
  ✔ helps the Era contribution forward after crashing between target CAS and save stamp (18.8156ms)
  ✔ terminal target-row run IDs fence callers paused until after acknowledgement (195.6899ms)
  ✔ a successor queue helps a completed paying row through lost retirement acknowledgement (23.3786ms)
  ✔ retries token retirement after every effect is durable without replaying any payout (31.2731ms)
✔ mission payout receipt recovery (3419.5256ms)
[kv] isolated in-memory QA backend active
[pvp-loadout] unlearned equipped jutsu id(s) dropped missionretryjourney starter-universal-flicker
[pvp-loadout] unlearned equipped jutsu id(s) dropped missionretryjourney starter-universal-flicker
[pvp-loadout] unlearned equipped jutsu id(s) dropped missionretryjourney starter-universal-flicker
▶ mission terminal retry handler
  ✔ retires loss/forfeit authority, but keeps a won run recoverable for exact queue replay (637.4989ms)
✔ mission terminal retry handler (14140.2771ms)
[kv] isolated in-memory QA backend active
✔ lost queue response replays the exact authoritative surviving HP and save version (11419.7013ms)
[kv] isolated in-memory QA backend active
▶ sealed raid authority
  ✔ replays one launch before throttling and reconstructs its exact missing token (161.2104ms)
  ✔ binds PvP raid credit to the sealed creator side, not fighter ordering (387.6901ms)
  ✔ never damages self-controlled territory and returns the post-Legacy save projection (54.3012ms)
  ✔ replays the original amount after more than 160 cross-player sector receipts evict its audit row (794.571ms)
  ✔ helps a crash-pinned HP mutation forward before 161 later raids can evict and replay it (419.4789ms)
  ✔ recovers a committed terminal-proof write whose acknowledgement is lost (3.2119ms)
  ✔ pins and help-forwards a rolling-upgrade audit receipt before backfilling its terminal key (1.5051ms)
  ✔ preserves a zero-damage self-owned result after audit eviction and an ownership change (708.137ms)
  ✔ uses sealed target identity after the fighter switches clan and records target replacement as exact zero (1.8301ms)
  ✔ opens a fixed breach at zero HP instead of instantly erasing clan ownership (2.0432ms)
  ✔ rejects a stale territory holder without erasing a concurrent row update, then retries exactly (1.7556ms)
✔ sealed raid authority (12012.1207ms)
[kv] isolated in-memory QA backend active
✔ return settlement uses the sealed setup, records world story, charges bold happiness, and replays exactly (1060.4126ms)
✔ claim cap leaves the completed lease ready and rejects invalid choices (4.7997ms)
✔ clearStuckExpeditionLease frees the pet matching the lease token (2.7594ms)
✔ clearStuckExpeditionLease frees a tokenless legacy lease by petId (0.2638ms)
✔ clearStuckExpeditionLease is a no-op when nothing matches (double-claim / already cleared) (0.1435ms)
✔ clearStuckExpeditionLease tolerates a missing/invalid pets array and empty match (1.0547ms)
✔ only Boonbringer doubles authoritative expedition Ryo and pet XP (0.2388ms)
[kv] isolated in-memory QA backend active
[pvp-loadout] unlearned equipped jutsu id(s) dropped huntjourneycomplete starter-universal-flicker
[pvp-loadout] unlearned equipped jutsu id(s) dropped huntjourneycomplete starter-universal-flicker
[pvp-loadout] unlearned equipped jutsu id(s) dropped huntjourneycomplete starter-universal-flicker
[pvp-loadout] unlearned equipped jutsu id(s) dropped huntjourneypackwin starter-universal-flicker
[pvp-loadout] unlearned equipped jutsu id(s) dropped huntjourneypackwin starter-universal-flicker
[pvp-loadout] unlearned equipped jutsu id(s) dropped huntjourneypackwin starter-universal-flicker
▶ sealed hunt handler journey
  ✔ accepts, settles an early pack loss, rematches the target, and claims exactly once (442.8145ms)
  ✔ rejects a forged generic hunt-kill receipt without the sealed trail target proof (31.5216ms)
  ✔ recovers every won pack wave after a lost response and applies each chain heal once (146.4716ms)
✔ sealed hunt handler journey (9545.5267ms)
▶ aiFightParticipantActor — the body an outcome may be written to
  ✔ chooses by canonical owner slug, never the first squad actor (16.7586ms)
  ✔ prefers the live human over an AFK-flagged one, and never a companion (0.3011ms)
  ✔ settles each participant against their own actor, and refuses a member with no body without a receipt (18.4565ms)
✔ aiFightParticipantActor — the body an outcome may be written to (37.991ms)
▶ legacyReceiptSettledPlayer — the shared marker is inspected, not counted
  ✔ only a marker naming this player proves this player was settled (0.3225ms)
✔ legacyReceiptSettledPlayer — the shared marker is inspected, not counted (0.7118ms)
▶ atomic PvE physical-outcome receipts
  ✔ writes hospitalization and its replay receipt in the same character snapshot (10.0415ms)
  ✔ migrates an old KV receipt without re-applying the outcome (2.3659ms)
  ✔ recovers a compatibility-marker failure without applying the save effect twice (27.32ms)
  ✔ fails closed for another player and defers the winning Academy HP script (0.6889ms)
✔ atomic PvE physical-outcome receipts (52.0433ms)
▶ the settlement boundary honours the sealed continuous-vitals flag
  ✔ charges the chakra and stamina an open-world fight actually cost (12.0167ms)
  ✔ leaves chakra and stamina alone for a fresh-start encounter (0.5139ms)
  ✔ still charges the fight cost when the player is knocked out (0.3734ms)
✔ the settlement boundary honours the sealed continuous-vitals flag (13.4086ms)
▶ automatic terminal reconciliation scope
  ✔ covers every mission result and only non-winning story/Academy results (0.9059ms)
  ✔ does nothing for an unrelated runtime mode (0.3268ms)
✔ automatic terminal reconciliation scope (1.5313ms)
[kv] isolated in-memory QA backend active
[pve/fight-outcome] session store unavailable Error: storage-down
▶ /api/pve/fight-outcome
  ✔ N04: a session-store failure is a retryable 503 that keeps the obligation, never a harmless unknown (12.118ms)
  ✔ N04: genuine absence stays the documented no-fabrication 200 unknown (1.5534ms)
  ✔ N03: an ACTIVE generic-ai session is abandoned in the owning store first, then settled exactly once (162.8709ms)
  ✔ N03: an ACTIVE mission session is abandoned in the owning store first, then settled exactly once (50.7701ms)
  ✔ N03: an ACTIVE Tower session gets no premature physical receipt (2.0992ms)
  ✔ F06: each human in a shared Tower run settles their OWN actor, and a teammate's legacy marker proves nothing (11.6516ms)
✔ /api/pve/fight-outcome (6889.7502ms)
▶ committed PvP action receipt replay
  ✔ repairs JSON-roundtripped combat CAS without a marker-before-body gap (3.858ms)
  ✔ keeps an older capsule replayable after a non-action revision advances (0.9311ms)
✔ committed PvP action receipt replay (6.2677ms)
▶ spiralTiles — AOE_SPIRAL_SHOOT (filled disk minus caster)
  ✔ matches the reference honeycomb spiral counts 3·R·(R+1) for an unclipped disk (1.679ms)
  ✔ always excludes the caster tile and only covers 0 < dist <= radius (0.4439ms)
  ✔ radius 1 is exactly the six immediate neighbours (0.2007ms)
  ✔ radius 0 affects nothing (0.7238ms)
  ✔ returns ascending, in-bounds indices (deterministic) (0.3369ms)
  ✔ clips to the grid at a corner (fewer tiles, all valid) (0.1891ms)
✔ spiralTiles — AOE_SPIRAL_SHOOT (filled disk minus caster) (4.797ms)
▶ ringTiles — AOE_CIRCLE_SHOOT (perimeter only)
  ✔ matches honeycomb ring counts 6·R for an unclipped ring (0.3227ms)
  ✔ every ring tile sits at exactly the radius (0.2715ms)
✔ ringTiles — AOE_CIRCLE_SHOOT (perimeter only) (0.8631ms)
▶ filledDiskTiles — AOE_CIRCLE_SPAWN (disk incl. centre)
  ✔ matches honeycomb spiral counts 1 + 3·R·(R+1) (0.346ms)
  ✔ is the spiral plus the centre tile (0.3272ms)
✔ filledDiskTiles — AOE_CIRCLE_SPAWN (disk incl. centre) (0.8742ms)
▶ applyJutsu characterization — base damage
  ✔ plain jutsu (960 reference base) vs empty-stats fighter deals exactly 960 (6.2949ms)
  ✔ shield blocks before HP: 500 shield absorbs, 460 lands (0.4367ms)
✔ applyJutsu characterization — base damage (8.152ms)
▶ applyJutsu characterization — heal / shield / siphon
  ✔ Heal ramps by jutsu mastery (225 at mastery 0, hard-capped at 750/maxHp) and KEEPS its damage (2.0833ms)
  ✔ Shield ramps by jutsu mastery (225 at mastery 0, hard-capped at 750) and KEEPS its damage (0.4065ms)
  ✔ Siphon mastery-scales its stored 30% to 20% at level 0: 960 → +192 (0.7034ms)
  ✔ Wound mastery-scales its stored 30% to 20% before the basic-rank cap: amount 192 (14.5025ms)
  ✔ Wound stacks are capped at 2 — a 3rd cast does not add a 3rd ticking stack (1.0549ms)
✔ applyJutsu characterization — heal / shield / siphon (19.2145ms)
▶ applyJutsu characterization — post-damage reactions
  ✔ defender Reflect 50% bounces 480 back to the attacker (0.8026ms)
  ✔ defender Absorb 50% heals 480 of the 960 taken (net -480) (0.3091ms)
  ✔ Pierce deals a 100 true-damage floor through shield, no reflect (1.5064ms)
✔ applyJutsu characterization — post-damage reactions (2.8984ms)
▶ applyJutsu characterization — amp / DR pools
  ✔ attacker Increase Damage Given 35% soft-caps the 960 base to 1355 (0.9822ms)
  ✔ defender Decrease Damage Taken 35% soft-caps mitigation: 681 lands (0.3052ms)
  ✔ Overload applies both IDG pulses at 21% mastery-8 and 30% max mastery (2.2544ms)
✔ applyJutsu characterization — amp / DR pools (4.9314ms)
▶ sealBaseRewardStamp — base-reward authorization
  ✔ requires verified interior presence, sector 99 and two real players for the additional bonus (2.466ms)
  ✔ distinguishes a sanctioned no-reward spar from a progression match (0.5634ms)
  ✔ does not stamp base rewards when they were not requested (0.901ms)
  ✔ DENIES base rewards against a fabricated no-save NPC opponent (non-admin) (0.1493ms)
  ✔ honors base rewards for a real player-vs-player fight, preserving a normal sector (0.1622ms)
  ✔ neutralizes an UNVERIFIED Death’s Gate (99) to 0 for a non-admin (no 2×) (0.1603ms)
  ✔ HONORS Death’s Gate (99) when the server verified both fighters are there (0.1639ms)
  ✔ neutralizes an unverified 99 supplied as a string, too (0.2274ms)
  ✔ coerces a non-finite sector to 0 (0.1781ms)
  ✔ admin may create a reward-bearing NPC test fight and keep sector 99 unverified (9.058ms)
  ✔ denies when the ATTACKER-as-p2 fights a no-save p1 NPC (order-independent) (0.4444ms)
✔ sealBaseRewardStamp — base-reward authorization (43.8943ms)
[pvp-loadout] bloodline-gated jutsu dropped Cheater ashen-eyes-blood-gaze
[pvp-loadout] unlearned equipped jutsu id(s) dropped Collector venom-fang
▶ bloodline access gate (characterMayUseJutsu)
  ✔ universal and base-element jutsu are always usable (27.2897ms)
  ✔ a built-in bloodline jutsu requires carrying that bloodline (0.6379ms)
  ✔ a special-element authored jutsu needs the element or a granting equipped bloodline (0.3835ms)
  ✔ a custom bloodline jutsu is usable only while that bloodline is equipped (0.2469ms)
✔ bloodline access gate (characterMayUseJutsu) (29.8591ms)
▶ bloodline gate in loadout resolution (resolveEquippedLoadout)
  ✔ drops an equipped built-in bloodline jutsu the save does not carry (32.4088ms)
  ✔ keeps the kit when the save carries the bloodline (9.2267ms)
  ✔ seals jutsu only from CARRIED bloodlines, not every stored one (5.6839ms)
  ✔ does not gate save-less (NPC) resolution (0.7552ms)
✔ bloodline gate in loadout resolution (resolveEquippedLoadout) (69.9781ms)
▶ gear specialty-stat fold (server = client Arena build)
  ✔ folds equipped-item stat bonuses into the sealed combat stats (5.0198ms)
  ✔ does not fold for save-less (NPC) fighters (0.4179ms)
✔ gear specialty-stat fold (server = client Arena build) (5.7813ms)
▶ weapon attunement reaches server combat (weaponElements overlay)
  ✔ stamps the attuned element onto the resolved catalog weapon (0.5026ms)
  ✔ drops an invalid attunement element via the sanitizer whitelist (0.3932ms)
  ✔ an authored weaponElement on the item definition wins over the overlay (0.6919ms)
✔ weapon attunement reaches server combat (weaponElements overlay) (1.75ms)
▶ placeBounty
  ✔ places a fresh bounty on a valid target (2.0535ms)
  ✔ accumulates onto an existing head and dedupes contributors (2.1553ms)
  ✔ rejects bountying yourself (0.2108ms)
  ✔ rejects a nonexistent target (0.2208ms)
  ✔ enforces min and max per placement (25.785ms)
  ✔ rejects when the placer cannot afford it (0.2782ms)
  ✔ rejects pushing a head over the per-target cap (11.7202ms)
✔ placeBounty (43.9763ms)
▶ claimBounty
  ✔ returns the pool and removes the head (0.4572ms)
  ✔ rejects claiming a head with no bounty (0.2172ms)
✔ claimBounty (0.9982ms)
▶ normalizeBoard
  ✔ repairs malformed/zero entries and caps the list (0.6067ms)
  ✔ returns an empty board for junk input (0.1734ms)
✔ normalizeBoard (0.9232ms)
▶ authoritative challenge reservations
  ✔ cannot overwrite an existing challenge record with a reused client id (1.3427ms)
  ✔ requires the exact responder and fighter order (1.4967ms)
  ✔ is single-use and accepts only the exact bound battle (1.0088ms)
  ✔ declines only the exact outstanding challenge participants (0.5376ms)
✔ authoritative challenge reservations (33.5207ms)
▶ Clan War PvP session authorization
  ✔ fails closed when a PvP challenge has no sealed battle session (1.4527ms)
  ✔ binds an accepted 1v1 to one random session and converges concurrent launches (3.2099ms)
  ✔ stale takeover fences the old publisher and an old release cannot clear the successor (1.4356ms)
  ✔ rejects outsiders, swapped fighters, and unsupported 2v2 aggregation (0.6315ms)
✔ Clan War PvP session authorization (72.4585ms)
[kv] isolated in-memory QA backend active
✔ Clan War reward claim returns the exact scroll roll and versioned inventory on first claim and replay (1132.5361ms)
▶ PvP event-time combat-stat budget
  ✔ allocates under the event UTC day and replays without spending twice (4.4815ms)
  ✔ recovers a lost CAS acknowledgement exactly and fails closed on malformed state (1.3068ms)
  ✔ migrates the bounded legacy numeric counter without reopening spent points (1.2775ms)
✔ PvP event-time combat-stat budget (8.8365ms)
▶ future activeRound statuses do not affect the current round
  ✔ a Decrease Damage Taken scheduled for next round does not mitigate this round (4.9501ms)
✔ future activeRound statuses do not affect the current round (6.1773ms)
▶ prevent tags only block at their intended timing
  ✔ a Debuff Prevent that activates next round does NOT block a Stun cast this round (0.811ms)
  ✔ an ACTIVE Debuff Prevent blocks a Stun (0.379ms)
✔ prevent tags only block at their intended timing (1.394ms)
▶ Pierce bypasses shield, reflect, and absorb
  ✔ true damage ignores shield block, reflects nothing, and grants no absorb heal (0.4793ms)
✔ Pierce bypasses shield, reflect, and absorb (0.5936ms)
▶ Recoil scales + rank-caps like its CAPPED_AMP_TAGS siblings (PvE↔PvP parity)
  ✔ at mastery 0 a 40% S-rank Recoil scales down to 30 (not the raw 40) (0.5516ms)
  ✔ at mastery 50 it reaches the stored 40 (rank cap) (0.3577ms)
  ✔ rank cap clamps mastery: a Genin (lvl 20) wielding a stored-50 jutsu hits as mastery 20 (0.4078ms)
  ✔ resolves to the exact same percent as Reflect, a sibling capped tag (0.5462ms)
✔ Recoil scales + rank-caps like its CAPPED_AMP_TAGS siblings (PvE↔PvP parity) (2.1847ms)
▶ instant displacement reports actual traversed tiles
  ✔ Push reports zero when the board edge leaves no away tile (3.5978ms)
  ✔ Push reports zero when active Barriers block every away route (1.7009ms)
✔ instant displacement reports actual traversed tiles (6.1582ms)
▶ post-damage Wound / Siphon use effective mastery and rank percents
  ✔ an authored damage jutsu with isUtility:false still mastery-scales both riders (2.6221ms)
  ✔ applies Wound 25/30/35 and Siphon 30/35/40 rank ceilings after mastery (0.4882ms)
  ✔ does not create a zero-value Wound stack or Siphon event (0.7755ms)
✔ post-damage Wound / Siphon use effective mastery and rank percents (4.1618ms)
▶ Copy / Mirror are deterministic with deferred statuses
  ✔ Copy grants fresh two-round copies of active buffs except Absorb/Lifesteal (4.6917ms)
  ✔ Buff Prevent blocks Copy (0.3135ms)
  ✔ Mirror grants fresh two-round copies of every active debuff and leaves originals in place (0.5425ms)
  ✔ Debuff Prevent blocks Mirror (0.2268ms)
✔ Copy / Mirror are deterministic with deferred statuses (6.0265ms)
▶ fixed-effect control jutsu deal STANDARD damage, not the EP-100 sentinel
  ✔ a sanitized 60-AP Stun jutsu (legacy EP 100) deals standard EP-40 damage, not the EP-100 sentinel, and still stuns (0.8413ms)
✔ fixed-effect control jutsu deal STANDARD damage, not the EP-100 sentinel (0.9283ms)
▶ ground effects apply once per pass and respect prevent / timing
  ✔ applies exactly one Poison status to a fighter standing in the zone (1.2026ms)
  ✔ does nothing to a fighter outside the zone (0.2616ms)
  ✔ a re-application replaces rather than stacks (Poison is non-stackable) (0.3501ms)
  ✔ a recurring DDG zone refreshes itself without erasing an independent direct stack (0.4167ms)
  ✔ Debuff Prevent (active) blocks the zone (0.1937ms)
  ✔ tickGroundEffects decrements rounds and expires a zone at 0 (0.2096ms)
✔ ground effects apply once per pass and respect prevent / timing (2.8935ms)
▶ legacy PvP consumable durable settlement
  ✔ treats v1 real-side usage as corruption and needs no mutable inventory debit when empty (1.9687ms)
  ✔ deducts consumable-authority v2 usage from a real fighter's save (3.6328ms)
  ✔ forgives a v2 shortfall (item moved mid-fight) instead of holding the claim hostage (0.5568ms)
  ✔ fails closed when a sealed used item was moved before claim, then repairs after replenishment (0.8341ms)
  ✔ does not re-deduct a replenished item after 50+ shared receipts churn (1.165ms)
  ✔ migrates a generic-only replay without applying the item effect again (0.9378ms)
  ✔ does not mistake a precommit CAS failure for a durable backfill acknowledgement (1.3932ms)
✔ legacy PvP consumable durable settlement (12.0538ms)
▶ sealItemCharges — per-fight consumable budget
  ✔ caps the potion at 2 even when more are owned (1.5697ms)
  ✔ potion owned 1 → only 1 charge (min(owned, 2)) (0.1756ms)
  ✔ seals throwables at the full owned count (no cap) (0.2281ms)
  ✔ seals all THREE combat-item slots (item1/2/3) at their owned counts (0.1797ms)
  ✔ still seals a legacy single "item" slot (not-yet-migrated save) (0.1599ms)
  ✔ owned count spans both inventory[] and itemStacks (0.4427ms)
  ✔ NPC (no save inventory) still caps the potion at 2 (0.1619ms)
  ✔ NPC non-potion consumables stay unsealed (reusable, prior AI behaviour) (0.1971ms)
✔ sealItemCharges — per-fight consumable budget (5.1608ms)
▶ deductUsedItems — settlement consumption
  ✔ drains the counted stack first and drops emptied stacks (1.2969ms)
  ✔ falls back to inventory[] copies once the stack runs out (0.2552ms)
  ✔ never goes negative when more is reported used than owned (0.1632ms)
  ✔ leaves unrelated items untouched (0.1913ms)
✔ deductUsedItems — settlement consumption (2.2347ms)
▶ Elemental Seal — application
  ✔ lands a 1-round debuff on the OPPONENT, deferred to next round (7.1705ms)
  ✔ is blocked by the target's Debuff Prevent (0.5925ms)
  ✔ logs the seal so the battle log shows why casts start failing (0.4074ms)
✔ Elemental Seal — application (15.7595ms)
▶ Elemental Seal — what it blocks
  ✔ blocks a Fire jutsu while active (0.7559ms)
  ✔ blocks a Water jutsu while active (0.154ms)
  ✔ blocks a Earth jutsu while active (0.1372ms)
  ✔ blocks a Wind jutsu while active (0.1838ms)
  ✔ blocks a Lightning jutsu while active (0.2119ms)
  ✔ leaves a None jutsu usable while active (0.4233ms)
  ✔ leaves a Blood jutsu usable while active (0.2187ms)
  ✔ leaves a Lava jutsu usable while active (0.81ms)
  ✔ leaves a Shadow jutsu usable while active (0.2434ms)
  ✔ leaves a Iron jutsu usable while active (0.491ms)
  ✔ does not block anything during the cast round it was applied in (0.2555ms)
✔ Elemental Seal — what it blocks (5.0099ms)
▶ Elemental Seal — expiry
  ✔ survives the cast-round tick, then expires after exactly one active round (0.661ms)
✔ Elemental Seal — expiry (0.7702ms)
▶ PvP Town Defense guard mitigation
  ✔ never adopts a saved or client-authored elder defense stamp (2.4322ms)
  ✔ applies the sealed elder defense separately and caps it at one percent (4.1687ms)
  ✔ reduces direct jutsu damage to a guard by their sealed guardDefensePct (0.5329ms)
  ✔ is a no-op when the defender has no (or zero) guardDefensePct (0.419ms)
  ✔ Pierce true damage bypasses the guard mitigation (0.4679ms)
✔ PvP Town Defense guard mitigation (9.364ms)
▶ PvP home-terrain buff
  ✔ a matching jutsu type on the clan-owned sector deals +10% (5.8817ms)
  ✔ a non-matching jutsu type gets no home-terrain bonus (0.6811ms)
  ✔ no sealed homeTerrainType leaves damage unchanged (default sessions unaffected) (1.2433ms)
✔ PvP home-terrain buff (11.3892ms)
▶ human PvP loadout normalization
  ✔ seals supporter and base accounts to the same 12 regular techniques (1.828ms)
  ✔ does not mutate a loadout already at or below the neutral PvP cap (0.26ms)
  ✔ preserves the separately earned Legacy signature after the 12 regular slots (0.2278ms)
  ✔ is wired into real-player session sealing for both fighters (2.1954ms)
✔ human PvP loadout normalization (5.7626ms)
▶ Increase Discipline — style-locked combat effect
  ✔ raises damage for casts of the MATCHING discipline (4.8494ms)
  ✔ does NOTHING for casts of a different discipline (the style lock) (0.6527ms)
  ✔ does NOTHING for an adaptive 'Any' cast (0.604ms)
  ✔ is offense-only — a buffed DEFENDER takes baseline damage (no defense side) (0.452ms)
  ✔ is suppressed while the buffed fighter is Bloodline-Sealed (0.5634ms)
  ✔ stacks with diminishing returns (2 stacks < 2× a single stack over baseline) (0.3795ms)
  ✔ casting the tag captures the jutsu type as the stack discipline, deferred + Buff-Prevent-gated (0.9413ms)
  ✔ an 'Any'-typed cast cannot apply the tag (no style to lock to) (0.2398ms)
✔ Increase Discipline — style-locked combat effect (10.3132ms)
▶ Increase Generals — combat effect
  ✔ raises the caster's damage dealt (offense side) (4.8599ms)
  ✔ lowers the damage the buffed fighter takes (defense side) (0.5491ms)
  ✔ is suppressed while the buffed fighter is Bloodline-Sealed (0.5202ms)
  ✔ stacks with diminishing returns (2 stacks < 2× a single stack over baseline) (0.6639ms)
  ✔ casting the tag applies a deferred 2-round positive status, Buff-Prevent-gated (0.8991ms)
✔ Increase Generals — combat effect (8.9132ms)
[pvp-items] unresolved equipped item id(s) Tester custom-storm-tanto
▶ equipped-item resolution against the admin catalog
  ✔ resolves an admin-authored item whose definition the player save lacks (3.0253ms)
  ✔ drops that same item when no admin catalog is supplied (the old behaviour) (0.9741ms)
  ✔ still resolves a player's own forged named weapon (only their array has it) (0.4762ms)
  ✔ keeps the built-in definition for a built-in id (0.1597ms)
  ✔ honors a shared tombstone ahead of built-in, admin, and player copies (0.1741ms)
  ✔ prefers the admin definition over the player's mirrored copy (0.1652ms)
  ✔ logs (and still drops) an equipped id nothing can resolve (0.5394ms)
  ✔ feeds admin gear into the derived multiplier layer (armor DR + passives) (0.2066ms)
  ✔ leaves an above-baseline ADMIN item unclamped (0.2721ms)
  ✔ still budgets a player's OWN over-budget creator item (0.3474ms)
  ✔ still clamps the DERIVED multipliers an unclamped admin item feeds (0.2013ms)
✔ equipped-item resolution against the admin catalog (8.1278ms)
▶ no built-in item advertises an inert vitals bonus
  ✔ grants no maxHp / maxChakra / maxStamina from the built-in catalog (0.5079ms)
✔ no built-in item advertises an inert vitals bonus (0.6342ms)
✔ mastery awards one per used jutsu, respects decay, caps and grandfathered mastery (1.7084ms)
✔ stronghold doubles Death’s Gate base rewards only for the exact sector and stamp (0.2046ms)
▶ pvp lapse rules
  ✔ lapses one session TTL after the LAST touch: a move, a server-passed turn, or creation (0.7917ms)
  ✔ never lapses a duel whose lifecycle is owned elsewhere (0.202ms)
✔ pvp lapse rules (1.9979ms)
▶ terminalizeLapsedPvpSession
  ✔ records a lapsed duel as a draw at the moment it lapsed, and replays the terminal effects (2.3472ms)
  ✔ leaves a live, terminal, or missing duel exactly as found (0.6199ms)
  ✔ is fenced on the exact row it read: a move that lands meanwhile wins (0.6635ms)
✔ terminalizeLapsedPvpSession (3.8692ms)
[kv] isolated in-memory QA backend active
✔ upgraded claim drains and replays a d76a ranked terminal while V2 is off (582.6011ms)
✔ upgraded claim preserves the legacy path after V2 admissions turn on (6.8078ms)
[pvp-loadout] unlearned equipped jutsu id(s) dropped Tester starter-nin-fire-1
[pvp-loadout] unlearned equipped jutsu id(s) dropped Tester starter-nin-fire-1
[pvp-loadout] unlearned equipped jutsu id(s) dropped Tester starter-nin-fire-1
[pvp-loadout] unlearned equipped jutsu id(s) dropped Tester starter-nin-fire-1
[pvp-loadout] unlearned equipped jutsu id(s) dropped Tester starter-nin-fire-1
[pvp-loadout] unlearned equipped jutsu id(s) dropped Tester legacy-throne-challenge,legacy-break-stance,starter-nin-fire-1
[pvp-loadout] unlearned equipped jutsu id(s) dropped Tester starter-nin-fire-1
[pvp-loadout] unlearned equipped jutsu id(s) dropped Tester starter-nin-fire-1
[pvp-loadout] unlearned equipped jutsu id(s) dropped Tester starter-nin-fire-1
[pvp-loadout] unlearned equipped jutsu id(s) dropped Tester starter-nin-fire-1
[pvp-loadout] unlearned equipped jutsu id(s) dropped Tester starter-nin-fire-1
[pvp-loadout] unlearned equipped jutsu id(s) dropped Tester starter-nin-fire-1
▶ legacy signature slot — sealed loadout injection
  ✔ Stage 3 Bound injects the signature with stage-scaled mastery (3.0791ms)
  ✔ Stage 5 Mythic runs the signature at mastery 50 (0.4974ms)
  ✔ below Stage 3 (and with no Legacy) there is no signature (1.0312ms)
  ✔ a tampered equippedJutsuIds entry can NOT resolve a legacy jutsu (separate catalog) (0.593ms)
  ✔ adaptive 'Any' damage signatures are stamped with the owner's specialty (0.8177ms)
  ✔ typed style signatures and 40-AP utilities keep their stored type (1.0344ms)
  ✔ the sealed signature carries its tier rank + cooldown 10 through sanitization (0.83ms)
  ✔ ENABLE_LEGACY off ⇒ no signature (rollback keeps sessions byte-identical) (0.3754ms)
✔ legacy signature slot — sealed loadout injection (9.4545ms)
▶ PvP tag lifecycle — Lifesteal vs Siphon
  ✔ Lifesteal tag does NOT heal on the cast attack, but applies a deferred 2-round status (3.7643ms)
  ✔ Siphon heals on the SAME attack (instant, by design) (0.5073ms)
  ✔ an already-active Lifesteal buff heals a follow-up attack on a later round (0.6092ms)
✔ PvP tag lifecycle — Lifesteal vs Siphon (6.0801ms)
[pvp-loadout] unlearned equipped jutsu id(s) dropped  missing-stale-jutsu
[pvp-loadout] unlearned equipped jutsu id(s) dropped  missing-stale-jutsu
[pvp-loadout] unlearned equipped jutsu id(s) dropped  starter-nin-fire-2
[pvp-loadout] unresolved equipped jutsu id(s)  starter-universal-blitz
[pvp-loadout] unresolved equipped jutsu id(s)  starter-universal-blitz
[pvp-loadout] unresolved equipped jutsu id(s)  starter-universal-blitz
[pvp-loadout] unlearned equipped jutsu id(s) dropped  starter-nin-fire-2
[pvp-loadout] unresolved equipped jutsu id(s)  starter-universal-blitz
[pvp-loadout] unresolved equipped jutsu id(s)  owned-second
▶ authoritative equipped-jutsu hydration
  ✔ resolves built-in and creator jutsu in saved slot order (3.2286ms)
  ✔ places that resolved loadout on the sealed combat character (2.5749ms)
✔ authoritative equipped-jutsu hydration (6.9513ms)
▶ admin-authored jutsu resolve from authored content, not the client
  ✔ takes the authored object over the client body (1.6694ms)
  ✔ resolves the authored jutsu even when the client sends nothing (1.9031ms)
  ✔ reaches the sealed combat character through the hydrator (0.536ms)
  ✔ leaves the save's own bloodline jutsu authoritative over an id-colliding authored one (9.4619ms)
  ✔ drops a forged explicit catalog id with no learned/mastery entitlement (3.6483ms)
  ✔ does not trust a client definition for a persisted player when no server definition exists (0.5117ms)
  ✔ treats a legacy saved jutsu snapshot as IDs only when equipped IDs are empty (10.6297ms)
  ✔ drops a forged legacy snapshot catalog id with no learned/mastery entitlement (0.3349ms)
  ✔ never falls back to persisted or request-body definitions when no saved IDs resolve (0.3176ms)
  ✔ hydrates only the first row from duplicate carried bloodline ids (1.3082ms)
  ✔ keeps an authored repeated tag only on the trusted admin definition (0.6992ms)
✔ admin-authored jutsu resolve from authored content, not the client (31.9892ms)
▶ human PvP low-level HP scaling
  ✔ applies the full bonus through level 10 and fades exactly to zero at 25 (3.3258ms)
  ✔ projects a fresh level-10 human from 1,400 to 2,100 HP (1.0377ms)
  ✔ keeps the resulting canonical level curve monotonic through the fade (0.4053ms)
  ✔ preserves current-HP ratio in continuous-vitals PvP (0.1654ms)
  ✔ does not scale PvP-engine AI encounters or level-25 human PvP (0.1857ms)
  ✔ changes only the session fighter and leaves canonical character HP untouched (0.9721ms)
✔ human PvP low-level HP scaling (8.2111ms)
▶ opener-relative round flow
  ✔ p1 opening still grants exactly 25 turns to each fighter (4.3346ms)
  ✔ p2 opening still grants exactly 25 turns to each fighter (0.8435ms)
✔ opener-relative round flow (6.3518ms)
▶ round-symmetric deferred lifecycle
  ✔ a deferred status cast by p1 as opener lasts two complete active rounds (1.1456ms)
  ✔ a ground zone created by p1 as opener affects exactly two target turns (0.9729ms)
  ✔ Barrier cast by p1 as opener is deferred for two complete rounds (3.8873ms)
  ✔ a deferred status cast by p2 as closer lasts two complete active rounds (0.5906ms)
  ✔ a ground zone created by p2 as closer affects exactly two target turns (0.6723ms)
  ✔ Barrier cast by p2 as closer is deferred for two complete rounds (0.5123ms)
  ✔ a deferred status cast by p2 as opener lasts two complete active rounds (0.2829ms)
  ✔ a ground zone created by p2 as opener affects exactly two target turns (0.5216ms)
  ✔ Barrier cast by p2 as opener is deferred for two complete rounds (0.5805ms)
  ✔ a deferred status cast by p1 as closer lasts two complete active rounds (0.2164ms)
  ✔ a ground zone created by p1 as closer affects exactly two target turns (0.2855ms)
  ✔ Barrier cast by p1 as closer is deferred for two complete rounds (0.3299ms)
  ✔ an off-target opener zone keeps both future recurrence rounds (0.2598ms)
✔ round-symmetric deferred lifecycle (11.335ms)
▶ bounded shield and normalized timeout score
  ✔ repeated shield casts cannot bank more than one bounded health bar (1.2642ms)
  ✔ equal normalized effective health is a deterministic draw despite unequal raw HP (0.1757ms)
  ✔ bounded shield counts in the normalized timeout result (0.3216ms)
  ✔ timeout resolves before an unmatched round-26 start-of-turn DoT (0.1891ms)
  ✔ legacy oversized shields are clamped before scoring (0.1666ms)
✔ bounded shield and normalized timeout score (2.3594ms)
[pvp/move] join pending-session reservation failed Error: pvp-pending-session-conflict:join-prior-kage-draw
    at publishPvpPendingSessionPointer (C:\Users\Tyler R\source\repos\NinjaK\.worktrees\authored-missions-live-20260918\api\pvp\_pending-session.ts:178:19)
    at async reserveJoinPointer (C:\Users\Tyler R\source\repos\NinjaK\.worktrees\authored-missions-live-20260918\api\pvp\move.ts:1606:28)
    at async handler (C:\Users\Tyler R\source\repos\NinjaK\.worktrees\authored-missions-live-20260918\api\pvp\move.ts:1683:41)
    at async postMove (C:\Users\Tyler R\source\repos\NinjaK\.worktrees\authored-missions-live-20260918\api\pvp\_move-handler.test.ts:111:5)
    at async TestContext.<anonymous> (C:\Users\Tyler R\source\repos\NinjaK\.worktrees\authored-missions-live-20260918\api\pvp\_move-handler.test.ts:495:21)
    at async Test.run (node:internal/test_runner/test:1208:7)
    at async Test.processPendingSubtests (node:internal/test_runner/test:831:7)
✔ a ranked tombstone returns terminal control instead of dereferencing fighters (737.7859ms)
✔ runtime role validation rejects non-p1/p2 values before role dereference (1.0751ms)
✔ an unsolicited opponent cannot claim an AFK win before both fighters join (1.3719ms)
✔ join is an authenticated, idempotent membership handshake even out of turn (1.5638ms)
✔ join exact-clears a stale sessionless pointer and recovers in the same request (1.8489ms)
✔ join preserves a prior draw pointer until its exact completion ACK is durable (9.0147ms)
✔ Cleanse preserves deferred Stun, Wound, Drain, and prevention in both round phases (3.3364ms)
✔ Clear preserves deferred positive prevention statuses in both round phases (1.2964ms)
✔ Copy and Mirror persist their deferred contracts through the authoritative move handler (8.6774ms)
✔ non-stackable negative refresh preserves the active copy through opener and closer phases (5.809ms)
✔ non-stackable positive refresh preserves the active copy through opener and closer phases (4.0016ms)
✔ pending Stun refresh survives consumption of the currently active Stun (3.2365ms)
✔ pending third Wound preserves two current stacks, then caps the next boundary in both phases (4.4346ms)
✔ pvp adapter converts session state without changing PvP-compatible fields (0.7151ms)
✔ moveToken retry returns the current session without double-applying a jutsu (1.3193ms)
✔ duplicate-token retry repairs an action receipt missing after combat CAS (4.0406ms)
✔ insufficient AP rejects without mutating fighter state or persisting the retry token (0.4662ms)
✔ insufficient chakra rejection is logged but does not spend AP or stamina (0.7238ms)
✔ basic attack spends only AP and stamina and emits matching damage fx (0.7106ms)
✔ damaging jutsu with incidental support tags keeps its elemental VFX (0.8311ms)
✔ 60 AP core-element jutsu emit their literal elemental VFX even with status tags (1.0554ms)
✔ a saved Bloodline visual choice overrides the automatic 60 AP element VFX (0.8313ms)
✔ custom bloodline element names resolve to the nearest shipped VFX family (0.8595ms)
✔ bloodline displacement tags emit wind VFX on the opponent (1.0582ms)
✔ pure movement jutsu leaves combat VFX empty so the board trail owns the read (1.026ms)
✔ Barrier tile authority honors its deferred activeRound (1.1692ms)
✔ SINGLE movement resolves its secondary self and opponent tags without remote damage (1.2821ms)
✔ AOE_CIRCLE movement still resolves its Pierce impact footprint (1.0778ms)
✔ ground cast pulse is phase-aware while both phases begin recurrence on the target turn (3.2026ms)
✔ an off-target opener ground cast records no consumed pulse (0.7218ms)
✔ thrown status weapons layer delivery VFX with their status effect (1.5994ms)
✔ named hand weapons layer delivery VFX with caster-side tag effects (0.9026ms)
✔ both-target consumables emit matching self and opponent VFX (0.7629ms)
✔ successful flee spends the adjusted Overclock cost without negative terminal AP (3.301ms)
✔ consumable-authority v1 refuses a real casual fighter even if a stale worker left a positive charge (0.9999ms)
✔ consumable-authority v2 lets a real casual fighter spend one sealed charge (1.7642ms)
✔ terminal retry restores a missing battle receipt body with stable endedAt (2.9653ms)
✔ a final move paused past its lease cannot overwrite an advanced session (0.9614ms)
✔ a ranked close fence that wins before the final CAS is never overwritten (1.4088ms)
✔ cooldown is applied on cast and ticks when that fighter ends turn (1.1339ms)
✔ active stun on the next fighter applies the AP penalty once at handoff (0.7209ms)
✔ golden replay: basic jutsu damage, AP spend, resources, cooldown, and log (1.106ms)
✔ golden replay: basic attack spend and server damage fx (0.7227ms)
✔ golden replay: support jutsu applies pending heal and shield without damaging opponent (0.9962ms)
✔ golden replay: insufficient AP rejection leaves stored state unchanged (0.4492ms)
✔ golden replay: stun AP penalty at turn handoff (0.6015ms)
[kv] isolated in-memory QA backend active
✔ inside: admission → committed cast → KO → reward claim, with replay and location changes (1042.0064ms)
✔ outside: admission → committed cast → KO → reward claim, with replay and location changes (26.0364ms)
✔ normal: admission → committed cast → KO → reward claim, with replay and location changes (54.3337ms)
✔ Death’s Gate players on opposite sides of the entrance cannot fight (1.2612ms)
▶ PvP pending-session pointer
  ✔ is owner scoped and permits exact same-battle refresh (5.0391ms)
  ✔ never lets another battle overwrite the single-flight or a stale completion delete its successor (2.5402ms)
  ✔ binds a stable battle capability to its exact session creation generation (0.7943ms)
  ✔ fails closed on malformed server state (13.9101ms)
  ✔ renews an exact reserving capability, fences expiry, and activates exactly (1.1688ms)
  ✔ does not classify an unreadable clear readback as confirmed absence (0.6008ms)
  ✔ proves terminal TTL refresh with an immutable deadline body transition (0.8893ms)
✔ PvP pending-session pointer (29.6533ms)
[kv] isolated in-memory QA backend active
✔ ranked settlement retry copy stays phase-neutral (758.4561ms)
✔ claim helps an over-age unjoined-opponent V2 terminal through the full saga (35.1114ms)
▶ player ranked terminal journal
  ✔ seals one immutable terminal and ignores shared-receipt churn on replay (12.2422ms)
  ✔ recovers winner/loser save commit acknowledgements without double Elo (3.7043ms)
  ✔ recognizes an old-worker-first legacy payout and only backfills the v2 fence (2.6691ms)
  ✔ new-worker-first writes the legacy receipt in the same Elo CAS and fences a d76a replay (2.6607ms)
  ✔ bounds dedicated settlement stamps while completed journals remain replay authority (9.3871ms)
  ✔ recovers a terminal gate commit whose acknowledgement was lost (3.3018ms)
  ✔ repairs a crash after gate terminalization but before journal publication without recomputing eligibility (3.4636ms)
  ✔ recognizes a journal publication commit whose acknowledgement was lost (1.4761ms)
  ✔ leaves a discoverable partial journal on loser precommit failure and either helper finishes it (3.7685ms)
  ✔ exact save CAS defeats a paused stale writer and preserves the successor mutation (2.6605ms)
  ✔ seals anti-alt eligibility once and terminalization wins the close race (3.8439ms)
  ✔ close cancellation winning first rejects stale terminal publication and applies no rating (4.4977ms)
  ✔ completed replay after a season reset returns current ratings and never reapplies delta (5.1345ms)
✔ player ranked terminal journal (60.8969ms)
[kv] isolated in-memory QA backend active
✔ rollout helper is default-off, exact-enable, and kill-switch dominant (3503.4307ms)
✔ disabled join fails before rate-limit, queue, token, gate, or session writes (12.8855ms)
✔ kill switch still finishes an in-flight terminal but creates no new queue work (114.1288ms)
✔ kill switch retires a never-joined admission after its bounded deadline (49.8326ms)
✔ enabled POST success and UI/runbook contracts advertise the same state (41.85ms)
[kv] isolated in-memory QA backend active
✔ ranked request without exact match proof returns 409 and never becomes casual (7815.6996ms)
✔ session binds exact matchId, pair, season, and epoch (100.42ms)
✔ session admission precommit failure leaves queued proof retryable (114.2951ms)
✔ session recognizes activation and session-publication lost acknowledgements (4.8166ms)
✔ mismatched client season or epoch returns 409 without consuming the queued admission (7.0209ms)
✔ active retry rejects a battle row whose season authority was corrupted (43.9841ms)
▶ poisonPercentForTag — Poison has its own rank ceiling
  ✔ holds each source to its rank ceiling (1.831ms)
  ✔ keeps values authored under the ceiling (0.2213ms)
  ✔ ramps two-thirds to full with mastery, monotonically, and never collapses to 0 (1.6236ms)
  ✔ an unset percent falls back to the documented 6%, not the generic 30 (0.1789ms)
✔ poisonPercentForTag — Poison has its own rank ceiling (5.0232ms)
▶ applyJutsu applies the capped Poison potency
  ✔ a creator-scale 30% poison on a non-bloodline jutsu lands at 10% (6.4081ms)
  ✔ A-rank bloodline poison lands at 12%, S-rank at 14% (0.822ms)
  ✔ a weapon swing answers to the weapon ceiling (Serpent Dust at 55, forged blades at 15-40) (2.0179ms)
  ✔ an unset Poison percent applies the 6% default instead of the generic 30 (0.6572ms)
✔ applyJutsu applies the capped Poison potency (10.5719ms)
▶ ground-zone Poison answers to the casting rank
  ✔ a zone with no stamped rank (NPC, or laid before the stamp) takes the basic ceiling (1.4762ms)
  ✔ a stamped zone takes its caster rank ceiling (0.3203ms)
  ✔ a zone authored under the ceiling keeps its full value (0.1666ms)
✔ ground-zone Poison answers to the casting rank (2.1944ms)
▶ poisonSpendDamage — the on-spend hit
  ✔ matches the raw on-spend formula for a fighter with no armor or DDT (0.4589ms)
  ✔ is reduced by armor, and further by Decrease Damage Taken, like a Wound or Drain tick (0.2399ms)
  ✔ never computes above the S-rank ceiling (a Poison sealed onto a fighter before the caps) (0.2472ms)
  ✔ is 0 when not poisoned, when the cast is free, or when the Poison is not active yet (0.1777ms)
✔ poisonSpendDamage — the on-spend hit (1.2986ms)
▶ authored Poison sources sit on the Poison scale
  ✔ every built-in jutsu Poison is at or under its rank ceiling (0.3926ms)
  ✔ every built-in item Poison (Serpent Dust included) is at or under the weapon ceiling (0.3578ms)
  ✔ the Crafter shop line advertises Serpent Dust at its catalog potency (68.5116ms)
  ✔ every Battle Towers enemy Poison is at or under the no-rank ceiling (1.0346ms)
  ✔ a mastered starter poison costs an active level-50 victim under 5% of max HP per 60-AP cast (0.2632ms)
✔ authored Poison sources sit on the Poison scale (70.9334ms)
[pvp-loadout] unresolved equipped jutsu id(s) Sage blast
▶ PvE-only relic power
  ✔ derives the two fields from the equipped relic (3.2279ms)
  ✔ is sealed onto the fighter by hydrateCharacterFromSave (7.6206ms)
  ✔ RAISES PvE damage even at fully maxed stats — where stat bonuses do nothing (161.7403ms)
  ✔ changes NOTHING in PvP — the pillar guard (47.888ms)
  ✔ routes the Aura Sphere level-300 perk into server PvE (0.5377ms)
  ✔ grants the sphere perk only while the sphere is EQUIPPED (0.3174ms)
  ✔ stacks the sphere perk with a relic — they are different slots (0.3363ms)
  ✔ keeps the sphere perk out of PvP like every other PvE bonus (3.106ms)
  ✔ a defensive relic reduces what the AI deals to the player (27.2024ms)
✔ PvE-only relic power (254.808ms)
[pvp-loadout] unresolved equipped jutsu id(s)  forged-4
▶ resolveEquippedLoadout — bloodline rank stamp (permanent)
  ✔ stamps bloodlineRank from the bloodline object even with the retired env flag cleared (6.8501ms)
  ✔ never trusts a client-supplied rank (stamp is from the save bloodline) (1.7008ms)
  ✔ always enforces the saved bloodline point budget before combat (4.063ms)
✔ resolveEquippedLoadout — bloodline rank stamp (permanent) (14.5497ms)
[kv] isolated in-memory QA backend active
▶ ranked 2v2 pairing
  ✔ requires an accepted partner before the duo can queue (5.0102ms)
  ✔ refuses self-pairing, double-booking, and poaching a partnered shinobi (1.498ms)
  ✔ applies the shared newcomer floor to BOTH partners (0.5895ms)
  ✔ lets either partner leave, freeing both to pair again (1.5535ms)
✔ ranked 2v2 pairing (4444.0388ms)
▶ ranked 2v2 matchmaking
  ✔ requires BOTH duos to accept the rating gap (0.516ms)
  ✔ never matches a duo against itself or a shared account (0.2502ms)
  ✔ pairs the longest-waiting eligible duo (0.3177ms)
  ✔ drops stale, duplicate and malformed queue rows (1.2574ms)
  ✔ publishes one four-player match with each duo kept whole (13.3083ms)
  ✔ refuses to queue a duo whose partner is already in another battle (0.8701ms)
✔ ranked 2v2 matchmaking (16.9996ms)
▶ ranked 2v2 rating
  ✔ moves both winners up and both losers down, exactly once (7.504ms)
  ✔ rates nobody for a duel that never happened (4.2405ms)
  ✔ leaves the solo 1v1 ladder untouched (3.045ms)
  ✔ ignores a match that is not ranked 2v2 (2.3202ms)
✔ ranked 2v2 rating (17.437ms)
▶ ranked queue level-band schedule
  ✔ starts at +/-2, widens every 30 seconds, and hard-caps at +/-5 (0.9598ms)
  ✔ does not immediately fall back to an opponent outside the level band (0.306ms)
  ✔ allows a 3-level gap only after both players waited 30 seconds (0.1829ms)
  ✔ never crosses a combat progression breakpoint or exceeds five levels (0.2342ms)
  ✔ chooses the closest Elo among mutually eligible opponents (0.1904ms)
✔ ranked queue level-band schedule (3.2047ms)
▶ unified player-ranked terminal saga
  ✔ credits one council PvP win to the verified winner and recovers a lost acknowledgement without duplication (84.3008ms)
  ✔ draws and ineligible ranked matches cannot add council wins (19.3813ms)
  ✔ keeps a partial second-save failure discoverable and retry completes exactly once (20.7379ms)
  ✔ queue traffic recovers an exact terminal session CAS before gate terminalization (3.4209ms)
  ✔ storage uncertainty cannot seal V2 eligibility and the exact terminal remains retryable (3.2255ms)
  ✔ never honors an eligible terminal admission against unconfirmed participant evidence (2.4197ms)
  ✔ queue traffic resumes a legacy partial V2 item-confirmation journal (4.2261ms)
  ✔ a missing terminal session cannot release admission without exact durable Vanguard outcome proof (40.9721ms)
  ✔ recovers a second-save commit whose acknowledgement is lost (8.9919ms)
  ✔ a draw removes its admission immediately and both players can reserve a successor (4.9332ms)
  ✔ queue traffic repairs bound-then-crash after TTL expiry and admits a successor (11.791ms)
✔ unified player-ranked terminal saga (207.186ms)
[kv] isolated in-memory QA backend active
[pvp/claim-rewards] server credit failed Error: forced winner credit failure after claim reserve
    at Object.kv.compareSet (C:\Users\Tyler R\source\repos\NinjaK\.worktrees\authored-missions-live-20260918\api\pvp\_reward-completion-handler.test.ts:111:19)
    at writeVersionedPlayerSaveWithStore (C:\Users\Tyler R\source\repos\NinjaK\.worktrees\authored-missions-live-20260918\api\save\_mutate-player-save.ts:61:39)
    at async writeVersionedPlayerSave (C:\Users\Tyler R\source\repos\NinjaK\.worktrees\authored-missions-live-20260918\api\save\_mutate-player-save.ts:79:17)
    at async settleBaseForWinner (C:\Users\Tyler R\source\repos\NinjaK\.worktrees\authored-missions-live-20260918\api\pvp\claim-rewards.ts:737:21)
    at async <anonymous> (C:\Users\Tyler R\source\repos\NinjaK\.worktrees\authored-missions-live-20260918\api\pvp\claim-rewards.ts:847:27)
    at async withLockCore (C:\Users\Tyler R\source\repos\NinjaK\.worktrees\authored-missions-live-20260918\api\_lock.ts:123:16)
    at async handler (C:\Users\Tyler R\source\repos\NinjaK\.worktrees\authored-missions-live-20260918\api\pvp\claim-rewards.ts:790:29)
    at async TestContext.<anonymous> (C:\Users\Tyler R\source\repos\NinjaK\.worktrees\authored-missions-live-20260918\api\pvp\_reward-completion-handler.test.ts:132:9)
    at async Test.run (node:internal/test_runner/test:1208:7)
    at async startSubtestAfterBootstrap (node:internal/test_runner/harness:385:3)
[pvp/claim-rewards] consumable settlement pending Error: forced Kage terminal-evidence failure
    at Object.kv.compareSet (C:\Users\Tyler R\source\repos\NinjaK\.worktrees\authored-missions-live-20260918\api\pvp\_reward-completion-handler.test.ts:328:19)
    at recordPendingKageSettle (C:\Users\Tyler R\source\repos\NinjaK\.worktrees\authored-missions-live-20260918\api\village\_kage-settle.ts:294:22)
    at async replayCommittedPvpTerminalEffects (C:\Users\Tyler R\source\repos\NinjaK\.worktrees\authored-missions-live-20260918\api\pvp\_committed-terminal-effects.ts:162:13)
    at async handler (C:\Users\Tyler R\source\repos\NinjaK\.worktrees\authored-missions-live-20260918\api\pvp\claim-rewards.ts:391:43)
    at async TestContext.<anonymous> (C:\Users\Tyler R\source\repos\NinjaK\.worktrees\authored-missions-live-20260918\api\pvp\_reward-completion-handler.test.ts:334:9)
    at async Test.run (node:internal/test_runner/test:1208:7)
    at async Test.processPendingSubtests (node:internal/test_runner/test:831:7)
[pvp/claim-rewards] consumable settlement pending Error: forced Vanguard receipt outage
    at Object.kv.compareSet (C:\Users\Tyler R\source\repos\NinjaK\.worktrees\authored-missions-live-20260918\api\pvp\_reward-completion-handler.test.ts:502:19)
    at vanguardCompareSetConfirmed (C:\Users\Tyler R\source\repos\NinjaK\.worktrees\authored-missions-live-20260918\api\pvp\_vanguard-rewards.ts:556:25)
    at <anonymous> (C:\Users\Tyler R\source\repos\NinjaK\.worktrees\authored-missions-live-20260918\api\pvp\_vanguard-rewards.ts:991:27)
    at async withLockCore (C:\Users\Tyler R\source\repos\NinjaK\.worktrees\authored-missions-live-20260918\api\_lock.ts:123:16)
    at async replayCommittedPvpTerminalEffects (C:\Users\Tyler R\source\repos\NinjaK\.worktrees\authored-missions-live-20260918\api\pvp\_committed-terminal-effects.ts:212:9)
    at async handler (C:\Users\Tyler R\source\repos\NinjaK\.worktrees\authored-missions-live-20260918\api\pvp\claim-rewards.ts:391:43)
    at async TestContext.<anonymous> (C:\Users\Tyler R\source\repos\NinjaK\.worktrees\authored-missions-live-20260918\api\pvp\_reward-completion-handler.test.ts:508:9)
    at async Test.run (node:internal/test_runner/test:1208:7)
    at async Test.processPendingSubtests (node:internal/test_runner/test:831:7)
✔ completion ACK cannot pass the server-credit barrier and remains repairable after session expiry (5560.3843ms)
✔ a versioned terminal recovery remains first-claimable after the legacy two-hour window (2.7778ms)
✔ a legacy caller cannot create an invalid completed/server-pending receipt (5.9204ms)
✔ an official Kage duel cannot complete until its exact seat settlement is durable (21.0803ms)
✔ an official draw closes the accepted Kage challenge as a durable defense before ACK (2.6051ms)
✔ a transient Vanguard saga failure keeps completion pending and retry credits exactly once (15.7439ms)
▶ durable PvP browser-completion receipt
  ✔ repairs a lost claim response without any browser storage (2.774ms)
  ✔ recovers a completion CAS whose acknowledgement is lost (0.7661ms)
  ✔ treats pre-protocol receipts as completed and isolates outcome authority (0.6622ms)
  ✔ fails closed on malformed object receipts in status, reserve, credit, and ACK paths (2.1826ms)
  ✔ retains explicit old-v2 compatibility only when its completion fields are coherent (0.4627ms)
  ✔ keeps false-NX followed by a missing read retryable (0.3159ms)
  ✔ refuses a browser ACK until server credits are durably sealed (0.6651ms)
  ✔ keeps a legacy no-ACK claim valid while server credits are pending and recovers a lost mark ACK (0.359ms)
  ✔ binds a new receipt to the supplied immutable terminal deadline (0.2416ms)
  ✔ binds reserve, server-credit mark, and browser ACK to one session generation (0.6835ms)
  ✔ rejects exotic receipt prototypes (0.1547ms)
✔ durable PvP browser-completion receipt (10.9933ms)
▶ repeatWinDecayMultiplier
  ✔ pays the first two wins in full (1.0034ms)
  ✔ tapers after the second win (0.1632ms)
  ✔ floors at 0.1 for sustained farming (0.1575ms)
  ✔ never returns a value above 1 or below the floor (0.2853ms)
  ✔ clamps/floors non-integer and negative inputs defensively (0.1672ms)
  ✔ uses a one-hour farm window (0.1555ms)
✔ repeatWinDecayMultiplier (3.3931ms)
▶ PvP reward recovery snapshot
  ✔ seals one canonical session and reloads it after the live row is deleted (5.3583ms)
  ✔ accepts a canonical JSON replay but rejects a conflicting terminal row (1.2112ms)
  ✔ fails closed on a malformed server-owned snapshot (0.3001ms)
  ✔ requires the snapshot and both discovery pointers, then never resurrects a completed actor (3.0541ms)
  ✔ propagates a precommit publication outage and converges on retry (0.8632ms)
  ✔ migrates a canonical v1 snapshot and seals one absolute terminal deadline without extending it (0.7237ms)
✔ PvP reward recovery snapshot (13.2522ms)
▶ pvpSettlementId
  ✔ is deterministic, prefixed, and within the receipt-id charset/length (1.3807ms)
  ✔ strips any out-of-charset characters defensively (0.2384ms)
✔ pvpSettlementId (3.0966ms)
▶ atomic in-save PvP settlement
  ✔ fails closed when the durable ledger is malformed (1.1214ms)
  ✔ fails closed when a durable settlement id has a different fingerprint (0.293ms)
  ✔ fails closed on an over-cap durable ledger even when the requested receipt exists (32.0002ms)
  ✔ credits exactly once, no matter how many times the claim is retried (33.0282ms)
  ✔ the credit and the receipt persist together — a crash BEFORE the write loses neither (recovered on retry) (1.0829ms)
  ✔ a crash AFTER the atomic write leaves credit+receipt together, so the retry skips (28.6546ms)
  ✔ keeps post-save/pre-claim-marker recovery exact after 50+ unrelated receipt entries churn (1.7735ms)
  ✔ backfills a pre-cutover shared-ring replay before that ring can churn (1.222ms)
  ✔ bounds a fingerprint to what the shared legacy reader accepts, not just the durable ledger (0.3065ms)
  ✔ replays a legacy shared-ring receipt built from a fingerprint that needed bounding (19.758ms)
  ✔ two-sided rating: each fighter save tracks its own settlement independently (1.0946ms)
  ✔ different settlement kinds in the same save do not collide (1.5987ms)
✔ atomic in-save PvP settlement (123.0232ms)
✔ opponent combat snapshots omit council win history and ranked settlement receipts (2.0837ms)
▶ sanitizePvpItems
  ✔ returns [] for non-array input (4.0686ms)
  ✔ drops non-object entries (0.2603ms)
  ✔ passes a normal weapon through with values intact (4.3123ms)
  ✔ clamps weaponEp to [0, 60] (0.3765ms)
  ✔ clamps weaponRange to [0, 30] (0.1598ms)
  ✔ clamps apCost to [0, 200] (2.4025ms)
  ✔ clamps weaponEffectValue to [0, 100] (1.1004ms)
  ✔ filters weaponTags against the known tag whitelist (42.2371ms)
  ✔ caps weaponTags at 10 entries (1.9655ms)
  ✔ dedupes identical weaponTags within one weapon (12.0744ms)
  ✔ caps tag percent at 100 and amount at 10000 (0.3075ms)
  ✔ drops weaponEffect if not in the known tag set, keeps it otherwise (0.3319ms)
  ✔ drops weaponElement if not a real element (0.1384ms)
  ✔ drops weaponEffectTarget if not in {self, opponent, enemy, both} (0.154ms)
  ✔ drops non-string id/name/slot so the equippedPvpItem lookup stays type-safe (0.1388ms)
  ✔ fully neutralizes a tampered god-weapon (0.1864ms)
  ✔ leaves field absent (vs null/undefined) untouched (0.1085ms)
✔ sanitizePvpItems (92.0089ms)
▶ sanitizeJutsuList (smoke)
  ✔ clamps effectPower to [0, 60] (max legit EP is 50) (0.914ms)
  ✔ strips the internal weaponSwing scaling stamp from authored jutsu (0.2271ms)
  ✔ dedupes a duplicate amp tag within one cast (no double-stack) (0.4657ms)
  ✔ strips a second Pierce in the same loadout (0.2004ms)
  ✔ keeps only valid offensive 60 AP visual choices (0.2534ms)
✔ sanitizeJutsuList (smoke) (2.5179ms)
▶ sanitizeJutsuList — canonicalizes alias tag names before sealing
  ✔ rewrites every alias to its canonical name (0.3084ms)
✔ sanitizeJutsuList — canonicalizes alias tag names before sealing (0.3902ms)
▶ sanitizeJutsuList — strips post-damage tags that can never resolve
  ✔ drops Wound / Siphon from a zero-damage 40-AP utility jutsu (0.2157ms)
  ✔ keeps Wound / Siphon on a damaging jutsu (0.1629ms)
  ✔ keeps Wound on a Pierce jutsu even at zero effect power (0.3101ms)
  ✔ canonicalizes Vamp before the can-resolve check (alias of Siphon) (0.1263ms)
✔ sanitizeJutsuList — strips post-damage tags that can never resolve (1.0541ms)
▶ sanitizeJutsuList — clamps the legacy EP-100 fixed-effect sentinel
  ✔ clamps a 60-AP control jutsu (Stun) from EP 100 down to standard 40 (0.9165ms)
  ✔ clamps Copy / Mirror (forced 60-AP control) the same way (1.1817ms)
  ✔ leaves a normal damage jutsu untouched (no fixed-effect tag) (0.1669ms)
  ✔ does not raise a low EP — only clamps the sentinel down (0.1439ms)
✔ sanitizeJutsuList — clamps the legacy EP-100 fixed-effect sentinel (3.7152ms)
▶ sanitizeJutsuList — bloodline weatherElement affinity
  ✔ keeps a valid base weather element (0.2477ms)
  ✔ keeps 'None' so the flavor element gets no weather interaction (0.2781ms)
  ✔ drops a junk weatherElement (falls back to the cosmetic element) (3.481ms)
  ✔ leaves jutsu without a weatherElement untouched (0.3634ms)
✔ sanitizeJutsuList — bloodline weatherElement affinity (4.6645ms)
▶ sanitizePvpItems — canonicalizes weapon tags + effect
  ✔ rewrites weaponTags aliases and the weaponEffect to canonical names (0.4036ms)
✔ sanitizePvpItems — canonicalizes weapon tags + effect (0.5492ms)
▶ PvP items cannot carry Barrier
  ✔ strips a Barrier tag and a Barrier weaponEffect from a weapon (0.8465ms)
  ✔ also strips Barrier from non-weapon consumables (1.0956ms)
  ✔ leaves every other weapon tag alone (0.539ms)
✔ PvP items cannot carry Barrier (2.6917ms)
▶ sealedSessionBiome
  ✔ seals a wild sector to the ground the world map paints, whatever the body says (1.4543ms)
  ✔ refuses the two damage edges a claimed biome used to buy (0.3256ms)
  ✔ is unchanged for an honest client, which sends the sector biome anyway (0.6074ms)
  ✔ keeps ranked on neutral ground regardless of sector or claim (0.1792ms)
  ✔ keeps the client-chosen environment where there is no ground truth (0.2331ms)
  ✔ still normalises a junk claim rather than sealing it (0.1686ms)
  ✔ seals the festival sector to its REAL biome, not its theming (0.1674ms)
  ✔ never returns anything but a real biome (1.5598ms)
✔ sealedSessionBiome (6.43ms)
✔ Sennin God set grants its documented damage bonus, not duplicate reflect (1.0557ms)
[kv] isolated in-memory QA backend active
[pvp/session] pending-session activation failed Error: forced-pointer-activation-precommit
    at Object.kv.compareSet (C:\Users\Tyler R\source\repos\NinjaK\.worktrees\authored-missions-live-20260918\api\pvp\_session-consumable-authority-handler.test.ts:143:23)
    at activatePvpPendingSessionPointer (C:\Users\Tyler R\source\repos\NinjaK\.worktrees\authored-missions-live-20260918\api\pvp\_pending-session.ts:345:29)
    at async handler (C:\Users\Tyler R\source\repos\NinjaK\.worktrees\authored-missions-live-20260918\api\pvp\session.ts:3104:21)
    at async TestContext.<anonymous> (C:\Users\Tyler R\source\repos\NinjaK\.worktrees\authored-missions-live-20260918\api\pvp\_session-consumable-authority-handler.test.ts:150:9)
    at async Test.run (node:internal/test_runner/test:1208:7)
    at async Test.processPendingSubtests (node:internal/test_runner/test:831:7)
[pvp/session] pending-session activation failed Error: pvp-pending-session-publication-ownership-lost
    at requirePvpPendingSessionOwnership (C:\Users\Tyler R\source\repos\NinjaK\.worktrees\authored-missions-live-20260918\api\pvp\_pending-session.ts:305:15)
    at async handler (C:\Users\Tyler R\source\repos\NinjaK\.worktrees\authored-missions-live-20260918\api\pvp\session.ts:3102:25)
    at async TestContext.<anonymous> (C:\Users\Tyler R\source\repos\NinjaK\.worktrees\authored-missions-live-20260918\api\pvp\_session-consumable-authority-handler.test.ts:206:9)
    at async Test.run (node:internal/test_runner/test:1208:7)
    at async Test.processPendingSubtests (node:internal/test_runner/test:831:7)
✔ new real-player casual sessions stamp v1 and expose zero consumable charges (8339.4316ms)
✔ a stable create capability resumes one session and never indexes the unsolicited opponent (6.9548ms)
✔ pointer activation failure rolls back to a same-capability replaceable tombstone (22.7138ms)
✔ a creator paused past its pointer lease cannot leave an orphan after a successor wins (15.2933ms)
▶ exact PvP session mutation authority
  ✔ recovers a fulfilled-false commit and keeps a ranked terminal durable (7.1067ms)
  ✔ recovers a fulfilled-null commit and keeps a ranked terminal durable (0.781ms)
  ✔ recovers a thrown postcommit acknowledgement and proves the ordinary TTL (0.6692ms)
  ✔ recovers a JSON-canonical false acknowledgement when undefined fields disappear (2.2562ms)
  ✔ rejects an expired-lease stale writer after its successor commits (0.9021ms)
  ✔ requires an acknowledged exact CAS before compacting a durable terminal (4.6902ms)
  ✔ keeps a legacy d76a player-ranked terminal on the ordinary bounded TTL (0.9174ms)
  ✔ terminal-CAS-before-close-fence wins the exact session boundary (2.1383ms)
  ✔ close-fence-before-terminal makes the paused move CAS lose without overwriting (4.0167ms)
  ✔ tombstones a missing prepublication session so a paused creator cannot publish (0.4513ms)
✔ exact PvP session mutation authority (36.4301ms)
[kv] isolated in-memory QA backend active
[pvp/session] pending-session activation failed Error: forced-pointer-activation-precommit
    at Object.kv.compareSet (C:\Users\Tyler R\source\repos\NinjaK\.worktrees\authored-missions-live-20260918\api\pvp\_session-publication-tombstone.test.ts:161:23)
    at activatePvpPendingSessionPointer (C:\Users\Tyler R\source\repos\NinjaK\.worktrees\authored-missions-live-20260918\api\pvp\_pending-session.ts:345:29)
    at async handler (C:\Users\Tyler R\source\repos\NinjaK\.worktrees\authored-missions-live-20260918\api\pvp\session.ts:3104:21)
    at async TestContext.<anonymous> (C:\Users\Tyler R\source\repos\NinjaK\.worktrees\authored-missions-live-20260918\api\pvp\_session-publication-tombstone.test.ts:168:9)
    at async Test.run (node:internal/test_runner/test:1208:7)
    at async Test.processPendingSubtests (node:internal/test_runner/test:831:7)
✔ a capability needs a well-formed battle id, creator, distinct fighters and digest (1.3162ms)
✔ the tombstone round-trips and rejects near-misses (1.1475ms)
✔ only the identical create capability may replace a publication fence (0.3594ms)
✔ a fenced battle id rejects a second creator and still readmits the first (4949.7799ms)
▶ PvP server projection revision
  ✔ upgrades a legacy row and advances each current server revision once (1.4917ms)
  ✔ fails closed instead of wrapping or repairing malformed authority (2.9351ms)
  ✔ classifies only an internally bound ranked close fence as terminal control (1.4279ms)
✔ PvP server projection revision (8.3492ms)
✔ PvP spawns are exact 180-degree mirrors with identical board reach (2.2249ms)
▶ PvP tag contract — aliases
  ✔ every alias resolves to a canonical tag (0.9864ms)
  ✔ pins the five documented aliases (0.1684ms)
  ✔ canonical names are not themselves aliases (idempotent) (0.228ms)
  ✔ tagNameMatches is alias-aware in both directions (0.1946ms)
✔ PvP tag contract — aliases (2.6752ms)
▶ PvP tag contract — set membership
  ✔ KNOWN_TAG_NAMES is exactly canonical ∪ aliases (1.212ms)
  ✔ canonical names are unique (54.7319ms)
  ✔ STACKABLE_STATUS only contains canonical names (0.3367ms)
  ✔ CAPPED_AMP_TAGS only contains canonical names (0.1641ms)
  ✔ GROUND_EFFECT_TAGS only contains canonical names (0.1237ms)
  ✔ COPY_EXCLUDED_BUFFS only contains canonical names (0.131ms)
  ✔ OPPONENT_AFFECTING_TAGS only contains canonical names (0.1559ms)
  ✔ REQUIRES_DAMAGE_TAGS only contains canonical names (0.0689ms)
  ✔ FIXED_EFFECT_POWER_TAGS only contains canonical names (0.0804ms)
  ✔ REQUIRES_DAMAGE_TAGS are Wound + Siphon (post-damage resolvers) (0.1349ms)
  ✔ Copy excludes exactly Absorb and Lifesteal (0.0844ms)
✔ PvP tag contract — set membership (57.8353ms)
▶ PvP tag contract — fixed-effect power
  ✔ FIXED_EFFECT_STANDARD_EP is the standard 60-AP damage (40) (0.1637ms)
  ✔ jutsuHasFixedEffectPower is true for a control tag, false for a pure-damage one (0.1786ms)
  ✔ jutsuHasFixedEffectPower is alias-aware (Seal → Bloodline Seal) (0.0948ms)
✔ PvP tag contract — fixed-effect power (0.5843ms)
▶ PvP tag contract — catalog coverage
  ✔ every tag on every built-in catalog jutsu is a known tag name (0.3339ms)
  ✔ catalog tags are already canonical (no aliases shipped in content) (0.2361ms)
✔ PvP tag contract — catalog coverage (0.68ms)
[pvp/terminal] village-war continuation deferred to claim 503 still finalizing
[pvp/terminal] village-war continuation deferred to claim Error: storage-down
    at TestContext.<anonymous> (C:\Users\Tyler R\source\repos\NinjaK\.worktrees\authored-missions-live-20260918\api\pvp\_terminal-world-raid.test.ts:133:39)
    at Test.runInAsyncScope (node:async_hooks:227:14)
    at Test.run (node:internal/test_runner/test:1201:25)
    at Suite.processPendingSubtests (node:internal/test_runner/test:831:18)
    at Test.postRun (node:internal/test_runner/test:1330:19)
    at Test.run (node:internal/test_runner/test:1258:12)
    at async Suite.processPendingSubtests (node:internal/test_runner/test:831:7)
[pvp/terminal] world raid progression deferred to claim Error: raid-progression-save-missing
    at TestContext.<anonymous> (C:\Users\Tyler R\source\repos\NinjaK\.worktrees\authored-missions-live-20260918\api\pvp\_terminal-world-raid.test.ts:139:47)
    at Test.runInAsyncScope (node:async_hooks:227:14)
    at Test.run (node:internal/test_runner/test:1201:25)
    at Suite.processPendingSubtests (node:internal/test_runner/test:831:18)
    at Test.postRun (node:internal/test_runner/test:1330:19)
    at Test.run (node:internal/test_runner/test:1258:12)
    at async Suite.processPendingSubtests (node:internal/test_runner/test:831:7)
▶ settleTerminalWorldRaid
  ✔ settles the raid, then hands its territory proof to the war row (2.8254ms)
  ✔ proves the raid is settled from the SESSION alone — the reason it can run browserless (0.2599ms)
  ✔ settles nothing for a draw (0.2ms)
  ✔ never throws when the war row refuses (0.8185ms)
  ✔ never throws when the war settler itself blows up (21.9762ms)
  ✔ never throws when raid settlement fails, and defers the war row with it (0.8138ms)
  ✔ defers rather than offering the war row a sealed raid it cannot verify (0.3368ms)
  ✔ defers when the sealed reward sector is out of range (0.256ms)
  ✔ settles a non-world war battle with no raid proof at all (0.4182ms)
  ✔ skips a battle with no progression authority (0.2946ms)
  ✔ skips admin and pet-ranked battles (0.3136ms)
  ✔ settles nothing when the terminal stamp is malformed (0.2052ms)
✔ settleTerminalWorldRaid (32.6317ms)
✔ the shared turn clock is the single 45s constant both halves read (7393.3863ms)
✔ the browser countdown always expires strictly before the server deadline (0.7285ms)
✔ a fresh turn is not lapsed; one older than turn + grace is (0.8164ms)
✔ turn lapses -> the server auto-waits the idle player on the next poll by anyone (15.0548ms)
✔ a lapsed player who DID act this turn has the streak reset, not bumped (1.412ms)
✔ the opponent's own move on a lapsed turn advances the clock first, then applies (26.7188ms)
✔ the lapsed player's late action (even a legacy auto:true wait) cannot bypass the deadline (12.0182ms)
✔ repeated lapses -> the AFK claim becomes available naturally (14.0101ms)
✔ real actions refresh the silence deadline across a multi-action turn (4.886ms)
✔ client auto:true cannot manufacture an AFK skip before the sealed deadline (1.7585ms)
✔ the server counts an idle wait after the client deadline without trusting auto (0.8184ms)
✔ claim-afk-win is never blocked by the deadline flipping the turn to the claimant (0.9828ms)
✔ claiming on your own turn is still refused while the opponent is short of 2 skips (0.6123ms)
✔ an early AFK claim is still rejected exactly as before (1.3163ms)
✔ AFK fallback measures the active turn, not stale global combat activity (0.5222ms)
✔ AFK fallback resolves a stale active turn even when global lastMoveAt is newer (0.8019ms)
✔ a pre-deploy row without turnStartedAt is stamped, never lapsed, on first contact (0.5926ms)
✔ the deadline does not run before both fighters have joined; join starts the clock (0.8058ms)
✔ an auto-wait that ENDS the match replays the terminal effects, exactly once (122.9529ms)
✔ a contended lock leaves the snapshot untouched (another writer is applying it) (2.6596ms)
▶ levelGapMult
  ✔ full reward within 10 levels (either direction) (4.303ms)
  ✔ 50% reward 10-20 levels below attacker (0.2405ms)
  ✔ 0 reward >20 levels below attacker (0.1764ms)
  ✔ no penalty for fighting higher-level players (0.2528ms)
✔ levelGapMult (6.8041ms)
▶ vanguardXpForLevel
  ✔ returns 100 XP for level 1-30 opponents (0.2256ms)
  ✔ adds +10 XP per level above 30 (0.158ms)
✔ vanguardXpForLevel (0.5701ms)
▶ vanguardSealsForRank
  ✔ matches the rank table (1,1,2,2,3,3,4,4,5,5) (0.27ms)
  ✔ rank 0 returns 0 (unranked) (0.1277ms)
  ✔ clamps above rank 10 (0.1292ms)
✔ vanguardSealsForRank (0.7729ms)
▶ rankFromXp (baseline curve)
  ✔ Rank 1 at 0 XP (0.4896ms)
  ✔ Rank 2 at 100 XP (first threshold) (0.1094ms)
  ✔ Rank 10 at 32,850 XP (max threshold) (0.1068ms)
  ✔ caps at Rank 10 above max threshold (0.0835ms)
✔ rankFromXp (baseline curve) (0.9494ms)
▶ pvpSessionCarriesVitals
  ✔ settles a continuous engagement and leaves a fresh-start contest alone (1.2046ms)
  ✔ falls back to world authority for rows sealed before the flag existed (0.2216ms)
  ✔ honours an explicit false even on a world row (0.1723ms)
✔ pvpSessionCarriesVitals (2.8476ms)
▶ pvpFighterIsHospitalized
  ✔ admits a knocked-out fighter (0.4145ms)
  ✔ admits the loser of a forfeit even at full HP (5.7031ms)
  ✔ sends a fighter who FLED back to the sector, not the hospital (0.2866ms)
  ✔ still admits a fighter who fled at zero HP (0.1752ms)
  ✔ leaves the winner standing unless they also hit zero (0.2189ms)
  ✔ admits nobody on a draw fought to a standstill (0.2521ms)
✔ pvpFighterIsHospitalized (7.55ms)
▶ applyPvpVitalsToCharacter
  ✔ carries the survivor out at the vitals the fight left them (0.7309ms)
  ✔ admits a loser with the same 60s stay every other defeat path uses (0.1664ms)
  ✔ clamps to the SAVE maxima, never the stale session ones (0.1583ms)
  ✔ leaves a fighter clinging on at exactly 1 HP on their feet (0.1723ms)
  ✔ reads a sub-1 HP fraction as the knockout it is (0.204ms)
  ✔ preserves every unrelated character field (14.2265ms)
✔ applyPvpVitalsToCharacter (15.9573ms)
▶ settlePvpTerminalVitals
  ✔ writes both fighters and bumps each save version (4.5469ms)
  ✔ does nothing for a spar, which reset both fighters on entry (0.2828ms)
  ✔ does nothing while the battle is still live (0.2032ms)
  ✔ is a no-op on replay AFTER the player has healed (0.4725ms)
  ✔ records a receipt per fighter, keyed to the battle (0.5311ms)
  ✔ releases its receipt when the save write fails, so a retry can still settle (1.386ms)
  ✔ writes the consequence and its proof in ONE save write — a crash after it cannot re-apply (0.8249ms)
  ✔ a failed save write leaves no receipt ANYWHERE, so the retry applies for real (0.5218ms)
  ✔ skips a fighter with no save row, such as an NPC guard (0.4511ms)
  ✔ takes the two save locks one at a time, never held together (6.4804ms)
✔ settlePvpTerminalVitals (16.1011ms)
▶ creditPvpWarGroundReward
  ✔ publishes reward fields and the battle receipt in one replay-stable character (2.8498ms)
  ✔ increments separate battles but pays the daily bounty only once (0.6702ms)
  ✔ stamps a delayed prior-day battle without regressing or double-paying newer daily state (0.2942ms)
✔ creditPvpWarGroundReward (5.1145ms)
▶ pvpWarGroundRewardEligible
  ✔ requires the exact villages, war-ground sector, and active battle timestamp (0.7502ms)
  ✔ rejects a fight started during the war but finished after another blow ended it (0.1413ms)
  ✔ rejects fractional timestamps and battles outside the bounded 14-day lifetime (0.2005ms)
✔ pvpWarGroundRewardEligible (1.3532ms)
▶ PvP weapon damage
  ✔ a 40-AP weapon (isUtility:false) deals weaponEp-scaled damage (5.5456ms)
  ✔ a genuine 40-AP utility jutsu still deals ZERO base damage (rule intact) (1.2376ms)
  ✔ the basic attack (id basic-attack, ap 40) still deals damage (0.2909ms)
  ✔ a weapon carrying an Increase Generals tag applies the self-buff (named-weapon roll path) (1.1868ms)
✔ PvP weapon damage (9.5531ms)
▶ weapon damage survives Heal/Shield tags
  ✔ a weapon carrying a Heal tag still deals its weaponEp damage (0.7499ms)
  ✔ a weapon carrying a Shield tag still deals its weaponEp damage (0.4223ms)
  ✔ the Heal tag still heals the wielder on top of the damage (0.4194ms)
  ✔ the Shield tag still shields the wielder on top of the damage (0.6557ms)
  ✔ a 40-AP utility jutsu with Heal still deals ZERO damage (the split holds) (0.5277ms)
  ✔ a 60-AP DAMAGE jutsu with Heal keeps its full damage AND heals (1.7893ms)
  ✔ Barrier still zeroes the cast — it is board control, not a payload (0.8887ms)
  ✔ EVERY built-in hand/thrown weapon deals non-zero damage (10.7792ms)
✔ weapon damage survives Heal/Shield tags (16.871ms)
▶ weapon tag percents ignore jutsu mastery
  ✔ a weapon applies its authored percent; an untrained jutsu still pays the ramp (0.4017ms)
  ✔ a weapon amp tag reaches the authored mythic 35% (0.253ms)
  ✔ a weapon amp tag is still capped — a 40% forge roll lands at 35% (0.2789ms)
  ✔ the weapon ceiling does NOT leak into jutsu — bloodline ranks are untouched (0.5415ms)
  ✔ Wound and Siphon post-damage riders use the authored weapon value at max mastery, under weapon caps (0.2832ms)
  ✔ the FLAT Heal magnitude still scales with real mastery (a swing is not a full heal jutsu) (0.5279ms)
✔ weapon tag percents ignore jutsu mastery (2.6329ms)
▶ weapon → bloodline multiplier gate (suppressBloodline)
  ✔ a weapon swing WITHOUT suppressBloodline rides the bloodline mult; WITH it does not (0.3069ms)
✔ weapon → bloodline multiplier gate (suppressBloodline) (0.3963ms)
▶ characterOwnsElement (weapon element ownership)
  ✔ matches an awakened element case-insensitively, from elements[] or element (0.2965ms)
  ✔ an empty / missing / "None" weapon element never qualifies (no-element weapon → no boost) (0.1328ms)
  ✔ a character with no elements owns nothing (0.1226ms)
✔ characterOwnsElement (weapon element ownership) (0.7416ms)
[kv] isolated in-memory QA backend active
✔ a world-PvP win settles in a sector that has no territory row (6392.5379ms)
✔ the loser's claim settles too — both fighters were trapped, not just the winner (7.0697ms)
✔ a retry of the same claim replays instead of double-settling (144.0265ms)
[kv] isolated in-memory QA backend active
✔ placing a bounty posts Bounty Posted exactly once per board stamp (12597.0939ms)
✔ collecting a bounty heralds Bounty Collected exactly once per battle (29.3799ms)
✔ a no-bounty win settles successfully even when both players share a connection (92.2839ms)
✔ a shared-connection bounty is preserved but does not fail battle completion (6.5291ms)
[kv] isolated in-memory QA backend active
▶ live ranked pet matchmaking
  ✔ drops stale, duplicate, and future-dated waiting entries (3.8601ms)
  ✔ requires BOTH sides to accept the rating gap (0.5103ms)
  ✔ pairs the longest-waiting eligible opponent, never itself (0.5032ms)
  ✔ never resolves, seeds, or rates a fight — it only pairs (29.3482ms)
✔ live ranked pet matchmaking (3123.6999ms)
✔ a bad battle id is refused before the connection is ever upgraded to SSE (8892.3727ms)
✔ the stream pushes the session immediately on connect (116.2051ms)
✔ THE SSE TICK ENFORCES THE TURN DEADLINE: a lapsed turn is auto-waited with nobody else polling (564.9877ms)
✔ a fresh turn is never advanced by the tick, and the stream stays quiet (726.2485ms)
✔ a lock held by another writer leaves the tick a no-op instead of racing it (628.5085ms)
✔ the stream winds itself down once the fight is over (136.7855ms)
✔ a session that vanishes mid-stream ends the connection instead of hanging (139.2519ms)
▶ abandonSoloPveSession — the authorized terminal transition
  ✔ mints one deterministic move token per (session, version) (17.2408ms)
  ✔ transitions an active session to a sealed loss in the owning store, version-fenced (17.3821ms)
  ✔ is a no-op on a session that is already terminal (0.4204ms)
  ✔ refuses another player and reports a lost compare-write as retryable (1.0756ms)
  ✔ seals the same evidence shape the action service seals on a done edge (1.7473ms)
✔ abandonSoloPveSession — the authorized terminal transition (59.6839ms)
▶ solo-PvE published content compatibility
  ✔ supports every published and legacy jutsu without an unsupported branch (11.5964ms)
  ✔ supports every published item combat field (2.3089ms)
  ✔ resolves every catalog AI loadout to compatible server-sealed jutsu (31.7473ms)
  ✔ covers the complete authoring vocabulary, including the historical line alias (1.0151ms)
✔ solo-PvE published content compatibility (51.9165ms)
✔ migrated mission and story endpoints have no Tower or client-trust authority path (5.324ms)
✔ all built-in mission ranks and both story lanes use the solo-PvE arena adapter (5.7108ms)
✔ shared PvE outcome reporting can read solo sessions before legacy Tower sessions (1.0549ms)
▶ solo-pve lapse — gameplay expiry is a terminal event, not a storage disappearance
  ✔ the row outlives its gameplay expiry by the retention window; terminal rows keep the receipt window (5.4688ms)
  ✔ terminalizes a lapsed session as abandoned AS OF its expiry, from the HP it lapsed with (7.8701ms)
  ✔ is a no-op on a live session, a terminal one, or a missing one (1.6276ms)
  ✔ a lapsed fight inside a Hollow Gate dive is voided — the row deleted, nothing transitioned or charged (0.6161ms)
  ✔ an explicit abandon of a session that already lapsed is the same transition, stamped at the lapse (0.9293ms)
  ✔ creation publishes the owner's battle projection; a terminal write retires it only if it still names the session (2.1693ms)
✔ solo-pve lapse — gameplay expiry is a terminal event, not a storage disappearance (20.2039ms)
▶ solo-PvE session and store boundaries
  ✔ mints an explicit runtime with independent state and version metadata (2.8567ms)
  ✔ uses a solo-only keyspace and rejects non-solo records (2.5636ms)
[pvp-loadout] unlearned equipped jutsu id(s) dropped Alice authored-player-hit
[pvp-loadout] unlearned equipped jutsu id(s) dropped Alice authored-player-hit
  ✔ does not couple the foundation to Tower modules (41.2046ms)
✔ solo-PvE session and store boundaries (48.0379ms)
▶ generic AI solo-PvE encounter seal
  ✔ hydrates the exact canonical player fighter and seals the enemy without Tower fields (6.9787ms)
  ✔ carries authored Overload through the solo-PvE seal, cast, statuses, and log as two pulses (8.7482ms)
  ✔ ignores a forged host loadout byte-for-byte (1.1673ms)
✔ generic AI solo-PvE encounter seal (17.1843ms)
▶ Weekly Boss score-attack rules on the solo runtime
  ✔ seals the guard-down damage window into the server engine (1.9306ms)
  ✔ caps boss damage to 8% per hit and 15% per enemy turn (1.0213ms)
  ✔ wins by surviving the sealed 20-round budget (0.7493ms)
✔ Weekly Boss score-attack rules on the solo runtime (3.9977ms)
▶ solo-PvE engine
  ✔ resolves only a server-sealed jutsu through the shared resolver (1.721ms)
  ✔ validates movement against the sealed board and occupied tile (0.9738ms)
  ✔ runs the enemy turn on the server and returns control to the player (3.0996ms)
  ✔ keeps a failed flee visible and terminalizes only a successful escape (1.1983ms)
  ✔ abandons deterministically without calling the probabilistic flee rule (0.7925ms)
  ✔ enforces the sealed per-turn PvE damage guard (1.1705ms)
  ✔ spends a sealed consumable charge exactly once (1.9758ms)
  ✔ resolves movement rings, ground zones, barriers, and displacement through canonical rules (3.4864ms)
  ✔ SINGLE movement strips Pierce and post-damage tags while retaining utility tags (0.9243ms)
  ✔ Clear and Cleanse remove active effects without erasing deferred statuses (0.9744ms)
  ✔ consuming an active Stun preserves a deferred refresh for the next round (0.6278ms)
  ✔ persists bounded exact action events and returns rejection evidence without mutation (11.2443ms)
  ✔ applies both-target consumables to the opponent and the user (1.4807ms)
  ✔ a named weapon whose rolled tag is Heal still damages the enemy (3.2598ms)
  ✔ a named weapon whose rolled tag is Shield still damages the enemy (0.7154ms)
  ✔ automatically advances a player turn when the accepted action leaves no legal move (1.1432ms)
  ✔ does not auto-end while a cheaper charged action remains usable (0.7683ms)
  ✔ uses status-adjusted AP costs when deciding whether the turn is dead (1.088ms)
  ✔ does not end the turn early when the Lagged cost is still affordable (0.3742ms)
  ✔ uses deterministic band-aware clear, cleanse, and healing decisions (3.4119ms)
  ✔ executes sealed authored rules before the generic jutsu scorer (3.1068ms)
  ✔ skips an impossible authored action and reaches a legal fallback (0.8204ms)
  ✔ keeps authored counterplay behind the sealed difficulty competence gate (17.2627ms)
  ✔ evaluates sealed resource and recent-player-action rules deterministically (1.6115ms)
  ✔ summons a sealed independent companion and runs its deterministic phase before the enemy (5.5424ms)
✔ solo-PvE engine (71.2794ms)
▶ solo-PvE action service
  ✔ commits one versioned move under a fail-closed lock (1.3514ms)
  ✔ returns a duplicate retry without replaying or writing (0.377ms)
  ✔ serializes concurrent same-version actions so exactly one commits (0.7825ms)
  ✔ ignores forged fighter and outcome fields attached to an action object (0.7597ms)
  ✔ rejects stale versions, wrong owners, and expired sessions without mutation (1527.9105ms)
  ✔ stores terminal outcome and inventory evidence for reconnect and retry (19.901ms)
✔ solo-PvE action service (1551.9672ms)
▶ solo-pve lifecycle telemetry
  ✔ records a transition once per session no matter how often it is retried (2.3972ms)
  ✔ gates each lifecycle event separately, and each session separately (0.3647ms)
  ✔ emits no player identifier, and nothing identifying survives aggregation (1.5257ms)
  ✔ buckets the source and never carries the free-form encounter id (0.4269ms)
  ✔ refuses hostile encounter kinds and outcomes rather than passing them through (0.1913ms)
  ✔ is best-effort: a telemetry outage is swallowed, never surfaced into combat (0.3524ms)
  ✔ ignores a session with no id instead of writing a garbage gate key (0.195ms)
✔ solo-pve lifecycle telemetry (6.9252ms)
▶ solo-pve lifecycle telemetry is wired to real transitions
  ✔ session creation is emitted from the single store write path (4.6949ms)
  ✔ completion is emitted on the active -> done edge, after the write (27.8359ms)
  ✔ settlement and unresolved are emitted from the outcome settler (54.8858ms)
  ✔ the report alert that had no emitter now has one (241.5513ms)
✔ solo-pve lifecycle telemetry is wired to real transitions (329.5843ms)
ℹ tests 1128
ℹ suites 190
ℹ pass 1128
ℹ fail 0
ℹ cancelled 0
ℹ skipped 0
ℹ todo 0
ℹ duration_ms 417281.7796
