▶ admin AI catalog
  ✔ matches the client later-source-wins merge and canonical precedence (16.9588ms)
  ✔ rejects malformed ids and non-object entries (1.2367ms)
✔ admin AI catalog (20.4779ms)
▶ buildAdminJutsuCatalog
  ✔ keys authored jutsu from both admin slots by id (14.9239ms)
  ✔ preserves authored balance values verbatim (0.3503ms)
  ✔ lets the later slot win an id collision when neither carries updatedAt (0.2109ms)
  ✔ keeps the more recently edited entry when an earlier slot is newer (0.2544ms)
  ✔ still takes the later slot when it is the newer edit (0.1948ms)
  ✔ treats an equal or unparseable stamp as a tie and lets the later slot win (0.2752ms)
  ✔ skips malformed entries and missing/absent records (4.1005ms)
✔ buildAdminJutsuCatalog (42.9063ms)
▶ resolveAiProfileJutsu
  ✔ resolves built-in ids to the server catalog jutsu, in order (4.1485ms)
  ✔ carries the combat fields the tower engine reads (0.4856ms)
  ✔ keeps the tag list — the engine reads tags for every status effect (0.2708ms)
  ✔ drops unknown ids instead of fabricating a jutsu (0.2335ms)
  ✔ resolves admin-authored ids the built-in catalog does not carry (0.2542ms)
  ✔ lets the BUILT-IN catalog win an id collision, like resolveEquippedLoadout (0.2865ms)
  ✔ sanitizes authored values — no instant-kill AI jutsu (0.2549ms)
  ✔ dedupes ids and caps the loadout size (0.4369ms)
  ✔ returns [] for junk input so the Solo-PvE builder falls back to a signature (15.2302ms)
  ✔ resolves a real built-in AI to its full authored kit (0.6213ms)
✔ resolveAiProfileJutsu (24.0566ms)
▶ first fights: the authored kits resolve and validate
  ✔ every kit jutsu is a real starter-catalog technique and every program validates (4.2478ms)
  ✔ kit enemies can afford their moves (the generic pool could not) (9.1655ms)
✔ first fights: the authored kits resolve and validate (14.9383ms)
▶ fight 1: the Academy spar dummy
  ✔ survives one cheap action and falls to the second, and still dies to one heavy cast (24.7593ms)
  ✔ is won by the onboarding walk-and-punch loop before the dummy ever swings (46.7824ms)
✔ fight 1: the Academy spar dummy (72.0559ms)
▶ fight 2: the E-Rank Drill partner holds the yard at range
  ✔ closes to four tiles, hexes the player, and stops — no melee unless approached (137.5773ms)
  ✔ is won by a naive rookie in about three rounds and by the express fixture on basic attacks (167.6668ms)
✔ fight 2: the E-Rank Drill partner holds the yard at range (305.7002ms)
▶ fight 3: the chapter-1 guardian braces, then closes to casting range
  ✔ opens with a shield and Absorb on its very first turn, before it walks (280.4299ms)
  ✔ a heavy cast into the fresh shield is mostly wasted; chip-then-commit is the efficient line (3.3017ms)
  ✔ is won by a naive level-4 rookie in a few rounds (24.0818ms)
✔ fight 3: the chapter-1 guardian braces, then closes to casting range (308.1902ms)
▶ fight 4: the Mist Sentinel nets the player
  ✔ poisons the player with its opener, and Cleanse clears it (17.0556ms)
  ✔ is won by a naive level-5 rookie and cannot kill a passive one from full HP (223.5696ms)
✔ fight 4: the Mist Sentinel nets the player (240.8822ms)
▶ every bloodline gets the same lessons
  ✔ an Iron Fang rookie also beats the Drill and the guardian naively (88.6054ms)
  ✔ the enemy turn runner honours the hold: no wandering into melee on its own (1.8931ms)
✔ every bloodline gets the same lessons (90.7008ms)
✔ difficulty bands use inclusive bracket boundaries (1.3902ms)
✔ stat multiplier weakens sub-peer bands and ramps peer to the full-budget mirror (0.3568ms)
✔ HP multiplier makes sub-peer foes less tanky and ramps peer to full HP (0.2068ms)
✔ AI mastery scales with enemy level and caps at the mastery ceiling (0.2795ms)
✔ enemy hit cap clamps early-band damage to a fraction of player HP (0.2471ms)
✔ hit cap survives junk HP and never returns a sub-1 ceiling (0.1362ms)
✔ easy-band AI cannot one-shot a full-health player at any low level (32.5112ms)
✔ easy-band mercy: a player above 50% HP cannot die in one enemy turn (0.3092ms)
✔ levels <=10: enemy cannot kill a player who started the turn above 25% HP (10.4997ms)
✔ easy-band per-turn cap bounds cumulative damage (~30% of max HP) (0.3105ms)
✔ hard-band per-turn cap bounds a chained turn (~70% of max HP) (1.1887ms)
✔ early peer keeps a widening guard and max-level peer passes raw damage unchanged (0.2577ms)
✔ burst jutsu = AP >= 60 (79.6131ms)
✔ easy band holds burst for the opening rounds, then releases it (0.3198ms)
✔ easy band only goes for the kill when the player is already low (0.1872ms)
✔ rank caps, stat caps, and mastery ramp preserve pinned combat values (3.4936ms)
✔ offense, defense, terrain, weather, home terrain, bloodline, and item multipliers stay pure (0.606ms)
✔ DR, amp, armor, guard, and DoT mitigation helpers preserve the soft caps (0.5461ms)
✔ tag scaling, Pierce, Wound, Heal, Shield, Drain, and post-damage caps are pinned (0.724ms)
✔ aggregate direct-damage formulas preserve current PvP numbers (0.5512ms)
✔ aggregate post-damage formulas preserve current caps and ordering math (0.3759ms)
✔ Generals and Discipline status bonuses stay pooled and Seal-gated (0.6538ms)
✔ combat-core constants pin the PvP grid and turn envelope (1.3691ms)
✔ hex helpers preserve the arena odd-column geometry (1.4032ms)
✔ combat status timing stays deferred until activeRound (0.2305ms)
✔ a deferred non-stack refresh preserves the active copy, then replaces it without overlap (0.6553ms)
✔ status helpers preserve add/replace/stack/tick semantics (0.7081ms)
✔ status cap keeps the strongest recent stacks (0.3611ms)
✔ a deferred Wound cap preserves current stacks and enforces two at activation (1.4559ms)
✔ cooldown and AP helpers preserve PvP turn math (0.4579ms)
✔ mastery fraction helper preserves the pinned ramp shape (0.3242ms)
✔ resolveJutsu owns phase order while phase callbacks own formulas (0.9899ms)
▶ server combat-AI authoring contract
  ✔ seals a deterministic compact program and drops editor-only ids (2.3747ms)
  ✔ rejects unknown vocabulary, bad references, non-finite values, and missing fallbacks (0.3821ms)
  ✔ bounds program size and condition values (0.4116ms)
  ✔ allows an omitted program and image-only built-in overrides (0.3391ms)
  ✔ validates resource, status, cooldown, recent-action, target, and Tower extension fields (0.3064ms)
  ✔ rejects missing condition operands and impossible action targets (0.2743ms)
  ✔ reports publish issues at the creator profile path (0.2718ms)
  ✔ proves every published loadout reference exists in server content (0.2476ms)
✔ server combat-AI authoring contract (6.083ms)
▶ cast flavor — %user / %target resolution
  ✔ resolves %target to the OPPONENT for an outward cast (0.9637ms)
  ✔ resolves %target to the CASTER for a SELF cast (0.1714ms)
  ✔ resolves %user to the caster regardless of target (0.2067ms)
  ✔ keeps a ground cast pointed outward (0.1612ms)
  ✔ returns empty for missing, blank or non-string flavor (0.154ms)
  ✔ substitutes every occurrence, not just the first (0.1467ms)
✔ cast flavor — %user / %target resolution (2.9931ms)
▶ cast header line
  ✔ appends resolved flavor after the header (0.2696ms)
  ✔ collapses to a bare header when there is no authored flavor (0.161ms)
  ✔ falls back to a generic noun when the jutsu has no name (0.1512ms)
✔ cast header line (0.83ms)
▶ N-target cast reducer scopes
  ✔ commits cast mutations once and resolves reactive mutations once per target (31.98ms)
  ✔ produces byte-identical state, hit records, and event order for all roster/footprint permutations (22.5202ms)
  ✔ resolves a committed cast atomically by default, with an explicit stop-on-caster-defeat policy (2.3679ms)
  ✔ runs begin/complete exactly once for a legal zero-hit tile cast (0.5211ms)
✔ N-target cast reducer scopes (58.7406ms)
▶ authoritative combat event projection
  ✔ projects exact resource, shield, damage, movement, status, zone, and item facts (11.3598ms)
  ✔ preserves resolver raw/final truth plus objective and lifecycle facts (0.8053ms)
  ✔ preserves both activation boundaries for gap-free status refreshes (0.4939ms)
  ✔ records summon, dismissal, and flee without leaking fighter identity (1.9507ms)
  ✔ is privacy-bounded and sanitizes non-finite or oversized source data (0.9421ms)
✔ authoritative combat event projection (17.3797ms)
▶ executable jutsu parity inventory
  ✔ derives the shipped census and classifies every executable jutsu (86.2963ms)
  ✔ covers the closed canonical tag contract and all sealed AI references (28.753ms)
  ✔ includes creator-published jutsu when the authoritative admin store supplies them (63.6714ms)
✔ executable jutsu parity inventory (180.1063ms)
▶ mode exception registry
  ✔ names every intentional Solo-only envelope without overriding shared cast fields (40.0308ms)
✔ mode exception registry (40.2819ms)
▶ canonical N-actor identities and viewer relations
  ✔ brands non-empty opaque ids without rewriting their runtime value (1.1818ms)
  ✔ derives self/ally/enemy/neutral relative to the viewer, never from controller ownership (0.939ms)
✔ canonical N-actor identities and viewer relations (3.6009ms)
▶ normalized ability target rules
  ✔ normalizes every legacy relation/tile family to one canonical shape (3.9238ms)
  ✔ deduplicates and canonically orders structured relations while validating cardinality (0.5267ms)
✔ normalized ability target rules (4.822ms)
▶ server-derived TargetPlan
  ✔ keeps the chosen anchor first, then uses rosterOrder + ActorId for a total order (1.3186ms)
  ✔ is deterministic across every roster and footprint permutation (169.3315ms)
  ✔ enforces controller authority, primary eligibility, defeated policy, and target caps (0.3475ms)
  ✔ keeps tile/no-target plans free of actor expansion and rejects target-kind confusion (0.4511ms)
✔ server-derived TargetPlan (171.8861ms)
▶ explicit 2v2 human-controller team contract
  ✔ enforces per-actor authority and self/ally/hostile targeting while server AOE excludes allies (1.4716ms)
✔ explicit 2v2 human-controller team contract (1.5936ms)
▶ authoritative PvP/Solo-PvE jutsu parity
  ✔ every executable built-in and legacy jutsu has a neutral behavioral parity case (1610.0336ms)
  ✔ eligibility gates and adjusted AP stay identical (9.3395ms)
  ✔ circle, spiral, immediate ground application, displacement, and VFX stay identical (19.8507ms)
  ✔ resource spending, poison-on-spend, status timing, and cooldown ordering stay identical (6.7858ms)
  ✔ mastery and level boundaries remain differential-parity pinned (20.8597ms)
  ✔ the normalized contract rejects mutations to every fragile compared field (123.4358ms)
✔ authoritative PvP/Solo-PvE jutsu parity (1948.5446ms)
▶ AI-fight companion settlement cost
  ✔ charges only the sealed summoned pet gear and consumable (71.5592ms)
  ✔ does not spend a newly changed loadout that differs from terminal evidence (0.2558ms)
✔ AI-fight companion settlement cost (73.3543ms)
▶ loadAiFightProfile
  ✔ resolves a built-in AI from the generated mirror (2.1222ms)
  ✔ rejects malformed ids without a storage lookup (0.3494ms)
✔ loadAiFightProfile (4.1176ms)
▶ resolveAiFightOutcome — the session is the authority
  ✔ reads a squad win as a win (11.8417ms)
  ✔ reads an enemy win as a loss and a tie as a draw (0.1753ms)
  ✔ reads an UNRESOLVED session as a forfeit, not a no-op (0.1247ms)
  ✔ reads a MISSING session as unknown — neither pays nor punishes (0.1635ms)
  ✔ reads the discriminated solo-PvE winner without Tower semantics (2.5403ms)
  ✔ reads item use only from the authoritative runtime session (2.1906ms)
✔ resolveAiFightOutcome — the session is the authority (28.8519ms)
▶ aiFightPaysReward — only a win pays, and practice never does
  ✔ pays a real win (0.7248ms)
  ✔ never pays a practice bout — a sparring partner is not a faucet (1.633ms)
  ✔ never pays a loss, a draw, a forfeit or an unverifiable settle (0.193ms)
  ✔ treats a missing battleKind as payable for legacy token compatibility (0.2131ms)
  ✔ finds the human fighter, never the AI or a summoned companion (0.2091ms)
✔ aiFightPaysReward — only a win pays, and practice never does (3.3804ms)
▶ applyAiFightOutcomeToCharacter — a fight costs the same on either engine
  ✔ carries the surviving HP back on a win (0.5348ms)
  ✔ hospitalizes when the player is DOWN, matching the local Arena KO paths (0.2364ms)
  ✔ does NOT hospitalize a player who lost but SURVIVED (0.1783ms)
  ✔ a forfeit costs the HP you walked out with, not a hospital bed (0.1389ms)
  ✔ leaves the character untouched when the outcome is unknown (0.1438ms)
  ✔ leaves the character untouched when there is no actor to read (0.1327ms)
  ✔ clamps surviving HP to the SAVE maxHp, never the stale session one (4.1335ms)
  ✔ never leaves a survivor on 0 HP — 1 HP is the floor for anyone still up (0.4367ms)
  ✔ re-applying a defeat PUSHES the hospital stay out — which is why the receipt exists (300.4125ms)
✔ applyAiFightOutcomeToCharacter — a fight costs the same on either engine (307.0517ms)
▶ isPveFightMember — a client-supplied runId must be your own
  ✔ accepts the player who actually fought (0.2869ms)
  ✔ refuses a stranger's run — on a WIN that would be a free heal (0.1754ms)
  ✔ never matches on the enemy side (0.1506ms)
✔ isPveFightMember — a client-supplied runId must be your own (0.8173ms)
▶ settlementOwnsHpOnWin — who writes the winning HP
  ✔ defers only for the Academy spar, whose settlement grants a scripted HP (4.1041ms)
  ✔ leaves every other mode alone, so their wins still carry surviving HP back (31.3241ms)
  ✔ is about the WIN only — a lost spar still costs, which is what hospitalizes a beginner (0.3376ms)
✔ settlementOwnsHpOnWin — who writes the winning HP (55.1965ms)
▶ AI-fight redemption authority
  ✔ preserves a live winning-token receipt through more than 100 loss receipts (1458.9892ms)
  ✔ does not burn the daily count on a precommit failure and recovers a committed save acknowledgement loss (1.0064ms)
  ✔ reserves after a racing legacy INCR so old and new workers cannot share an ordinal (0.9425ms)
  ✔ requires exact reservation evidence after a lost counter acknowledgement (0.5662ms)
  ✔ mirrors the legacy counter with exact CAS max across races and ambiguous acknowledgements (0.4745ms)
  ✔ fails closed on a malformed legacy counter instead of overwriting it (0.4085ms)
✔ AI-fight redemption authority (1463.9364ms)
▶ _ai-fight-reward — daily soft-cap (P0.2b)
  ✔ first win of the day pays full ryo and zero xp (7.2492ms)
  ✔ pays full ryo up to (and including) the soft cap (0.2458ms)
  ✔ reduces the ryo past the soft cap (0.1811ms)
  ✔ pays zero beyond the daily hard cap (0.1391ms)
  ✔ clamps the per-fight base (anti-inflation) and ignores the claimed xp entirely (0.2857ms)
  ✔ handles non-numeric / negative input safely (0.2951ms)
✔ _ai-fight-reward — daily soft-cap (P0.2b) (9.8852ms)
▶ _ai-fight-secondary
  ✔ atomically grants the sealed defense reward and counters (17.1414ms)
  ✔ grants raid counters and profession-neutral charm substitute (0.8079ms)
  ✔ pays nothing for practice or after the hard ceiling (0.5718ms)
  ✔ pays ordinary World encounter rewards without impersonating a village raid (0.2419ms)
  ✔ only grants the Ironclad roll to a valid capstone owner (0.3357ms)
✔ _ai-fight-secondary (21.8285ms)
✔ only eligible PvE victories credit the council win ledger in the authoritative save (3.8852ms)
[pvp-loadout] unlearned equipped jutsu id(s) dropped Rill starter-universal-flicker
[pvp-loadout] unlearned equipped jutsu id(s) dropped Rill starter-universal-flicker
[pvp-loadout] unlearned equipped jutsu id(s) dropped Rill starter-universal-flicker
[pvp-loadout] unlearned equipped jutsu id(s) dropped Rill starter-universal-flicker
[pvp-loadout] unlearned equipped jutsu id(s) dropped Rill starter-universal-flicker
[pvp-loadout] unlearned equipped jutsu id(s) dropped Rill starter-universal-flicker
[pvp-loadout] unlearned equipped jutsu id(s) dropped Rill starter-universal-flicker
[pvp-loadout] unlearned equipped jutsu id(s) dropped Rill starter-universal-flicker
[pvp-loadout] unlearned equipped jutsu id(s) dropped Rill starter-universal-flicker
[pvp-loadout] unlearned equipped jutsu id(s) dropped Rill starter-universal-flicker
[pvp-loadout] unlearned equipped jutsu id(s) dropped Rill starter-universal-flicker
[pvp-loadout] unlearned equipped jutsu id(s) dropped Rill starter-universal-flicker
[pvp-loadout] unlearned equipped jutsu id(s) dropped Rill starter-universal-flicker
[pvp-loadout] unlearned equipped jutsu id(s) dropped Rill starter-universal-flicker
[pvp-loadout] unlearned equipped jutsu id(s) dropped Rill starter-universal-flicker
[pvp-loadout] unlearned equipped jutsu id(s) dropped Rill starter-universal-flicker
[pvp-loadout] unlearned equipped jutsu id(s) dropped Rill starter-universal-flicker
[pvp-loadout] unlearned equipped jutsu id(s) dropped Rill starter-universal-flicker
[pvp-loadout] unlearned equipped jutsu id(s) dropped Rill starter-universal-flicker
[pvp-loadout] unlearned equipped jutsu id(s) dropped Rill starter-universal-flicker
▶ live generic-AI Solo-PvE encounter
  ✔ seals the authored opponent, its resolved kit and a neutral battlefield (9.458ms)
  ✔ rebuilds level, stats and HP from server scaling without mutating the catalog (7.4287ms)
  ✔ is deterministic for identical sealed inputs (17.4365ms)
  ✔ seals the active carried pet and omits a companion when none is active (3.8474ms)
  ✔ seals enemy mastery and the difficulty guard from the rebuilt level (2.0126ms)
  ✔ honors the AI-fight difficulty rollback switch (1.0501ms)
  ✔ preserves authored pools, armor, boss identity and the full stat sheet (1.4581ms)
  ✔ clamps hostile profile fields at the live Solo-PvE boundary (0.7603ms)
  ✔ keeps an opponent actionable when no authored jutsu resolves (0.773ms)
  ✔ does not let the fallback signature validate a broken authored rule program (1.2416ms)
✔ live generic-AI Solo-PvE encounter (47.6572ms)
▶ generic AI fight standalone-runtime contract
  ✔ builds and persists a solo-pve session, never a Tower session (1.4797ms)
  ✔ does not reintroduce the retired Tower generic-AI constructor anywhere in production (940.8538ms)
  ✔ returns a mandatory sessionId and session (0.9572ms)
  ✔ binds the reward token to the explicit solo-pve runtime (0.4538ms)
  ✔ ignores hostLoadout and derives scaling from server state (0.4028ms)
  ✔ reconciles a matured travel receipt before validating a World encounter sector (7.7142ms)
✔ generic AI fight standalone-runtime contract (953.4249ms)
[kv] isolated in-memory QA backend active
[pvp-loadout] unlearned equipped jutsu id(s) dropped travelfightarrival starter-universal-flicker
✔ World fight start accepts the destination when its travel lease matured before the save heartbeat (17175.223ms)
✔ a recovery-only probe does not settle travel without returning a save version (2.5301ms)
▶ _ai-fight-token
  ✔ creates a bounded token record (2.3412ms)
  ✔ normalizes unknown battle kinds to non-paying practice (0.263ms)
  ✔ seals reconstructed World context separately from client reward fields (1.1253ms)
  ✔ cleans token ids for key use (0.3659ms)
  ✔ accepts claims at or below the sealed ceiling (0.4896ms)
  ✔ uses server-sealed rewards when present instead of client-submitted amounts (0.2796ms)
  ✔ computes AI fight base rewards from the active pet trait (0.3138ms)
  ✔ carries a separately discriminated solo-PvE session binding (0.2496ms)
  ✔ never stamps a solo runtime without a valid solo session id (0.3246ms)
  ✔ rejects claims that exceed the sealed ceiling (0.3059ms)
✔ _ai-fight-token (9.2365ms)
▶ apex catalog parity with the client mirror
  ✔ rosters match exactly, in order (1.4667ms)
  ✔ gates match (0.3681ms)
  ✔ purse matches (84.8943ms)
  ✔ HP stays at or under the approved 12,500 ceiling (0.6943ms)
✔ apex catalog parity with the client mirror (90.5872ms)
▶ apex week keys
  ✔ matches known ISO-8601 weeks (0.8926ms)
  ✔ previousWeekKey steps back exactly one week, across a year boundary (0.6769ms)
✔ apex week keys (30.3417ms)
▶ apex claim window
  ✔ accepts this week and the one before, newest first (1.4447ms)
  ✔ lets a Sunday-night kill settle on Monday morning (2.2313ms)
  ✔ does not reach back two weeks (0.2504ms)
✔ apex claim window (4.2625ms)
▶ apex eligibility
  ✔ requires max hunter rank AND the level floor (11.1403ms)
  ✔ only accepts the beast actually on offer that week (0.3918ms)
  ✔ tracks the weekly claim per week key (0.2116ms)
  ✔ scopes the receipt key per player and week (0.1329ms)
✔ apex eligibility (12.1409ms)
[pvp-loadout] unresolved equipped jutsu id(s) MissionTester starter-universal-flicker
▶ authored ordinary mission scope and sealing
  ✔ changes only selected mission kits and finite resources, retaining all baseline stats (18.2991ms)
  ✔ reports any missing required move; built-in content precedence remains intact (7.199ms)
  ✔ clones programs and preserves sealed old and new encounters across JSON persistence (161.368ms)
✔ authored ordinary mission scope and sealing (309.2631ms)
▶ distinct actual rule execution
  ✔ Ember creates a real opening then pays for its heavy attack; movement reduces the combo budget (13.6321ms)
  ✔ Frost protects itself and weakens attacks; Clear and Cleanse affect different fighters (130.9598ms)
  ✔ Shadow holds range after poisoning; closing suppresses its cast and Cleanse removes the tax (7.8768ms)
  ✔ Champion uses a shield/setup at range and a limited Reflect attack when approached (37.7518ms)
✔ distinct actual rule execution (190.7254ms)
▶ mission legality, budgets, and progression
  ✔ ends safely at edges, with occupied movement, sealed elements, Lag, and exhausted resources (403.1838ms)
  ✔ retains per-hit and per-turn guards; no enemy kit obtains unlimited healing or permanent control (496.9361ms)
  ✔ admits ordinary earned-stat builds across four disciplines and rewards later progression (9471.5001ms)
✔ mission legality, budgets, and progression (10372.4459ms)
✔ sealed mission binding accepts only its completed winning solo-PvE session (1.5681ms)
✔ mission binding rejects wrong player, mission, run, expiry, unfinished and losing sessions (0.3275ms)
✔ mission binding rejects non-member settlement, encounter drift, reward drift, and replay (0.6574ms)
✔ mission start recovery reuses only a coherent active unsettled session (0.5594ms)
✔ mission start recovery keeps a terminal win but releases a reconciled non-win for retry (0.4983ms)
✔ a settled mission validates as durable proof for lost-response replay only (0.9439ms)
✔ Hollow Gate Warden missions normalize to level 100 plus Hollow Gate access (5.0681ms)
✔ level 20 players cannot receive level 100 endgame objectives (1.1077ms)
✔ level 100 players still need Hollow Gate access for Warden objectives (0.8093ms)
✔ level 100 players can receive Warden objectives only with Hollow Gate unlocked (0.2494ms)
✔ profession, pet, and ranked gates return machine-readable reasons (0.3496ms)
✔ claim rejects ineligible weekly Warden mission even if posted manually (0.2283ms)
✔ creator mission validation blocks Warden publishing below level 100 (0.3052ms)
▶ _field-raid-progress
  ✔ REGRESSION: server-owned AI raid wins stamp the field receipt at settlement (1.7021ms)
  ✔ REGRESSION: reads accepted ids off the save record, level off its character (3.0884ms)
  ✔ derives a receipt-legal, stable, proof-specific evidence id (0.5687ms)
  ✔ selects only accepted fetch missions that actually ask for raids (0.4526ms)
  ✔ credits only the contract whose target matches the sealed raid sector (0.4998ms)
  ✔ excludes hunts, unaccepted missions, and level-ineligible fetches (0.3531ms)
  ✔ dedupes a mission accepted twice (0.2572ms)
  ✔ REGRESSION: explores alone leave a fetch mission unclaimable; the raid completes it (0.6794ms)
  ✔ a replayed raid proof cannot double-count raidCount (0.3198ms)
  ✔ every builtin fetch mission stays inside the 32-evidence receipt cap (0.4163ms)
✔ _field-raid-progress (10.4348ms)
▶ generic AI fight authority
  ✔ derives an explore opponent from the server level band and exact sector receipt (2.5187ms)
  ✔ binds raid AI to the exact still-live raid token target (1.2575ms)
  ✔ allows only this week's Apex and rejects generic dedicated-mode forgery (0.6145ms)
✔ generic AI fight authority (5.5062ms)
▶ mission catalog matches the client reward tables
  ✔ COMBAT_MISSIONS — same set, same rewards, same AI (2.2438ms)
  ✔ FIELD_MISSIONS — same set, same rewards (incl. currency) (0.5884ms)
  ✔ HUNT_MISSION_IDS = exactly the hunt-* entries (those carrying itemRewards) (0.4008ms)
  ✔ Academy Trial is tiny, one-time, no premium currency (0.2266ms)
✔ mission catalog matches the client reward tables (4.9289ms)
▶ reward-bonus math mirrors the client
  ✔ boostAmount = floor(amount * (1 + pct/100)), never negative (0.3096ms)
  ✔ missionRewardBonusPct = missionHall(level×0.5) + auraSphere(equipped) (0.3395ms)
✔ reward-bonus math mirrors the client (0.8914ms)
▶ daily-cap accounting matches character-progress.ts
  ✔ hasDailyMissionSlot honours the 20/day cap keyed on lastDailyReset (0.2862ms)
  ✔ markMissionCompletedFields bumps total + daily + clan, stamps day/month (0.262ms)
✔ daily-cap accounting matches character-progress.ts (0.7701ms)
▶ hunt daily-cap accounting matches character-progress.ts (hunt pool)
  ✔ hasDailyHuntSlot honours the 20/day cap keyed on lastHuntReset (independent of missions) (0.3669ms)
  ✔ dailyHuntCap adds +1 per Hunter Rank (20 base → 25 at Warden), clamped to 0..5 (0.3353ms)
  ✔ markHuntCompletedFields bumps the hunt counter + clan/lifetime totals, stamps day/month (0.2509ms)
✔ hunt daily-cap accounting matches character-progress.ts (hunt pool) (1.1993ms)
▶ reward application helpers
  ✔ grantItemsToInventory appends literal item ids, dropping blanks/non-strings (0.2963ms)
  ✔ applyCurrencyRewardFields adds only positive amounts onto existing balances (0.234ms)
  ✔ keeps every normal mission Territory Scroll reward disabled (0.1664ms)
✔ reward application helpers (0.9115ms)
▶ _mission-progress-receipt save readers
  ✔ REGRESSION: reads accepted missions off the RECORD, not the character (1.9292ms)
  ✔ still reads a bare character, so a caller holding only that works (0.3967ms)
  ✔ prefers the record over a nested character when both carry the field (0.2237ms)
  ✔ is total on missing, null and malformed saves (0.3409ms)
✔ _mission-progress-receipt save readers (4.4868ms)
▶ _mission-progress-receipt
  ✔ cleans supported progress event kinds (0.4931ms)
  ✔ server producer flow: N-1 tracks + a kill build a claimable hunt receipt (0.6501ms)
  ✔ increments field progress only to the sealed requirements (0.3264ms)
  ✔ requires a tracked hunt kill before hunt payout (0.2617ms)
  ✔ a verified kill completes a hunt even when every tracking ping was dropped (0.2141ms)
  ✔ requires server evidence ids even when legacy counters claim completion (0.2712ms)
  ✔ does not increment twice when the same evidence is replayed (0.1937ms)
  ✔ validates a private server evidence record and rejects wrong/expired evidence (0.4431ms)
  ✔ rejects missing and caller-shaped evidence tokens (0.2341ms)
  ✔ derives a stable consumed-bundle key independent of evidence order (0.2729ms)
✔ _mission-progress-receipt (4.0176ms)
▶ open-world combat settles continuously
  ✔ puts the player back with the HP, chakra and stamina the fight left them (1.7407ms)
  ✔ holds on a loss, alongside the admission (0.4127ms)
✔ open-world combat settles continuously (3.527ms)
▶ instanced and practice fights stay fresh-start
  ✔ does NOT write chakra or stamina without the continuity flag (0.3785ms)
  ✔ is the case that makes the faucet obvious (0.184ms)
✔ instanced and practice fights stay fresh-start (0.7925ms)
▶ the carry-back can only ever cost, never mint
  ✔ clamps decrease-only even when flagged continuous (0.3178ms)
  ✔ treats an unmodelled or non-numeric vital as no evidence (0.1718ms)
  ✔ never writes a negative vital (0.2158ms)
  ✔ still leaves the character untouched with no actor, or an unresolved outcome (0.5369ms)
✔ the carry-back can only ever cost, never mint (1.7392ms)
▶ which fights are open-world
  ✔ includes the ones a player meets in the world (0.3177ms)
  ✔ excludes instanced runs and consensual practice (0.2376ms)
✔ which fights are open-world (0.7762ms)
▶ the flag survives storage on the session
  ✔ reads back off the stored encounter, not off a request field (0.2461ms)
✔ the flag survives storage on the session (0.3705ms)
✔ saved expedition seal survives cache loss only for its exact lease token (3.7811ms)
✔ legacy protected leases recover conservatively and malformed leases do not (0.4832ms)
✔ start persists fallback authority and settlement rechecks the exact saved token (1.2263ms)
▶ getMissionPool
  ✔ healer pool has at least 8 missions (1.0397ms)
  ✔ vanguard pool has at least 8 missions (0.1975ms)
  ✔ petTamer pool has at least 3 missions (0.1699ms)
  ✔ every petTamer mission is profession=petTamer (0.4946ms)
  ✔ every healer mission is profession=healer (0.1659ms)
  ✔ every vanguard mission is profession=vanguard (0.1823ms)
✔ getMissionPool (4.3277ms)
▶ pickDailyMissions
  ✔ returns 3 missions by default (0.747ms)
  ✔ is deterministic per (player, date) (1.0614ms)
  ✔ picks are unique within a day (no duplicates) (2.0996ms)
  ✔ returns 3 missions for petTamer (0.3176ms)
  ✔ different players on the same day usually get different picks (89.554ms)
✔ pickDailyMissions (94.2851ms)
▶ pickDailyMissionsForPlayer eligibility filtering
  ✔ level 1 players cannot receive profession daily objectives (1.3507ms)
  ✔ rank 1 healers get eligible fallback picks instead of high-rank objectives (0.9091ms)
  ✔ players without pets cannot receive pet-training missions (0.4941ms)
  ✔ players without PvP unlock cannot receive Vanguard missions (0.4003ms)
  ✔ profession mismatch cannot receive another profession pool (0.1777ms)
✔ pickDailyMissionsForPlayer eligibility filtering (3.7611ms)
▶ pickNewbieMissions
  ✔ returns exactly one battle task and one mission task (0.4347ms)
  ✔ is deterministic per (player, date) (0.1761ms)
  ✔ every newbie mission pays ryo (> 0) and has a positive target (0.2381ms)
  ✔ can vary across days for the same player (101.2971ms)
✔ pickNewbieMissions (102.3717ms)
✔ stored impossible mission is replaced on mission load (2.896ms)
✔ completed and claimed missions remain untouched during repair (0.4622ms)
✔ claimed impossible mission does not become claimable again (0.2644ms)
✔ stored impossible mission replacement is deterministic (0.3911ms)
[kv] isolated in-memory QA backend active
▶ settleRaidProgressionWithDailyCap — the claim-rewards entry point
  ✔ settles a world-PvP win in a sector that has no territory row (6980.4413ms)
  ✔ is idempotent across the retries a 503 would have produced (7.1784ms)
✔ settleRaidProgressionWithDailyCap — the claim-rewards entry point (12858.9019ms)
▶ daily raid cap
  ✔ is defined in exactly one place across api/ (4727.7995ms)
✔ daily raid cap (4728.24ms)
[kv] isolated in-memory QA backend active
▶ settleRaidTerritoryDamage — sector with no territory row yet
  ✔ creates the row instead of CAS-ing against a row that was never stored (7.7154ms)
  ✔ replays the same proof idempotently once the row exists (3.2315ms)
  ✔ still settles with no sealed evidence (the AI-raid path) (3.7874ms)
✔ settleRaidTerritoryDamage — sector with no territory row yet (805.2276ms)
▶ save-field shape contract
  ✔ pins the three fields as TOP-LEVEL save fields, per the ownership manifest (13.1706ms)
  ✔ REGRESSION: every progress producer reads accepted missions off the record (1.7466ms)
  ✔ no api/ handler reads a top-level save field off a character (1372.6495ms)
✔ save-field shape contract (1388.8114ms)
✔ weekKey is stable within a week and advances across the Monday boundary (1.1931ms)
✔ pickWeeklyBoard is deterministic per week and the right size (1.188ms)
✔ pickWeeklyBoard returns distinct missions (0.2403ms)
✔ different weeks generally yield different boards (0.3825ms)
✔ every board mission references a real tracked counter (0.348ms)
✔ low-level players are never assigned Hollow Gate Warden missions (332.2645ms)
✔ low-level players get eligible weekly replacements and fallbacks (0.6991ms)
✔ level 100 players can see Hollow Gate Warden if Hollow Gate is unlocked (0.6194ms)
✔ computeProgress diffs current vs baseline, floored at 0 (0.4151ms)
✔ snapshotCounters captures exactly the tracked counters as numbers (0.3326ms)
▶ World AI fight authority
  ✔ rejects unrelated chain/decision fields and off-map sectors (7.2537ms)
  ✔ keeps world token/pointer lifetime coherent with the active solo-PvE session (0.3019ms)
  ✔ binds an encoded natural wanderer to its visible sector (177.8604ms)
  ✔ keeps authored hunt signs on sectors 1..60 while general world descriptors allow expansion sectors (2.9892ms)
  ✔ derives hunt opening from the server trail and ignores any local opponent payload (35.9781ms)
  ✔ derives a nonzero Quest Book boss stage from the durable seal when request omits stage (1.4297ms)
  ✔ blocks a target while its sealed pack decision is unsettled (0.8666ms)
  ✔ starts an early hunt-pack only for its exact decision and sector, then settles loss once (187.3107ms)
  ✔ settles the final pack win once and leaves the hunt trail ready to continue (7.5553ms)
  ✔ allows a hunt rematch after loss but rejects another target after the sealed win (118.827ms)
  ✔ keeps every world authority field in all sanitizer-owned groups (0.3135ms)
  ✔ heals a chained wave once and only for a proof bound to kind/source/sector (0.6229ms)
  ✔ enforces a single-flight chain cursor and idempotent settlement (134.6791ms)
✔ World AI fight authority (679.1469ms)
[kv] isolated in-memory QA backend active
▶ production-mounted ordinary mission journey (normal player authority)
  ✔ enforces authentication, ownership, real admission, and rejects unearned rewards (149.9428ms)
  ✔ combat-c-patrol: startup, recovery, actual actions, vitals and exactly-once reward settlement (3017.2695ms)
  ✔ combat-b-escort: startup, recovery, actual actions, vitals and exactly-once reward settlement (1569.2326ms)
  ✔ combat-a-hunt: startup, recovery, actual actions, vitals and exactly-once reward settlement (527.5622ms)
  ✔ combat-s-crisis: startup, recovery, actual actions, vitals and exactly-once reward settlement (2155.9616ms)
  ✔ flee and actual loss settle physical consequences without paying a mission reward (1737.6454ms)
✔ production-mounted ordinary mission journey (normal player authority) (73322.642ms)
✔ applyClaimedMissionState clears claimed field missions from accepted ids and progress (114.8334ms)
✔ applyClaimedMissionState clears claimed hunts without touching unrelated progress (0.4056ms)
✔ applyClaimedMissionState leaves combat claims alone (0.2777ms)
✔ clearStalePendingCombatClaim drops the stale key and reports cleared (0.2981ms)
✔ clearStalePendingCombatClaim is a no-op (same ref) when the key is absent (0.2339ms)
✔ clearStalePendingCombatClaim tolerates a missing/invalid pending list (0.1355ms)
✔ Legacy mission progress is derived from committed save receipts (0.8467ms)
[kv] isolated in-memory QA backend active
✔ concurrent starts for one pet commit one lease and consume one daily allowance (4147.8597ms)
✔ lost-response retry with the same launchId returns the exact launch without another write or charge (92.5218ms)
✔ cap boundary allows one committed launch and a losing concurrent launch consumes nothing (41.5639ms)
✔ an invalid retry id fails before any allowance or pet mutation (0.6197ms)
✔ deployment migration honors today's higher legacy KV allowance without writing it again (82.657ms)
✔ the saved pet level is sealed even when a client submits a forged level (8.5808ms)
✔ a provision is consumed exactly once and replay keeps the sealed route setup (5.9023ms)
✔ bold routes require enough saved happiness and consume no allowance on rejection (2.9302ms)
[kv] isolated in-memory QA backend active
[missions/expedition-start] Error: injected expedition save CAS failure
    at Object.kv.compareSet (C:\Users\Tyler R\source\repos\NinjaK\api\missions\expedition-start-cas.test.ts:105:19)
    at writeVersionedPlayerSaveWithStore (C:\Users\Tyler R\source\repos\NinjaK\api\save\_mutate-player-save.ts:61:39)
    at async writeVersionedPlayerSave (C:\Users\Tyler R\source\repos\NinjaK\api\save\_mutate-player-save.ts:79:17)
    at async withKvLock.failClosed (C:\Users\Tyler R\source\repos\NinjaK\api\save\_mutate-player-save.ts:207:21)
    at async withLockCore (C:\Users\Tyler R\source\repos\NinjaK\api\_lock.ts:123:16)
    at async mutatePlayerSave (C:\Users\Tyler R\source\repos\NinjaK\api\save\_mutate-player-save.ts:148:12)
    at async handler (C:\Users\Tyler R\source\repos\NinjaK\api\missions\expedition-start.ts:135:26)
    at async TestContext.<anonymous> (C:\Users\Tyler R\source\repos\NinjaK\api\missions\expedition-start-cas.test.ts:112:9)
    at async Test.run (node:internal/test_runner/test:1208:7)
    at async startSubtestAfterBootstrap (node:internal/test_runner/harness:385:3)
[missions/expedition-start] Error: injected token publication failure
    at Object.kv.set (C:\Users\Tyler R\source\repos\NinjaK\api\missions\expedition-start-cas.test.ts:184:19)
    at handler (C:\Users\Tyler R\source\repos\NinjaK\api\missions\expedition-start.ts:312:18)
    at async TestContext.<anonymous> (C:\Users\Tyler R\source\repos\NinjaK\api\missions\expedition-start-cas.test.ts:191:9)
    at async Test.run (node:internal/test_runner/test:1208:7)
    at async Test.processPendingSubtests (node:internal/test_runner/test:831:7)
✔ a definitive save CAS failure consumes neither the save-native allowance nor token (3836.3637ms)
✔ a busy-pet validation rejection leaves the exact predecessor untouched (5.5313ms)
✔ a committed save whose CAS acknowledgement is lost is read back exactly (26.2057ms)
✔ a lost token-cache publication replays the committed launch without another save bump (79.6506ms)
[kv] isolated in-memory QA backend active
▶ authoritative field mission lifecycle
  ✔ accepts exactly once and legacy state recovery starts a neutral server run (546.0298ms)
  ✔ binds explore evidence to the exact run and replays the final ACK (50.0712ms)
  ✔ rejects stale runs, pays a completed run once, and clears acceptance authority (199.1592ms)
✔ authoritative field mission lifecycle (6319.5042ms)
[kv] isolated in-memory QA backend active
[missions/queue-combat-claim] Error: kv-compare-set-unconfirmed:missions:combat-claim:missionsagatokennull:combat-c-patrol
    at compareSetExactKvRow (C:\Users\Tyler R\source\repos\NinjaK\api\missions\_combat-claim-authority.ts:529:11)
    at async publishCombatMissionClaimRows (C:\Users\Tyler R\source\repos\NinjaK\api\missions\_combat-claim-authority.ts:542:5)
    at async failClosed (C:\Users\Tyler R\source\repos\NinjaK\api\missions\queue-combat-claim.ts:287:13)
    at async withLockCore (C:\Users\Tyler R\source\repos\NinjaK\api\_lock.ts:123:16)
    at async outcome.failClosed (C:\Users\Tyler R\source\repos\NinjaK\api\missions\queue-combat-claim.ts:320:28)
    at async withLockCore (C:\Users\Tyler R\source\repos\NinjaK\api\_lock.ts:123:16)
    at async handler (C:\Users\Tyler R\source\repos\NinjaK\api\missions\queue-combat-claim.ts:304:25)
    at async post (C:\Users\Tyler R\source\repos\NinjaK\api\missions\mission-combat-claim-saga.test.ts:104:5)
    at async withSetFault (C:\Users\Tyler R\source\repos\NinjaK\api\missions\mission-combat-claim-saga.test.ts:308:24)
    at async TestContext.<anonymous> (C:\Users\Tyler R\source\repos\NinjaK\api\missions\mission-combat-claim-saga.test.ts:452:24)
[missions/queue-combat-claim] Error: kv-compare-set-unconfirmed:save:missionsagasavenull
    at compareSetExactKvRow (C:\Users\Tyler R\source\repos\NinjaK\api\missions\_combat-claim-authority.ts:529:11)
    at async publishCombatMissionClaimRows (C:\Users\Tyler R\source\repos\NinjaK\api\missions\_combat-claim-authority.ts:545:5)
    at async failClosed (C:\Users\Tyler R\source\repos\NinjaK\api\missions\queue-combat-claim.ts:287:13)
    at async withLockCore (C:\Users\Tyler R\source\repos\NinjaK\api\_lock.ts:123:16)
    at async outcome.failClosed (C:\Users\Tyler R\source\repos\NinjaK\api\missions\queue-combat-claim.ts:320:28)
    at async withLockCore (C:\Users\Tyler R\source\repos\NinjaK\api\_lock.ts:123:16)
    at async handler (C:\Users\Tyler R\source\repos\NinjaK\api\missions\queue-combat-claim.ts:304:25)
    at async post (C:\Users\Tyler R\source\repos\NinjaK\api\missions\mission-combat-claim-saga.test.ts:104:5)
    at async withSetFault (C:\Users\Tyler R\source\repos\NinjaK\api\missions\mission-combat-claim-saga.test.ts:308:24)
    at async TestContext.<anonymous> (C:\Users\Tyler R\source\repos\NinjaK\api\missions\mission-combat-claim-saga.test.ts:471:24)
[missions/claim-mission] Error: simulated token read outage
    at Object.kv.get (C:\Users\Tyler R\source\repos\NinjaK\api\missions\mission-combat-claim-saga.test.ts:568:23)
    at outcome.failClosed (C:\Users\Tyler R\source\repos\NinjaK\api\missions\claim-mission.ts:808:43)
    at async withLockCore (C:\Users\Tyler R\source\repos\NinjaK\api\_lock.ts:123:16)
    at async handler (C:\Users\Tyler R\source\repos\NinjaK\api\missions\claim-mission.ts:793:25)
    at async post (C:\Users\Tyler R\source\repos\NinjaK\api\missions\mission-combat-claim-saga.test.ts:104:5)
    at async TestContext.<anonymous> (C:\Users\Tyler R\source\repos\NinjaK\api\missions\mission-combat-claim-saga.test.ts:574:22)
    at async Test.run (node:internal/test_runner/test:1208:7)
    at async Promise.all (index 0)
    at async Suite.run (node:internal/test_runner/test:1619:7)
    at async Test.processPendingSubtests (node:internal/test_runner/test:831:7)
[missions/claim-mission] Error: kv-compare-set-unconfirmed:save:missionsagastaleheal
    at compareSetExactKvRow (C:\Users\Tyler R\source\repos\NinjaK\api\missions\_combat-claim-authority.ts:529:11)
    at async outcome.failClosed (C:\Users\Tyler R\source\repos\NinjaK\api\missions\claim-mission.ts:1027:25)
    at async withLockCore (C:\Users\Tyler R\source\repos\NinjaK\api\_lock.ts:123:16)
    at async handler (C:\Users\Tyler R\source\repos\NinjaK\api\missions\claim-mission.ts:793:25)
    at async post (C:\Users\Tyler R\source\repos\NinjaK\api\missions\mission-combat-claim-saga.test.ts:104:5)
    at async TestContext.<anonymous> (C:\Users\Tyler R\source\repos\NinjaK\api\missions\mission-combat-claim-saga.test.ts:629:22)
    at async Test.run (node:internal/test_runner/test:1208:7)
    at async Suite.processPendingSubtests (node:internal/test_runner/test:831:7)
[missions/claim-mission] Error: simulated compare-set rejection
    at Object.kv.compareSet (C:\Users\Tyler R\source\repos\NinjaK\api\missions\mission-combat-claim-saga.test.ts:300:55)
    at compareSetExactKvRow (C:\Users\Tyler R\source\repos\NinjaK\api\missions\_combat-claim-authority.ts:522:21)
    at Object.write (C:\Users\Tyler R\source\repos\NinjaK\api\missions\claim-mission.ts:1289:31)
    at confirmCombatMissionClaimSave (C:\Users\Tyler R\source\repos\NinjaK\api\missions\_combat-claim-authority.ts:564:22)
    at outcome.failClosed (C:\Users\Tyler R\source\repos\NinjaK\api\missions\claim-mission.ts:1287:35)
    at async withLockCore (C:\Users\Tyler R\source\repos\NinjaK\api\_lock.ts:123:16)
    at async handler (C:\Users\Tyler R\source\repos\NinjaK\api\missions\claim-mission.ts:793:25)
    at async post (C:\Users\Tyler R\source\repos\NinjaK\api\missions\mission-combat-claim-saga.test.ts:104:5)
    at async withSetFault (C:\Users\Tyler R\source\repos\NinjaK\api\missions\mission-combat-claim-saga.test.ts:308:24)
    at async TestContext.<anonymous> (C:\Users\Tyler R\source\repos\NinjaK\api\missions\mission-combat-claim-saga.test.ts:654:29)
[missions/claim-mission] Error: simulated active-pointer read outage
    at Object.kv.get (C:\Users\Tyler R\source\repos\NinjaK\api\missions\mission-combat-claim-saga.test.ts:742:23)
    at outcome.failClosed (C:\Users\Tyler R\source\repos\NinjaK\api\missions\claim-mission.ts:923:48)
    at async withLockCore (C:\Users\Tyler R\source\repos\NinjaK\api\_lock.ts:123:16)
    at async handler (C:\Users\Tyler R\source\repos\NinjaK\api\missions\claim-mission.ts:793:25)
    at async post (C:\Users\Tyler R\source\repos\NinjaK\api\missions\mission-combat-claim-saga.test.ts:104:5)
    at async TestContext.<anonymous> (C:\Users\Tyler R\source\repos\NinjaK\api\missions\mission-combat-claim-saga.test.ts:748:24)
    at async Test.run (node:internal/test_runner/test:1208:7)
    at async Suite.processPendingSubtests (node:internal/test_runner/test:831:7)
[missions/claim-mission] Error: simulated compare-set rejection
    at Object.kv.compareSet (C:\Users\Tyler R\source\repos\NinjaK\api\missions\mission-combat-claim-saga.test.ts:300:55)
    at compareSetExactKvRow (C:\Users\Tyler R\source\repos\NinjaK\api\missions\_combat-claim-authority.ts:522:21)
    at Object.write (C:\Users\Tyler R\source\repos\NinjaK\api\missions\claim-mission.ts:1289:31)
    at confirmCombatMissionClaimSave (C:\Users\Tyler R\source\repos\NinjaK\api\missions\_combat-claim-authority.ts:564:22)
    at outcome.failClosed (C:\Users\Tyler R\source\repos\NinjaK\api\missions\claim-mission.ts:1287:35)
    at async withLockCore (C:\Users\Tyler R\source\repos\NinjaK\api\_lock.ts:123:16)
    at async handler (C:\Users\Tyler R\source\repos\NinjaK\api\missions\claim-mission.ts:793:25)
    at async post (C:\Users\Tyler R\source\repos\NinjaK\api\missions\mission-combat-claim-saga.test.ts:104:5)
    at async withSetFault (C:\Users\Tyler R\source\repos\NinjaK\api\missions\mission-combat-claim-saga.test.ts:308:24)
    at async TestContext.<anonymous> (C:\Users\Tyler R\source\repos\NinjaK\api\missions\mission-combat-claim-saga.test.ts:845:28)
[missions/claim-mission] Error: kv-compare-set-unconfirmed:save:missionsagaclaimnull
    at compareSetExactKvRow (C:\Users\Tyler R\source\repos\NinjaK\api\missions\_combat-claim-authority.ts:529:11)
    at async Object.write (C:\Users\Tyler R\source\repos\NinjaK\api\missions\claim-mission.ts:1289:25)
    at async confirmCombatMissionClaimSave (C:\Users\Tyler R\source\repos\NinjaK\api\missions\_combat-claim-authority.ts:564:9)
    at async outcome.failClosed (C:\Users\Tyler R\source\repos\NinjaK\api\missions\claim-mission.ts:1287:29)
    at async withLockCore (C:\Users\Tyler R\source\repos\NinjaK\api\_lock.ts:123:16)
    at async handler (C:\Users\Tyler R\source\repos\NinjaK\api\missions\claim-mission.ts:793:25)
    at async post (C:\Users\Tyler R\source\repos\NinjaK\api\missions\mission-combat-claim-saga.test.ts:104:5)
    at async withSetFault (C:\Users\Tyler R\source\repos\NinjaK\api\missions\mission-combat-claim-saga.test.ts:308:24)
    at async TestContext.<anonymous> (C:\Users\Tyler R\source\repos\NinjaK\api\missions\mission-combat-claim-saga.test.ts:845:28)
    at async Test.run (node:internal/test_runner/test:1208:7)
[missions/claim-mission] Error: simulated compare-set rejection
    at Object.kv.compareSet (C:\Users\Tyler R\source\repos\NinjaK\api\missions\mission-combat-claim-saga.test.ts:300:55)
    at compareSetExactKvRow (C:\Users\Tyler R\source\repos\NinjaK\api\missions\_combat-claim-authority.ts:522:21)
    at Object.write (C:\Users\Tyler R\source\repos\NinjaK\api\missions\claim-mission.ts:1289:31)
    at confirmCombatMissionClaimSave (C:\Users\Tyler R\source\repos\NinjaK\api\missions\_combat-claim-authority.ts:564:22)
    at outcome.failClosed (C:\Users\Tyler R\source\repos\NinjaK\api\missions\claim-mission.ts:1287:35)
    at async withLockCore (C:\Users\Tyler R\source\repos\NinjaK\api\_lock.ts:123:16)
    at async handler (C:\Users\Tyler R\source\repos\NinjaK\api\missions\claim-mission.ts:793:25)
    at async post (C:\Users\Tyler R\source\repos\NinjaK\api\missions\mission-combat-claim-saga.test.ts:104:5)
    at async withSetFault (C:\Users\Tyler R\source\repos\NinjaK\api\missions\mission-combat-claim-saga.test.ts:308:24)
    at async TestContext.<anonymous> (C:\Users\Tyler R\source\repos\NinjaK\api\missions\mission-combat-claim-saga.test.ts:878:24)
[missions/claim-mission] Error: kv-compare-set-unconfirmed:save:missionsagacasfence
    at compareSetExactKvRow (C:\Users\Tyler R\source\repos\NinjaK\api\missions\_combat-claim-authority.ts:529:11)
    at async Object.write (C:\Users\Tyler R\source\repos\NinjaK\api\missions\claim-mission.ts:1289:25)
    at async confirmCombatMissionClaimSave (C:\Users\Tyler R\source\repos\NinjaK\api\missions\_combat-claim-authority.ts:564:9)
    at async outcome.failClosed (C:\Users\Tyler R\source\repos\NinjaK\api\missions\claim-mission.ts:1287:29)
    at async withLockCore (C:\Users\Tyler R\source\repos\NinjaK\api\_lock.ts:123:16)
    at async handler (C:\Users\Tyler R\source\repos\NinjaK\api\missions\claim-mission.ts:793:25)
    at async post (C:\Users\Tyler R\source\repos\NinjaK\api\missions\mission-combat-claim-saga.test.ts:104:5)
    at async TestContext.<anonymous> (C:\Users\Tyler R\source\repos\NinjaK\api\missions\mission-combat-claim-saga.test.ts:941:22)
    at async Test.run (node:internal/test_runner/test:1208:7)
    at async Suite.processPendingSubtests (node:internal/test_runner/test:831:7)
[missions/claim-mission] Error: simulated compare-set rejection
    at Object.kv.compareSet (C:\Users\Tyler R\source\repos\NinjaK\api\missions\mission-combat-claim-saga.test.ts:300:55)
    at compareSetExactKvRow (C:\Users\Tyler R\source\repos\NinjaK\api\missions\_combat-claim-authority.ts:522:21)
    at failClosed (C:\Users\Tyler R\source\repos\NinjaK\api\missions\claim-mission.ts:368:15)
    at async withLockCore (C:\Users\Tyler R\source\repos\NinjaK\api\_lock.ts:123:16)
    at async completeCombatMissionPostEffects (C:\Users\Tyler R\source\repos\NinjaK\api\missions\claim-mission.ts:403:25)
    at async handler (C:\Users\Tyler R\source\repos\NinjaK\api\missions\claim-mission.ts:1341:32)
    at async post (C:\Users\Tyler R\source\repos\NinjaK\api\missions\mission-combat-claim-saga.test.ts:104:5)
    at async withSetFault (C:\Users\Tyler R\source\repos\NinjaK\api\missions\mission-combat-claim-saga.test.ts:308:24)
    at async TestContext.<anonymous> (C:\Users\Tyler R\source\repos\NinjaK\api\missions\mission-combat-claim-saga.test.ts:1026:29)
    at async Test.run (node:internal/test_runner/test:1208:7)
[missions/claim-mission] Error: simulated compare-set rejection
    at Object.kv.compareSet (C:\Users\Tyler R\source\repos\NinjaK\api\missions\mission-combat-claim-saga.test.ts:300:55)
    at compareSetExactKvRow (C:\Users\Tyler R\source\repos\NinjaK\api\missions\_combat-claim-authority.ts:522:21)
    at failClosed (C:\Users\Tyler R\source\repos\NinjaK\api\missions\claim-mission.ts:368:15)
    at async withLockCore (C:\Users\Tyler R\source\repos\NinjaK\api\_lock.ts:123:16)
    at async completeCombatMissionPostEffects (C:\Users\Tyler R\source\repos\NinjaK\api\missions\claim-mission.ts:403:25)
    at async handler (C:\Users\Tyler R\source\repos\NinjaK\api\missions\claim-mission.ts:1341:32)
    at async post (C:\Users\Tyler R\source\repos\NinjaK\api\missions\mission-combat-claim-saga.test.ts:104:5)
    at async withSetFault (C:\Users\Tyler R\source\repos\NinjaK\api\missions\mission-combat-claim-saga.test.ts:308:24)
    at async TestContext.<anonymous> (C:\Users\Tyler R\source\repos\NinjaK\api\missions\mission-combat-claim-saga.test.ts:1061:24)
    at async Test.run (node:internal/test_runner/test:1208:7)
[missions/claim-mission] Error: simulated compare-set rejection
    at Object.kv.compareSet (C:\Users\Tyler R\source\repos\NinjaK\api\missions\mission-combat-claim-saga.test.ts:300:55)
    at compareSetExactKvRow (C:\Users\Tyler R\source\repos\NinjaK\api\missions\_combat-claim-authority.ts:522:21)
    at failClosed (C:\Users\Tyler R\source\repos\NinjaK\api\missions\claim-mission.ts:368:15)
    at async withLockCore (C:\Users\Tyler R\source\repos\NinjaK\api\_lock.ts:123:16)
    at async completeCombatMissionPostEffects (C:\Users\Tyler R\source\repos\NinjaK\api\missions\claim-mission.ts:403:25)
    at async handler (C:\Users\Tyler R\source\repos\NinjaK\api\missions\claim-mission.ts:1341:32)
    at async post (C:\Users\Tyler R\source\repos\NinjaK\api\missions\mission-combat-claim-saga.test.ts:104:5)
    at async withSetFault (C:\Users\Tyler R\source\repos\NinjaK\api\missions\mission-combat-claim-saga.test.ts:308:24)
    at async TestContext.<anonymous> (C:\Users\Tyler R\source\repos\NinjaK\api\missions\mission-combat-claim-saga.test.ts:1101:29)
    at async Test.run (node:internal/test_runner/test:1208:7)
[missions/claim-mission] Error: simulated compare-set rejection
    at Object.kv.compareSet (C:\Users\Tyler R\source\repos\NinjaK\api\missions\mission-combat-claim-saga.test.ts:300:55)
    at compareSetExactKvRow (C:\Users\Tyler R\source\repos\NinjaK\api\missions\_combat-claim-authority.ts:522:21)
    at failClosed (C:\Users\Tyler R\source\repos\NinjaK\api\missions\claim-mission.ts:368:15)
    at async withLockCore (C:\Users\Tyler R\source\repos\NinjaK\api\_lock.ts:123:16)
    at async completeCombatMissionPostEffects (C:\Users\Tyler R\source\repos\NinjaK\api\missions\claim-mission.ts:448:25)
    at async handler (C:\Users\Tyler R\source\repos\NinjaK\api\missions\claim-mission.ts:1341:32)
    at async post (C:\Users\Tyler R\source\repos\NinjaK\api\missions\mission-combat-claim-saga.test.ts:104:5)
    at async withSetFault (C:\Users\Tyler R\source\repos\NinjaK\api\missions\mission-combat-claim-saga.test.ts:308:24)
    at async TestContext.<anonymous> (C:\Users\Tyler R\source\repos\NinjaK\api\missions\mission-combat-claim-saga.test.ts:1214:28)
    at async Test.run (node:internal/test_runner/test:1208:7)
[missions/claim-mission] Error: simulated compare-set rejection
    at Object.kv.compareSet (C:\Users\Tyler R\source\repos\NinjaK\api\missions\mission-combat-claim-saga.test.ts:300:55)
    at compareSetExactKvRow (C:\Users\Tyler R\source\repos\NinjaK\api\missions\_combat-claim-authority.ts:522:21)
    at failClosed (C:\Users\Tyler R\source\repos\NinjaK\api\missions\claim-mission.ts:368:15)
    at async withLockCore (C:\Users\Tyler R\source\repos\NinjaK\api\_lock.ts:123:16)
    at async completeCombatMissionPostEffects (C:\Users\Tyler R\source\repos\NinjaK\api\missions\claim-mission.ts:467:25)
    at async handler (C:\Users\Tyler R\source\repos\NinjaK\api\missions\claim-mission.ts:1341:32)
    at async post (C:\Users\Tyler R\source\repos\NinjaK\api\missions\mission-combat-claim-saga.test.ts:104:5)
    at async withSetFault (C:\Users\Tyler R\source\repos\NinjaK\api\missions\mission-combat-claim-saga.test.ts:308:24)
    at async TestContext.<anonymous> (C:\Users\Tyler R\source\repos\NinjaK\api\missions\mission-combat-claim-saga.test.ts:1249:28)
    at async Test.run (node:internal/test_runner/test:1208:7)
[missions/claim-mission] Error: simulated compare-set rejection
    at Object.kv.compareSet (C:\Users\Tyler R\source\repos\NinjaK\api\missions\mission-combat-claim-saga.test.ts:300:55)
    at retireCombatMissionClaimToken (C:\Users\Tyler R\source\repos\NinjaK\api\missions\_combat-claim-authority.ts:253:38)
    at handler (C:\Users\Tyler R\source\repos\NinjaK\api\missions\claim-mission.ts:1353:23)
    at async post (C:\Users\Tyler R\source\repos\NinjaK\api\missions\mission-combat-claim-saga.test.ts:104:5)
    at async withSetFault (C:\Users\Tyler R\source\repos\NinjaK\api\missions\mission-combat-claim-saga.test.ts:308:24)
    at async TestContext.<anonymous> (C:\Users\Tyler R\source\repos\NinjaK\api\missions\mission-combat-claim-saga.test.ts:1342:24)
    at async Test.run (node:internal/test_runner/test:1208:7)
    at async Suite.processPendingSubtests (node:internal/test_runner/test:831:7)
[missions/claim-mission] Error: simulated compare-set rejection
    at Object.kv.compareSet (C:\Users\Tyler R\source\repos\NinjaK\api\missions\mission-combat-claim-saga.test.ts:300:55)
    at retireCombatMissionClaimToken (C:\Users\Tyler R\source\repos\NinjaK\api\missions\_combat-claim-authority.ts:253:38)
    at handler (C:\Users\Tyler R\source\repos\NinjaK\api\missions\claim-mission.ts:1353:23)
    at async post (C:\Users\Tyler R\source\repos\NinjaK\api\missions\mission-combat-claim-saga.test.ts:104:5)
    at async withSetFault (C:\Users\Tyler R\source\repos\NinjaK\api\missions\mission-combat-claim-saga.test.ts:308:24)
    at async TestContext.<anonymous> (C:\Users\Tyler R\source\repos\NinjaK\api\missions\mission-combat-claim-saga.test.ts:1370:24)
    at async Test.run (node:internal/test_runner/test:1208:7)
    at async Suite.processPendingSubtests (node:internal/test_runner/test:831:7)
▶ mission claim authority shape and retention
  ✔ accepts the previous rolling-deploy token shape but keeps run + mission binding (187.34ms)
  ✔ preserves all 40 possible live-token markers and bounds only expired history (2.9038ms)
  ✔ never evicts an unfinished effect saga after its token horizon (1.9298ms)
  ✔ fails closed when token retirement cannot distinguish read failure from absence (6.6062ms)
✔ mission claim authority shape and retention (17425.9534ms)
▶ mission queue publication recovery
  ✔ accepts a committed token acknowledgement loss only after exact readback (679.3148ms)
  ✔ fails closed on null token publication and retries from the completed run (96.8469ms)
  ✔ does not finalize metadata when the pending-save row is null, then repairs it (127.6441ms)
  ✔ repairs either publication row from settled session + binding authority (46.3705ms)
  ✔ does not let a second completed run replace an earlier unpaid token (304.099ms)
  ✔ does not overwrite corrupt non-null authority while an earlier payout may be pending (273.5945ms)
✔ mission queue publication recovery (1528.6419ms)
▶ mission payout receipt recovery
  ✔ fails closed when the token read throws and never clears the pending claim (31.2961ms)
  ✔ treats only an authoritative null as absence and preserves pending on corrupt authority (11.8719ms)
  ✔ fences an expired-lock stale-heal writer with exact save CAS (45.1821ms)
  ✔ recovers an old-worker delete then pre-save crash only after CAS fencing null to paying (196.6551ms)
  ✔ does not recover or repay after the old-worker payout save already cleared pending (10.5726ms)
  ✔ fails closed on a non-null mismatched old-delete recovery triplet (68.9282ms)
  ✔ fails closed when old-delete recovery evidence cannot be read (13.3846ms)
  ✔ recovers commit-then-throw and replays the exact reward/character without a second payout (181.261ms)
  ✔ fences the old worker before a payout commit whose acknowledgement is lost (63.0864ms)
  ✔ throw-before-commit leaves the sole token retryable and pays once (176.4607ms)
  ✔ null-before-commit leaves the sole token retryable and pays once (181.5943ms)
  ✔ repairs an old worker pending-clear from the durable pre-commit payment reservation (200.628ms)
  ✔ fences an expired-lock writer when an intervening save wins the CAS (108.87ms)
  ✔ a lost HTTP response replays from the atomic marker without changing the save (33.8831ms)
  ✔ an old run token can only replay its old receipt and cannot pay a later queued run (92.1329ms)
  ✔ does not let a successor run overlap unfinished effects from the prior payout (102.7663ms)
  ✔ helps a newbie reward forward after crashing between progress and save credit (106.1763ms)
  ✔ honors pinned newbie Ryo when a profession is chosen after the target marker commits (26.3558ms)
  ✔ help-forwards an unstaged receipt instead of silently declaring its post-effects complete (238.6947ms)
  ✔ helps Legacy counters forward after crashing between target CAS and save stamp (188.7797ms)
  ✔ helps the Era contribution forward after crashing between target CAS and save stamp (26.0198ms)
  ✔ terminal target-row run IDs fence callers paused until after acknowledgement (182.3444ms)
  ✔ a successor queue helps a completed paying row through lost retirement acknowledgement (22.4639ms)
  ✔ retries token retirement after every effect is durable without replaying any payout (531.749ms)
✔ mission payout receipt recovery (2849.4661ms)
[kv] isolated in-memory QA backend active
[pvp-loadout] unlearned equipped jutsu id(s) dropped missionretryjourney starter-universal-flicker
[pvp-loadout] unlearned equipped jutsu id(s) dropped missionretryjourney starter-universal-flicker
[pvp-loadout] unlearned equipped jutsu id(s) dropped missionretryjourney starter-universal-flicker
▶ mission terminal retry handler
  ✔ retires loss/forfeit authority, but keeps a won run recoverable for exact queue replay (1295.319ms)
✔ mission terminal retry handler (17420.233ms)
[kv] isolated in-memory QA backend active
✔ lost queue response replays the exact authoritative surviving HP and save version (10434.3004ms)
[kv] isolated in-memory QA backend active
▶ sealed raid authority
  ✔ replays one launch before throttling and reconstructs its exact missing token (110.7897ms)
  ✔ binds PvP raid credit to the sealed creator side, not fighter ordering (516.389ms)
  ✔ never damages self-controlled territory and returns the post-Legacy save projection (12.5867ms)
  ✔ replays the original amount after more than 160 cross-player sector receipts evict its audit row (1758.3341ms)
  ✔ helps a crash-pinned HP mutation forward before 161 later raids can evict and replay it (1019.3143ms)
  ✔ recovers a committed terminal-proof write whose acknowledgement is lost (1.8382ms)
  ✔ pins and help-forwards a rolling-upgrade audit receipt before backfilling its terminal key (1.2839ms)
  ✔ preserves a zero-damage self-owned result after audit eviction and an ownership change (478.0592ms)
  ✔ uses sealed target identity after the fighter switches clan and records target replacement as exact zero (1.3544ms)
  ✔ opens a fixed breach at zero HP instead of instantly erasing clan ownership (1.1212ms)
  ✔ rejects a stale territory holder without erasing a concurrent row update, then retries exactly (1.7759ms)
✔ sealed raid authority (11898.0373ms)
[kv] isolated in-memory QA backend active
✔ return settlement uses the sealed setup, records world story, charges bold happiness, and replays exactly (922.6501ms)
✔ claim cap leaves the completed lease ready and rejects invalid choices (1.4396ms)
✔ clearStuckExpeditionLease frees the pet matching the lease token (1.4829ms)
✔ clearStuckExpeditionLease frees a tokenless legacy lease by petId (0.2186ms)
✔ clearStuckExpeditionLease is a no-op when nothing matches (double-claim / already cleared) (0.2391ms)
✔ clearStuckExpeditionLease tolerates a missing/invalid pets array and empty match (3.5635ms)
✔ only Boonbringer doubles authoritative expedition Ryo and pet XP (0.2833ms)
[kv] isolated in-memory QA backend active
[pvp-loadout] unlearned equipped jutsu id(s) dropped huntjourneycomplete starter-universal-flicker
[pvp-loadout] unlearned equipped jutsu id(s) dropped huntjourneycomplete starter-universal-flicker
[pvp-loadout] unlearned equipped jutsu id(s) dropped huntjourneycomplete starter-universal-flicker
[pvp-loadout] unlearned equipped jutsu id(s) dropped huntjourneypackwin starter-universal-flicker
[pvp-loadout] unlearned equipped jutsu id(s) dropped huntjourneypackwin starter-universal-flicker
[pvp-loadout] unlearned equipped jutsu id(s) dropped huntjourneypackwin starter-universal-flicker
▶ sealed hunt handler journey
  ✔ accepts, settles an early pack loss, rematches the target, and claims exactly once (1053.4113ms)
  ✔ rejects a forged generic hunt-kill receipt without the sealed trail target proof (6.8638ms)
  ✔ recovers every won pack wave after a lost response and applies each chain heal once (369.4371ms)
✔ sealed hunt handler journey (18592.2448ms)
▶ aiFightParticipantActor — the body an outcome may be written to
  ✔ chooses by canonical owner slug, never the first squad actor (1.1511ms)
  ✔ prefers the live human over an AFK-flagged one, and never a companion (0.2064ms)
  ✔ settles each participant against their own actor, and refuses a member with no body without a receipt (10.7548ms)
✔ aiFightParticipantActor — the body an outcome may be written to (13.3513ms)
▶ legacyReceiptSettledPlayer — the shared marker is inspected, not counted
  ✔ only a marker naming this player proves this player was settled (0.4366ms)
✔ legacyReceiptSettledPlayer — the shared marker is inspected, not counted (0.6618ms)
▶ atomic PvE physical-outcome receipts
  ✔ writes hospitalization and its replay receipt in the same character snapshot (4.9369ms)
  ✔ migrates an old KV receipt without re-applying the outcome (0.6891ms)
  ✔ recovers a compatibility-marker failure without applying the save effect twice (2.5206ms)
  ✔ fails closed for another player and defers the winning Academy HP script (13.4308ms)
✔ atomic PvE physical-outcome receipts (25.3831ms)
▶ the settlement boundary honours the sealed continuous-vitals flag
  ✔ charges the chakra and stamina an open-world fight actually cost (3.0135ms)
  ✔ leaves chakra and stamina alone for a fresh-start encounter (3.9572ms)
  ✔ still charges the fight cost when the player is knocked out (0.6568ms)
✔ the settlement boundary honours the sealed continuous-vitals flag (8.1518ms)
▶ automatic terminal reconciliation scope
  ✔ covers every mission result and only non-winning story/Academy results (75.5191ms)
  ✔ does nothing for an unrelated runtime mode (0.4702ms)
✔ automatic terminal reconciliation scope (76.3053ms)
[kv] isolated in-memory QA backend active
[pve/fight-outcome] session store unavailable Error: storage-down
▶ /api/pve/fight-outcome
  ✔ N04: a session-store failure is a retryable 503 that keeps the obligation, never a harmless unknown (107.4485ms)
  ✔ N04: genuine absence stays the documented no-fabrication 200 unknown (0.5177ms)
  ✔ N03: an ACTIVE generic-ai session is abandoned in the owning store first, then settled exactly once (433.4163ms)
  ✔ N03: an ACTIVE mission session is abandoned in the owning store first, then settled exactly once (82.3357ms)
  ✔ N03: an ACTIVE Tower session gets no premature physical receipt (0.7508ms)
  ✔ F06: each human in a shared Tower run settles their OWN actor, and a teammate's legacy marker proves nothing (15.4837ms)
✔ /api/pve/fight-outcome (9590.9814ms)
▶ committed PvP action receipt replay
  ✔ repairs JSON-roundtripped combat CAS without a marker-before-body gap (2.8073ms)
  ✔ keeps an older capsule replayable after a non-action revision advances (0.4691ms)
✔ committed PvP action receipt replay (6.3264ms)
▶ spiralTiles — AOE_SPIRAL_SHOOT (filled disk minus caster)
  ✔ matches the reference honeycomb spiral counts 3·R·(R+1) for an unclipped disk (1.6177ms)
  ✔ always excludes the caster tile and only covers 0 < dist <= radius (0.5379ms)
  ✔ radius 1 is exactly the six immediate neighbours (0.1747ms)
  ✔ radius 0 affects nothing (4.5947ms)
  ✔ returns ascending, in-bounds indices (deterministic) (0.4818ms)
  ✔ clips to the grid at a corner (fewer tiles, all valid) (0.1993ms)
✔ spiralTiles — AOE_SPIRAL_SHOOT (filled disk minus caster) (9.3288ms)
▶ ringTiles — AOE_CIRCLE_SHOOT (perimeter only)
  ✔ matches honeycomb ring counts 6·R for an unclipped ring (0.3375ms)
  ✔ every ring tile sits at exactly the radius (0.2806ms)
✔ ringTiles — AOE_CIRCLE_SHOOT (perimeter only) (1.2201ms)
▶ filledDiskTiles — AOE_CIRCLE_SPAWN (disk incl. centre)
  ✔ matches honeycomb spiral counts 1 + 3·R·(R+1) (0.4092ms)
  ✔ is the spiral plus the centre tile (0.354ms)
✔ filledDiskTiles — AOE_CIRCLE_SPAWN (disk incl. centre) (1.0155ms)
▶ applyJutsu characterization — base damage
  ✔ plain jutsu (960 reference base) vs empty-stats fighter deals exactly 960 (3.7792ms)
  ✔ shield blocks before HP: 500 shield absorbs, 460 lands (0.3823ms)
✔ applyJutsu characterization — base damage (5.3161ms)
▶ applyJutsu characterization — heal / shield / siphon
  ✔ Heal ramps by jutsu mastery (225 at mastery 0, hard-capped at 750/maxHp) and KEEPS its damage (0.6494ms)
  ✔ Shield ramps by jutsu mastery (225 at mastery 0, hard-capped at 750) and KEEPS its damage (0.4044ms)
  ✔ Siphon mastery-scales its stored 30% to 20% at level 0: 960 → +192 (0.5332ms)
  ✔ Wound mastery-scales its stored 30% to 20% before the basic-rank cap: amount 192 (0.9246ms)
  ✔ Wound stacks are capped at 2 — a 3rd cast does not add a 3rd ticking stack (0.7717ms)
✔ applyJutsu characterization — heal / shield / siphon (3.7164ms)
▶ applyJutsu characterization — post-damage reactions
  ✔ defender Reflect 50% bounces 480 back to the attacker (0.4693ms)
  ✔ defender Absorb 50% heals 480 of the 960 taken (net -480) (0.2803ms)
  ✔ Pierce deals a 100 true-damage floor through shield, no reflect (0.362ms)
✔ applyJutsu characterization — post-damage reactions (1.3812ms)
▶ applyJutsu characterization — amp / DR pools
  ✔ attacker Increase Damage Given 35% soft-caps the 960 base to 1355 (0.4788ms)
  ✔ defender Decrease Damage Taken 35% soft-caps mitigation: 681 lands (0.2657ms)
  ✔ Overload applies both IDG pulses at 21% mastery-8 and 30% max mastery (50.543ms)
✔ applyJutsu characterization — amp / DR pools (51.5473ms)
▶ sealBaseRewardStamp — base-reward authorization
  ✔ requires verified interior presence, sector 99 and two real players for the additional bonus (1.531ms)
  ✔ distinguishes a sanctioned no-reward spar from a progression match (0.301ms)
  ✔ does not stamp base rewards when they were not requested (1.0398ms)
  ✔ DENIES base rewards against a fabricated no-save NPC opponent (non-admin) (0.3093ms)
  ✔ honors base rewards for a real player-vs-player fight, preserving a normal sector (0.3635ms)
  ✔ neutralizes an UNVERIFIED Death’s Gate (99) to 0 for a non-admin (no 2×) (0.1918ms)
  ✔ HONORS Death’s Gate (99) when the server verified both fighters are there (0.2079ms)
  ✔ neutralizes an unverified 99 supplied as a string, too (0.2057ms)
  ✔ coerces a non-finite sector to 0 (0.401ms)
  ✔ admin may create a reward-bearing NPC test fight and keep sector 99 unverified (0.2898ms)
  ✔ denies when the ATTACKER-as-p2 fights a no-save p1 NPC (order-independent) (0.1748ms)
✔ sealBaseRewardStamp — base-reward authorization (7.5872ms)
[pvp-loadout] bloodline-gated jutsu dropped Cheater ashen-eyes-blood-gaze
[pvp-loadout] unlearned equipped jutsu id(s) dropped Collector venom-fang
▶ bloodline access gate (characterMayUseJutsu)
  ✔ universal and base-element jutsu are always usable (1.0383ms)
  ✔ a built-in bloodline jutsu requires carrying that bloodline (0.6587ms)
  ✔ a special-element authored jutsu needs the element or a granting equipped bloodline (0.4292ms)
  ✔ a custom bloodline jutsu is usable only while that bloodline is equipped (26.4708ms)
✔ bloodline access gate (characterMayUseJutsu) (29.8813ms)
▶ bloodline gate in loadout resolution (resolveEquippedLoadout)
  ✔ drops an equipped built-in bloodline jutsu the save does not carry (27.2067ms)
  ✔ keeps the kit when the save carries the bloodline (1.8964ms)
  ✔ seals jutsu only from CARRIED bloodlines, not every stored one (2.9459ms)
  ✔ does not gate save-less (NPC) resolution (0.2544ms)
✔ bloodline gate in loadout resolution (resolveEquippedLoadout) (33.9609ms)
▶ gear specialty-stat fold (server = client Arena build)
  ✔ folds equipped-item stat bonuses into the sealed combat stats (3.122ms)
  ✔ does not fold for save-less (NPC) fighters (0.94ms)
✔ gear specialty-stat fold (server = client Arena build) (4.2781ms)
▶ weapon attunement reaches server combat (weaponElements overlay)
  ✔ stamps the attuned element onto the resolved catalog weapon (1.3694ms)
  ✔ drops an invalid attunement element via the sanitizer whitelist (28.2484ms)
  ✔ an authored weaponElement on the item definition wins over the overlay (2.9722ms)
✔ weapon attunement reaches server combat (weaponElements overlay) (32.8463ms)
▶ placeBounty
  ✔ places a fresh bounty on a valid target (3.0326ms)
  ✔ accumulates onto an existing head and dedupes contributors (0.4887ms)
  ✔ rejects bountying yourself (0.1765ms)
  ✔ rejects a nonexistent target (0.2433ms)
  ✔ enforces min and max per placement (111.9826ms)
  ✔ rejects when the placer cannot afford it (0.2405ms)
  ✔ rejects pushing a head over the per-target cap (0.4024ms)
✔ placeBounty (118.5778ms)
▶ claimBounty
  ✔ returns the pool and removes the head (0.4122ms)
  ✔ rejects claiming a head with no bounty (0.1906ms)
✔ claimBounty (0.88ms)
▶ normalizeBoard
  ✔ repairs malformed/zero entries and caps the list (0.691ms)
  ✔ returns an empty board for junk input (0.2571ms)
✔ normalizeBoard (1.1301ms)
▶ authoritative challenge reservations
  ✔ cannot overwrite an existing challenge record with a reused client id (4.1335ms)
  ✔ requires the exact responder and fighter order (3.9142ms)
  ✔ is single-use and accepts only the exact bound battle (1.3801ms)
  ✔ declines only the exact outstanding challenge participants (0.9076ms)
✔ authoritative challenge reservations (472.8899ms)
▶ Clan War PvP session authorization
  ✔ fails closed when a PvP challenge has no sealed battle session (1.6079ms)
  ✔ binds an accepted 1v1 to one random session and converges concurrent launches (3.9464ms)
  ✔ stale takeover fences the old publisher and an old release cannot clear the successor (1.7563ms)
  ✔ rejects outsiders, swapped fighters, and unsupported 2v2 aggregation (5.105ms)
✔ Clan War PvP session authorization (413.2139ms)
[kv] isolated in-memory QA backend active
✔ Clan War reward claim returns the exact scroll roll and versioned inventory on first claim and replay (12139.9957ms)
▶ PvP event-time combat-stat budget
  ✔ allocates under the event UTC day and replays without spending twice (76.0535ms)
  ✔ recovers a lost CAS acknowledgement exactly and fails closed on malformed state (2.9506ms)
  ✔ migrates the bounded legacy numeric counter without reopening spent points (0.9013ms)
✔ PvP event-time combat-stat budget (82.8654ms)
▶ future activeRound statuses do not affect the current round
  ✔ a Decrease Damage Taken scheduled for next round does not mitigate this round (4.6756ms)
✔ future activeRound statuses do not affect the current round (6.0418ms)
▶ prevent tags only block at their intended timing
  ✔ a Debuff Prevent that activates next round does NOT block a Stun cast this round (2.4693ms)
  ✔ an ACTIVE Debuff Prevent blocks a Stun (2.8567ms)
✔ prevent tags only block at their intended timing (6.4597ms)
▶ Pierce bypasses shield, reflect, and absorb
  ✔ true damage ignores shield block, reflects nothing, and grants no absorb heal (1.0232ms)
✔ Pierce bypasses shield, reflect, and absorb (1.3155ms)
▶ Recoil scales + rank-caps like its CAPPED_AMP_TAGS siblings (PvE↔PvP parity)
  ✔ at mastery 0 a 40% S-rank Recoil scales down to 30 (not the raw 40) (0.6229ms)
  ✔ at mastery 50 it reaches the stored 40 (rank cap) (0.3905ms)
  ✔ rank cap clamps mastery: a Genin (lvl 20) wielding a stored-50 jutsu hits as mastery 20 (0.4274ms)
  ✔ resolves to the exact same percent as Reflect, a sibling capped tag (0.5773ms)
✔ Recoil scales + rank-caps like its CAPPED_AMP_TAGS siblings (PvE↔PvP parity) (2.3296ms)
▶ instant displacement reports actual traversed tiles
  ✔ Push reports zero when the board edge leaves no away tile (0.7487ms)
  ✔ Push reports zero when active Barriers block every away route (0.6962ms)
✔ instant displacement reports actual traversed tiles (1.6625ms)
▶ post-damage Wound / Siphon use effective mastery and rank percents
  ✔ an authored damage jutsu with isUtility:false still mastery-scales both riders (56.9585ms)
  ✔ applies Wound 25/30/35 and Siphon 30/35/40 rank ceilings after mastery (14.3409ms)
  ✔ does not create a zero-value Wound stack or Siphon event (0.4117ms)
✔ post-damage Wound / Siphon use effective mastery and rank percents (72.5072ms)
▶ Copy / Mirror are deterministic with deferred statuses
  ✔ Copy grants fresh two-round copies of active buffs except Absorb/Lifesteal (14.4673ms)
  ✔ Buff Prevent blocks Copy (0.8702ms)
  ✔ Mirror grants fresh two-round copies of every active debuff and leaves originals in place (1.012ms)
  ✔ Debuff Prevent blocks Mirror (0.2178ms)
✔ Copy / Mirror are deterministic with deferred statuses (16.8733ms)
▶ fixed-effect control jutsu deal STANDARD damage, not the EP-100 sentinel
  ✔ a sanitized 60-AP Stun jutsu (legacy EP 100) deals standard EP-40 damage, not the EP-100 sentinel, and still stuns (3.2352ms)
✔ fixed-effect control jutsu deal STANDARD damage, not the EP-100 sentinel (3.3508ms)
▶ ground effects apply once per pass and respect prevent / timing
  ✔ applies exactly one Poison status to a fighter standing in the zone (0.7955ms)
  ✔ does nothing to a fighter outside the zone (4.2245ms)
  ✔ a re-application replaces rather than stacks (Poison is non-stackable) (0.5407ms)
  ✔ a recurring DDG zone refreshes itself without erasing an independent direct stack (13.7359ms)
  ✔ Debuff Prevent (active) blocks the zone (7.2811ms)
  ✔ tickGroundEffects decrements rounds and expires a zone at 0 (0.2898ms)
✔ ground effects apply once per pass and respect prevent / timing (27.3104ms)
▶ legacy PvP consumable durable settlement
  ✔ treats v1 real-side usage as corruption and needs no mutable inventory debit when empty (2.1133ms)
  ✔ deducts consumable-authority v2 usage from a real fighter's save (3.482ms)
  ✔ forgives a v2 shortfall (item moved mid-fight) instead of holding the claim hostage (0.5915ms)
  ✔ fails closed when a sealed used item was moved before claim, then repairs after replenishment (0.9981ms)
  ✔ does not re-deduct a replenished item after 50+ shared receipts churn (1.4142ms)
  ✔ migrates a generic-only replay without applying the item effect again (1.0442ms)
  ✔ does not mistake a precommit CAS failure for a durable backfill acknowledgement (1.2416ms)
✔ legacy PvP consumable durable settlement (12.3989ms)
▶ sealItemCharges — per-fight consumable budget
  ✔ caps the potion at 2 even when more are owned (18.8947ms)
  ✔ potion owned 1 → only 1 charge (min(owned, 2)) (0.2758ms)
  ✔ seals throwables at the full owned count (no cap) (0.2491ms)
  ✔ seals all THREE combat-item slots (item1/2/3) at their owned counts (0.2138ms)
  ✔ still seals a legacy single "item" slot (not-yet-migrated save) (0.1881ms)
  ✔ owned count spans both inventory[] and itemStacks (0.1732ms)
  ✔ NPC (no save inventory) still caps the potion at 2 (0.1594ms)
  ✔ NPC non-potion consumables stay unsealed (reusable, prior AI behaviour) (0.2187ms)
✔ sealItemCharges — per-fight consumable budget (21.9913ms)
▶ deductUsedItems — settlement consumption
  ✔ drains the counted stack first and drops emptied stacks (1.4923ms)
  ✔ falls back to inventory[] copies once the stack runs out (0.4262ms)
  ✔ never goes negative when more is reported used than owned (0.1917ms)
  ✔ leaves unrelated items untouched (0.1827ms)
✔ deductUsedItems — settlement consumption (2.6517ms)
▶ Elemental Seal — application
  ✔ lands a 1-round debuff on the OPPONENT, deferred to next round (27.6937ms)
  ✔ is blocked by the target's Debuff Prevent (1.5339ms)
  ✔ logs the seal so the battle log shows why casts start failing (1.1664ms)
✔ Elemental Seal — application (34.028ms)
▶ Elemental Seal — what it blocks
  ✔ blocks a Fire jutsu while active (1.3016ms)
  ✔ blocks a Water jutsu while active (0.5819ms)
  ✔ blocks a Earth jutsu while active (0.1638ms)
  ✔ blocks a Wind jutsu while active (0.1656ms)
  ✔ blocks a Lightning jutsu while active (0.1973ms)
  ✔ leaves a None jutsu usable while active (0.6027ms)
  ✔ leaves a Blood jutsu usable while active (0.218ms)
  ✔ leaves a Lava jutsu usable while active (0.121ms)
  ✔ leaves a Shadow jutsu usable while active (0.1142ms)
  ✔ leaves a Iron jutsu usable while active (0.1206ms)
  ✔ does not block anything during the cast round it was applied in (0.189ms)
✔ Elemental Seal — what it blocks (141.0294ms)
▶ Elemental Seal — expiry
  ✔ survives the cast-round tick, then expires after exactly one active round (4.1046ms)
✔ Elemental Seal — expiry (4.2679ms)
▶ PvP Town Defense guard mitigation
  ✔ never adopts a saved or client-authored elder defense stamp (12.4295ms)
  ✔ applies the sealed elder defense separately and caps it at one percent (6.3729ms)
  ✔ reduces direct jutsu damage to a guard by their sealed guardDefensePct (0.4928ms)
  ✔ is a no-op when the defender has no (or zero) guardDefensePct (0.4388ms)
  ✔ Pierce true damage bypasses the guard mitigation (6.0377ms)
✔ PvP Town Defense guard mitigation (31.2908ms)
▶ PvP home-terrain buff
  ✔ a matching jutsu type on the clan-owned sector deals +10% (4.7046ms)
  ✔ a non-matching jutsu type gets no home-terrain bonus (0.8271ms)
  ✔ no sealed homeTerrainType leaves damage unchanged (default sessions unaffected) (0.926ms)
✔ PvP home-terrain buff (9.859ms)
▶ human PvP loadout normalization
  ✔ seals supporter and base accounts to the same 12 regular techniques (5.165ms)
  ✔ does not mutate a loadout already at or below the neutral PvP cap (0.2943ms)
  ✔ preserves the separately earned Legacy signature after the 12 regular slots (0.3791ms)
  ✔ is wired into real-player session sealing for both fighters (3.4333ms)
✔ human PvP loadout normalization (11.0793ms)
▶ Increase Discipline — style-locked combat effect
  ✔ raises damage for casts of the MATCHING discipline (7.784ms)
  ✔ does NOTHING for casts of a different discipline (the style lock) (0.5995ms)
  ✔ does NOTHING for an adaptive 'Any' cast (0.4082ms)
  ✔ is offense-only — a buffed DEFENDER takes baseline damage (no defense side) (4.5153ms)
  ✔ is suppressed while the buffed fighter is Bloodline-Sealed (0.5205ms)
  ✔ stacks with diminishing returns (2 stacks < 2× a single stack over baseline) (0.3873ms)
  ✔ casting the tag captures the jutsu type as the stack discipline, deferred + Buff-Prevent-gated (0.8757ms)
  ✔ an 'Any'-typed cast cannot apply the tag (no style to lock to) (0.2432ms)
✔ Increase Discipline — style-locked combat effect (17.4862ms)
▶ Increase Generals — combat effect
  ✔ raises the caster's damage dealt (offense side) (81.8778ms)
  ✔ lowers the damage the buffed fighter takes (defense side) (1.4663ms)
  ✔ is suppressed while the buffed fighter is Bloodline-Sealed (0.9591ms)
  ✔ stacks with diminishing returns (2 stacks < 2× a single stack over baseline) (2.6242ms)
  ✔ casting the tag applies a deferred 2-round positive status, Buff-Prevent-gated (4.3154ms)
✔ Increase Generals — combat effect (93.3901ms)
[pvp-items] unresolved equipped item id(s) Tester custom-storm-tanto
▶ equipped-item resolution against the admin catalog
  ✔ resolves an admin-authored item whose definition the player save lacks (6.4862ms)
  ✔ drops that same item when no admin catalog is supplied (the old behaviour) (2.1931ms)
  ✔ still resolves a player's own forged named weapon (only their array has it) (0.6514ms)
  ✔ keeps the built-in definition for a built-in id (0.2009ms)
  ✔ honors a shared tombstone ahead of built-in, admin, and player copies (0.1818ms)
  ✔ prefers the admin definition over the player's mirrored copy (0.1675ms)
  ✔ logs (and still drops) an equipped id nothing can resolve (0.5736ms)
  ✔ feeds admin gear into the derived multiplier layer (armor DR + passives) (0.2859ms)
  ✔ leaves an above-baseline ADMIN item unclamped (36.12ms)
  ✔ still budgets a player's OWN over-budget creator item (5.4157ms)
  ✔ still clamps the DERIVED multipliers an unclamped admin item feeds (0.4146ms)
✔ equipped-item resolution against the admin catalog (57.3858ms)
▶ no built-in item advertises an inert vitals bonus
  ✔ grants no maxHp / maxChakra / maxStamina from the built-in catalog (0.489ms)
✔ no built-in item advertises an inert vitals bonus (0.8929ms)
✔ mastery awards one per used jutsu, respects decay, caps and grandfathered mastery (5.5441ms)
✔ stronghold doubles Death’s Gate base rewards only for the exact sector and stamp (5.795ms)
▶ pvp lapse rules
  ✔ lapses one session TTL after the LAST touch: a move, a server-passed turn, or creation (1.381ms)
  ✔ never lapses a duel whose lifecycle is owned elsewhere (0.232ms)
✔ pvp lapse rules (2.7992ms)
▶ terminalizeLapsedPvpSession
  ✔ records a lapsed duel as a draw at the moment it lapsed, and replays the terminal effects (3.0272ms)
  ✔ leaves a live, terminal, or missing duel exactly as found (0.6689ms)
  ✔ is fenced on the exact row it read: a move that lands meanwhile wins (0.74ms)
✔ terminalizeLapsedPvpSession (4.7527ms)
[kv] isolated in-memory QA backend active
✔ upgraded claim drains and replays a d76a ranked terminal while V2 is off (8974.5231ms)
✔ upgraded claim preserves the legacy path after V2 admissions turn on (13.8988ms)
[pvp-loadout] unlearned equipped jutsu id(s) dropped Tester starter-nin-fire-1
[pvp-loadout] unlearned equipped jutsu id(s) dropped Tester starter-nin-fire-1
[pvp-loadout] unlearned equipped jutsu id(s) dropped Tester starter-nin-fire-1
[pvp-loadout] unlearned equipped jutsu id(s) dropped Tester starter-nin-fire-1
[pvp-loadout] unlearned equipped jutsu id(s) dropped Tester starter-nin-fire-1
[pvp-loadout] unlearned equipped jutsu id(s) dropped Tester legacy-throne-challenge,legacy-break-stance,starter-nin-fire-1
[pvp-loadout] unlearned equipped jutsu id(s) dropped Tester starter-nin-fire-1
[pvp-loadout] unlearned equipped jutsu id(s) dropped Tester starter-nin-fire-1
[pvp-loadout] unlearned equipped jutsu id(s) dropped Tester starter-nin-fire-1
[pvp-loadout] unlearned equipped jutsu id(s) dropped Tester starter-nin-fire-1
[pvp-loadout] unlearned equipped jutsu id(s) dropped Tester starter-nin-fire-1
[pvp-loadout] unlearned equipped jutsu id(s) dropped Tester starter-nin-fire-1
▶ legacy signature slot — sealed loadout injection
  ✔ Stage 3 Bound injects the signature with stage-scaled mastery (4.5905ms)
  ✔ Stage 5 Mythic runs the signature at mastery 50 (0.8248ms)
  ✔ below Stage 3 (and with no Legacy) there is no signature (1.2399ms)
  ✔ a tampered equippedJutsuIds entry can NOT resolve a legacy jutsu (separate catalog) (0.666ms)
  ✔ adaptive 'Any' damage signatures are stamped with the owner's specialty (0.9203ms)
  ✔ typed style signatures and 40-AP utilities keep their stored type (0.9929ms)
  ✔ the sealed signature carries its tier rank + cooldown 10 through sanitization (0.6248ms)
  ✔ ENABLE_LEGACY off ⇒ no signature (rollback keeps sessions byte-identical) (0.431ms)
✔ legacy signature slot — sealed loadout injection (11.9646ms)
▶ PvP tag lifecycle — Lifesteal vs Siphon
  ✔ Lifesteal tag does NOT heal on the cast attack, but applies a deferred 2-round status (4.2759ms)
  ✔ Siphon heals on the SAME attack (instant, by design) (0.4932ms)
  ✔ an already-active Lifesteal buff heals a follow-up attack on a later round (4.1247ms)
✔ PvP tag lifecycle — Lifesteal vs Siphon (10.1881ms)
[pvp-loadout] unlearned equipped jutsu id(s) dropped  missing-stale-jutsu
[pvp-loadout] unlearned equipped jutsu id(s) dropped  missing-stale-jutsu
[pvp-loadout] unlearned equipped jutsu id(s) dropped  starter-nin-fire-2
[pvp-loadout] unresolved equipped jutsu id(s)  starter-universal-blitz
[pvp-loadout] unresolved equipped jutsu id(s)  starter-universal-blitz
[pvp-loadout] unresolved equipped jutsu id(s)  starter-universal-blitz
[pvp-loadout] unlearned equipped jutsu id(s) dropped  starter-nin-fire-2
[pvp-loadout] unresolved equipped jutsu id(s)  starter-universal-blitz
[pvp-loadout] unresolved equipped jutsu id(s)  owned-second
▶ authoritative equipped-jutsu hydration
  ✔ resolves built-in and creator jutsu in saved slot order (241.3808ms)
  ✔ places that resolved loadout on the sealed combat character (39.55ms)
✔ authoritative equipped-jutsu hydration (283.113ms)
▶ admin-authored jutsu resolve from authored content, not the client
  ✔ takes the authored object over the client body (0.6773ms)
  ✔ resolves the authored jutsu even when the client sends nothing (0.2349ms)
  ✔ reaches the sealed combat character through the hydrator (3.7134ms)
  ✔ leaves the save's own bloodline jutsu authoritative over an id-colliding authored one (1.5787ms)
  ✔ drops a forged explicit catalog id with no learned/mastery entitlement (0.5344ms)
  ✔ does not trust a client definition for a persisted player when no server definition exists (1.877ms)
  ✔ treats a legacy saved jutsu snapshot as IDs only when equipped IDs are empty (29.6255ms)
  ✔ drops a forged legacy snapshot catalog id with no learned/mastery entitlement (0.7266ms)
  ✔ never falls back to persisted or request-body definitions when no saved IDs resolve (1.6436ms)
  ✔ hydrates only the first row from duplicate carried bloodline ids (5.6705ms)
  ✔ keeps an authored repeated tag only on the trusted admin definition (1.0087ms)
✔ admin-authored jutsu resolve from authored content, not the client (49.9236ms)
▶ human PvP low-level HP scaling
  ✔ applies the full bonus through level 10 and fades exactly to zero at 25 (1.768ms)
  ✔ projects a fresh level-10 human from 1,400 to 2,100 HP (2.5813ms)
  ✔ keeps the resulting canonical level curve monotonic through the fade (7.0807ms)
  ✔ preserves current-HP ratio in continuous-vitals PvP (1.0442ms)
  ✔ does not scale PvP-engine AI encounters or level-25 human PvP (0.2131ms)
  ✔ changes only the session fighter and leaves canonical character HP untouched (0.349ms)
✔ human PvP low-level HP scaling (14.8476ms)
▶ opener-relative round flow
  ✔ p1 opening still grants exactly 25 turns to each fighter (4.9376ms)
  ✔ p2 opening still grants exactly 25 turns to each fighter (0.847ms)
✔ opener-relative round flow (6.8851ms)
▶ round-symmetric deferred lifecycle
  ✔ a deferred status cast by p1 as opener lasts two complete active rounds (49.4155ms)
  ✔ a ground zone created by p1 as opener affects exactly two target turns (1.3029ms)
  ✔ Barrier cast by p1 as opener is deferred for two complete rounds (15.024ms)
  ✔ a deferred status cast by p2 as closer lasts two complete active rounds (0.4934ms)
  ✔ a ground zone created by p2 as closer affects exactly two target turns (0.5609ms)
  ✔ Barrier cast by p2 as closer is deferred for two complete rounds (10.1015ms)
  ✔ a deferred status cast by p2 as opener lasts two complete active rounds (0.2888ms)
  ✔ a ground zone created by p2 as opener affects exactly two target turns (0.4665ms)
  ✔ Barrier cast by p2 as opener is deferred for two complete rounds (0.3848ms)
  ✔ a deferred status cast by p1 as closer lasts two complete active rounds (0.2366ms)
  ✔ a ground zone created by p1 as closer affects exactly two target turns (0.3217ms)
  ✔ Barrier cast by p1 as closer is deferred for two complete rounds (0.2773ms)
  ✔ an off-target opener zone keeps both future recurrence rounds (0.3154ms)
✔ round-symmetric deferred lifecycle (81.2444ms)
▶ bounded shield and normalized timeout score
  ✔ repeated shield casts cannot bank more than one bounded health bar (1.4601ms)
  ✔ equal normalized effective health is a deterministic draw despite unequal raw HP (0.2015ms)
  ✔ bounded shield counts in the normalized timeout result (0.3307ms)
  ✔ timeout resolves before an unmatched round-26 start-of-turn DoT (0.2538ms)
  ✔ legacy oversized shields are clamped before scoring (0.1849ms)
✔ bounded shield and normalized timeout score (2.7427ms)
[pvp/move] join pending-session reservation failed Error: pvp-pending-session-conflict:join-prior-kage-draw
    at publishPvpPendingSessionPointer (C:\Users\Tyler R\source\repos\NinjaK\api\pvp\_pending-session.ts:178:19)
    at async reserveJoinPointer (C:\Users\Tyler R\source\repos\NinjaK\api\pvp\move.ts:1606:28)
    at async handler (C:\Users\Tyler R\source\repos\NinjaK\api\pvp\move.ts:1683:41)
    at async postMove (C:\Users\Tyler R\source\repos\NinjaK\api\pvp\_move-handler.test.ts:111:5)
    at async TestContext.<anonymous> (C:\Users\Tyler R\source\repos\NinjaK\api\pvp\_move-handler.test.ts:495:21)
    at async Test.run (node:internal/test_runner/test:1208:7)
    at async Test.processPendingSubtests (node:internal/test_runner/test:831:7)
✔ a ranked tombstone returns terminal control instead of dereferencing fighters (13277.8582ms)
✔ runtime role validation rejects non-p1/p2 values before role dereference (1.8165ms)
✔ an unsolicited opponent cannot claim an AFK win before both fighters join (162.8088ms)
✔ join is an authenticated, idempotent membership handshake even out of turn (2.7266ms)
✔ join exact-clears a stale sessionless pointer and recovers in the same request (5.8863ms)
✔ join preserves a prior draw pointer until its exact completion ACK is durable (37.6878ms)
✔ Cleanse preserves deferred Stun, Wound, Drain, and prevention in both round phases (13.1713ms)
✔ Clear preserves deferred positive prevention statuses in both round phases (4.7713ms)
✔ Copy and Mirror persist their deferred contracts through the authoritative move handler (258.3327ms)
✔ non-stackable negative refresh preserves the active copy through opener and closer phases (105.9203ms)
✔ non-stackable positive refresh preserves the active copy through opener and closer phases (13.7978ms)
✔ pending Stun refresh survives consumption of the currently active Stun (17.0791ms)
✔ pending third Wound preserves two current stacks, then caps the next boundary in both phases (134.9825ms)
✔ pvp adapter converts session state without changing PvP-compatible fields (0.8533ms)
✔ moveToken retry returns the current session without double-applying a jutsu (1.7009ms)
✔ duplicate-token retry repairs an action receipt missing after combat CAS (136.0506ms)
✔ insufficient AP rejects without mutating fighter state or persisting the retry token (1.4859ms)
✔ insufficient chakra rejection is logged but does not spend AP or stamina (1.0602ms)
✔ basic attack spends only AP and stamina and emits matching damage fx (4.269ms)
✔ damaging jutsu with incidental support tags keeps its elemental VFX (1.9658ms)
✔ 60 AP core-element jutsu emit their literal elemental VFX even with status tags (2.9072ms)
✔ a saved Bloodline visual choice overrides the automatic 60 AP element VFX (1.5759ms)
✔ custom bloodline element names resolve to the nearest shipped VFX family (1.3816ms)
✔ bloodline displacement tags emit wind VFX on the opponent (1.4181ms)
✔ pure movement jutsu leaves combat VFX empty so the board trail owns the read (1.2555ms)
✔ Barrier tile authority honors its deferred activeRound (209.1707ms)
✔ SINGLE movement resolves its secondary self and opponent tags without remote damage (2.7226ms)
✔ AOE_CIRCLE movement still resolves its Pierce impact footprint (1.2118ms)
✔ ground cast pulse is phase-aware while both phases begin recurrence on the target turn (218.5518ms)
✔ an off-target opener ground cast records no consumed pulse (1.3871ms)
✔ thrown status weapons layer delivery VFX with their status effect (17.7174ms)
✔ named hand weapons layer delivery VFX with caster-side tag effects (4.8951ms)
✔ both-target consumables emit matching self and opponent VFX (1.311ms)
✔ successful flee spends the adjusted Overclock cost without negative terminal AP (3.7994ms)
✔ consumable-authority v1 refuses a real casual fighter even if a stale worker left a positive charge (1.0612ms)
✔ consumable-authority v2 lets a real casual fighter spend one sealed charge (4.7052ms)
✔ terminal retry restores a missing battle receipt body with stable endedAt (134.8372ms)
✔ a final move paused past its lease cannot overwrite an advanced session (4.5796ms)
✔ a ranked close fence that wins before the final CAS is never overwritten (160.651ms)
✔ cooldown is applied on cast and ticks when that fighter ends turn (5.1847ms)
✔ active stun on the next fighter applies the AP penalty once at handoff (1.2284ms)
✔ golden replay: basic jutsu damage, AP spend, resources, cooldown, and log (5.4675ms)
✔ golden replay: basic attack spend and server damage fx (0.7489ms)
✔ golden replay: support jutsu applies pending heal and shield without damaging opponent (1.7475ms)
✔ golden replay: insufficient AP rejection leaves stored state unchanged (6.2955ms)
✔ golden replay: stun AP penalty at turn handoff (1.2233ms)
[kv] isolated in-memory QA backend active
✔ inside: admission → committed cast → KO → reward claim, with replay and location changes (24092.8575ms)
✔ outside: admission → committed cast → KO → reward claim, with replay and location changes (154.6345ms)
✔ normal: admission → committed cast → KO → reward claim, with replay and location changes (510.4881ms)
✔ Death’s Gate players on opposite sides of the entrance cannot fight (2.961ms)
▶ PvP pending-session pointer
  ✔ is owner scoped and permits exact same-battle refresh (2.9928ms)
  ✔ never lets another battle overwrite the single-flight or a stale completion delete its successor (1.3851ms)
  ✔ binds a stable battle capability to its exact session creation generation (0.6998ms)
  ✔ fails closed on malformed server state (0.3527ms)
  ✔ renews an exact reserving capability, fences expiry, and activates exactly (0.7983ms)
  ✔ does not classify an unreadable clear readback as confirmed absence (0.6468ms)
  ✔ proves terminal TTL refresh with an immutable deadline body transition (0.9302ms)
✔ PvP pending-session pointer (9.4781ms)
[kv] isolated in-memory QA backend active
✔ ranked settlement retry copy stays phase-neutral (14349.9841ms)
✔ claim helps an over-age unjoined-opponent V2 terminal through the full saga (106.8735ms)
▶ player ranked terminal journal
  ✔ seals one immutable terminal and ignores shared-receipt churn on replay (16.6149ms)
  ✔ recovers winner/loser save commit acknowledgements without double Elo (18.8632ms)
  ✔ recognizes an old-worker-first legacy payout and only backfills the v2 fence (14.2609ms)
  ✔ new-worker-first writes the legacy receipt in the same Elo CAS and fences a d76a replay (5.6461ms)
  ✔ bounds dedicated settlement stamps while completed journals remain replay authority (22.4514ms)
  ✔ recovers a terminal gate commit whose acknowledgement was lost (1.6311ms)
  ✔ repairs a crash after gate terminalization but before journal publication without recomputing eligibility (2.393ms)
  ✔ recognizes a journal publication commit whose acknowledgement was lost (1.6672ms)
  ✔ leaves a discoverable partial journal on loser precommit failure and either helper finishes it (3.0996ms)
  ✔ exact save CAS defeats a paused stale writer and preserves the successor mutation (9.7462ms)
  ✔ seals anti-alt eligibility once and terminalization wins the close race (3.9317ms)
  ✔ close cancellation winning first rejects stale terminal publication and applies no rating (7.6075ms)
  ✔ completed replay after a season reset returns current ratings and never reapplies delta (3.1701ms)
✔ player ranked terminal journal (121.8787ms)
[kv] isolated in-memory QA backend active
✔ rollout helper is default-off, exact-enable, and kill-switch dominant (4971.328ms)
✔ disabled join fails before rate-limit, queue, token, gate, or session writes (5.6785ms)
✔ kill switch still finishes an in-flight terminal but creates no new queue work (737.5526ms)
✔ kill switch retires a never-joined admission after its bounded deadline (22.4328ms)
✔ enabled POST success and UI/runbook contracts advertise the same state (103.963ms)
[kv] isolated in-memory QA backend active
✔ ranked request without exact match proof returns 409 and never becomes casual (11832.1617ms)
✔ session binds exact matchId, pair, season, and epoch (95.1337ms)
✔ session admission precommit failure leaves queued proof retryable (216.0507ms)
✔ session recognizes activation and session-publication lost acknowledgements (107.9936ms)
✔ mismatched client season or epoch returns 409 without consuming the queued admission (9.7938ms)
✔ active retry rejects a battle row whose season authority was corrupted (118.453ms)
▶ poisonPercentForTag — Poison has its own rank ceiling
  ✔ holds each source to its rank ceiling (1.7902ms)
  ✔ keeps values authored under the ceiling (0.1598ms)
  ✔ ramps two-thirds to full with mastery, monotonically, and never collapses to 0 (0.3296ms)
  ✔ an unset percent falls back to the documented 6%, not the generic 30 (0.1196ms)
✔ poisonPercentForTag — Poison has its own rank ceiling (3.3899ms)
▶ applyJutsu applies the capped Poison potency
  ✔ a creator-scale 30% poison on a non-bloodline jutsu lands at 10% (4.2754ms)
  ✔ A-rank bloodline poison lands at 12%, S-rank at 14% (0.4616ms)
  ✔ a weapon swing answers to the weapon ceiling (Serpent Dust at 55, forged blades at 15-40) (0.3045ms)
  ✔ an unset Poison percent applies the 6% default instead of the generic 30 (0.3306ms)
✔ applyJutsu applies the capped Poison potency (5.6824ms)
▶ ground-zone Poison answers to the casting rank
  ✔ a zone with no stamped rank (NPC, or laid before the stamp) takes the basic ceiling (0.5042ms)
  ✔ a stamped zone takes its caster rank ceiling (0.2645ms)
  ✔ a zone authored under the ceiling keeps its full value (0.1728ms)
✔ ground-zone Poison answers to the casting rank (1.1262ms)
▶ poisonSpendDamage — the on-spend hit
  ✔ matches the raw on-spend formula for a fighter with no armor or DDT (0.5268ms)
  ✔ is reduced by armor, and further by Decrease Damage Taken, like a Wound or Drain tick (0.2412ms)
  ✔ never computes above the S-rank ceiling (a Poison sealed onto a fighter before the caps) (0.1444ms)
  ✔ is 0 when not poisoned, when the cast is free, or when the Poison is not active yet (0.1428ms)
✔ poisonSpendDamage — the on-spend hit (1.2255ms)
▶ authored Poison sources sit on the Poison scale
  ✔ every built-in jutsu Poison is at or under its rank ceiling (0.3289ms)
  ✔ every built-in item Poison (Serpent Dust included) is at or under the weapon ceiling (0.2232ms)
  ✔ the Crafter shop line advertises Serpent Dust at its catalog potency (0.9403ms)
  ✔ every Battle Towers enemy Poison is at or under the no-rank ceiling (0.2709ms)
  ✔ a mastered starter poison costs an active level-50 victim under 5% of max HP per 60-AP cast (0.1933ms)
✔ authored Poison sources sit on the Poison scale (2.1774ms)
[pvp-loadout] unresolved equipped jutsu id(s) Sage blast
▶ PvE-only relic power
  ✔ derives the two fields from the equipped relic (2.0774ms)
  ✔ is sealed onto the fighter by hydrateCharacterFromSave (3.9302ms)
  ✔ RAISES PvE damage even at fully maxed stats — where stat bonuses do nothing (17.6285ms)
  ✔ changes NOTHING in PvP — the pillar guard (8.0307ms)
  ✔ routes the Aura Sphere level-300 perk into server PvE (0.69ms)
  ✔ grants the sphere perk only while the sphere is EQUIPPED (0.5219ms)
  ✔ stacks the sphere perk with a relic — they are different slots (0.5943ms)
  ✔ keeps the sphere perk out of PvP like every other PvE bonus (3.1051ms)
  ✔ a defensive relic reduces what the AI deals to the player (17.4115ms)
✔ PvE-only relic power (56.0216ms)
[pvp-loadout] unresolved equipped jutsu id(s)  forged-4
▶ resolveEquippedLoadout — bloodline rank stamp (permanent)
  ✔ stamps bloodlineRank from the bloodline object even with the retired env flag cleared (76.0206ms)
  ✔ never trusts a client-supplied rank (stamp is from the save bloodline) (0.7303ms)
  ✔ always enforces the saved bloodline point budget before combat (6.7199ms)
✔ resolveEquippedLoadout — bloodline rank stamp (permanent) (84.999ms)
[kv] isolated in-memory QA backend active
▶ ranked 2v2 pairing
  ✔ requires an accepted partner before the duo can queue (6.5703ms)
  ✔ refuses self-pairing, double-booking, and poaching a partnered shinobi (1.8828ms)
  ✔ applies the shared newcomer floor to BOTH partners (0.7755ms)
  ✔ lets either partner leave, freeing both to pair again (1.7914ms)
✔ ranked 2v2 pairing (23473.4888ms)
▶ ranked 2v2 matchmaking
  ✔ requires BOTH duos to accept the rating gap (0.7053ms)
  ✔ never matches a duo against itself or a shared account (0.3147ms)
  ✔ pairs the longest-waiting eligible duo (0.468ms)
  ✔ drops stale, duplicate and malformed queue rows (1.2667ms)
  ✔ publishes one four-player match with each duo kept whole (144.3794ms)
  ✔ refuses to queue a duo whose partner is already in another battle (0.967ms)
✔ ranked 2v2 matchmaking (148.6642ms)
▶ ranked 2v2 rating
  ✔ moves both winners up and both losers down, exactly once (8.6677ms)
  ✔ rates nobody for a duel that never happened (4.9947ms)
  ✔ leaves the solo 1v1 ladder untouched (3.2877ms)
  ✔ ignores a match that is not ranked 2v2 (2.4347ms)
✔ ranked 2v2 rating (19.8791ms)
▶ ranked queue level-band schedule
  ✔ starts at +/-2, widens every 30 seconds, and hard-caps at +/-5 (1.0248ms)
  ✔ does not immediately fall back to an opponent outside the level band (0.3432ms)
  ✔ allows a 3-level gap only after both players waited 30 seconds (0.2451ms)
  ✔ never crosses a combat progression breakpoint or exceeds five levels (0.2349ms)
  ✔ chooses the closest Elo among mutually eligible opponents (0.2295ms)
✔ ranked queue level-band schedule (3.4746ms)
▶ unified player-ranked terminal saga
  ✔ credits one council PvP win to the verified winner and recovers a lost acknowledgement without duplication (42.1034ms)
  ✔ draws and ineligible ranked matches cannot add council wins (54.0113ms)
  ✔ keeps a partial second-save failure discoverable and retry completes exactly once (49.3419ms)
  ✔ queue traffic recovers an exact terminal session CAS before gate terminalization (61.9578ms)
  ✔ storage uncertainty cannot seal V2 eligibility and the exact terminal remains retryable (8.1344ms)
  ✔ never honors an eligible terminal admission against unconfirmed participant evidence (4.5559ms)
  ✔ queue traffic resumes a legacy partial V2 item-confirmation journal (19.138ms)
  ✔ a missing terminal session cannot release admission without exact durable Vanguard outcome proof (3.0373ms)
  ✔ recovers a second-save commit whose acknowledgement is lost (43.7319ms)
  ✔ a draw removes its admission immediately and both players can reserve a successor (3.5555ms)
  ✔ queue traffic repairs bound-then-crash after TTL expiry and admits a successor (37.5823ms)
✔ unified player-ranked terminal saga (329.7108ms)
[kv] isolated in-memory QA backend active
[pvp/claim-rewards] server credit failed Error: forced winner credit failure after claim reserve
    at Object.kv.compareSet (C:\Users\Tyler R\source\repos\NinjaK\api\pvp\_reward-completion-handler.test.ts:111:19)
    at writeVersionedPlayerSaveWithStore (C:\Users\Tyler R\source\repos\NinjaK\api\save\_mutate-player-save.ts:61:39)
    at async writeVersionedPlayerSave (C:\Users\Tyler R\source\repos\NinjaK\api\save\_mutate-player-save.ts:79:17)
    at async settleBaseForWinner (C:\Users\Tyler R\source\repos\NinjaK\api\pvp\claim-rewards.ts:737:21)
    at async <anonymous> (C:\Users\Tyler R\source\repos\NinjaK\api\pvp\claim-rewards.ts:847:27)
    at async withLockCore (C:\Users\Tyler R\source\repos\NinjaK\api\_lock.ts:123:16)
    at async handler (C:\Users\Tyler R\source\repos\NinjaK\api\pvp\claim-rewards.ts:790:29)
    at async TestContext.<anonymous> (C:\Users\Tyler R\source\repos\NinjaK\api\pvp\_reward-completion-handler.test.ts:132:9)
    at async Test.run (node:internal/test_runner/test:1208:7)
    at async startSubtestAfterBootstrap (node:internal/test_runner/harness:385:3)
[pvp/claim-rewards] consumable settlement pending Error: forced Kage terminal-evidence failure
    at Object.kv.compareSet (C:\Users\Tyler R\source\repos\NinjaK\api\pvp\_reward-completion-handler.test.ts:328:19)
    at recordPendingKageSettle (C:\Users\Tyler R\source\repos\NinjaK\api\village\_kage-settle.ts:294:22)
    at async replayCommittedPvpTerminalEffects (C:\Users\Tyler R\source\repos\NinjaK\api\pvp\_committed-terminal-effects.ts:162:13)
    at async handler (C:\Users\Tyler R\source\repos\NinjaK\api\pvp\claim-rewards.ts:391:43)
    at async TestContext.<anonymous> (C:\Users\Tyler R\source\repos\NinjaK\api\pvp\_reward-completion-handler.test.ts:334:9)
    at async Test.run (node:internal/test_runner/test:1208:7)
    at async Test.processPendingSubtests (node:internal/test_runner/test:831:7)
[pvp/claim-rewards] consumable settlement pending Error: forced Vanguard receipt outage
    at Object.kv.compareSet (C:\Users\Tyler R\source\repos\NinjaK\api\pvp\_reward-completion-handler.test.ts:502:19)
    at vanguardCompareSetConfirmed (C:\Users\Tyler R\source\repos\NinjaK\api\pvp\_vanguard-rewards.ts:556:25)
    at <anonymous> (C:\Users\Tyler R\source\repos\NinjaK\api\pvp\_vanguard-rewards.ts:991:27)
    at async withLockCore (C:\Users\Tyler R\source\repos\NinjaK\api\_lock.ts:123:16)
    at async replayCommittedPvpTerminalEffects (C:\Users\Tyler R\source\repos\NinjaK\api\pvp\_committed-terminal-effects.ts:212:9)
    at async handler (C:\Users\Tyler R\source\repos\NinjaK\api\pvp\claim-rewards.ts:391:43)
    at async TestContext.<anonymous> (C:\Users\Tyler R\source\repos\NinjaK\api\pvp\_reward-completion-handler.test.ts:508:9)
    at async Test.run (node:internal/test_runner/test:1208:7)
    at async Test.processPendingSubtests (node:internal/test_runner/test:831:7)
✔ completion ACK cannot pass the server-credit barrier and remains repairable after session expiry (5940.6138ms)
✔ a versioned terminal recovery remains first-claimable after the legacy two-hour window (3.9743ms)
✔ a legacy caller cannot create an invalid completed/server-pending receipt (6.5152ms)
✔ an official Kage duel cannot complete until its exact seat settlement is durable (50.5351ms)
✔ an official draw closes the accepted Kage challenge as a durable defense before ACK (21.03ms)
✔ a transient Vanguard saga failure keeps completion pending and retry credits exactly once (155.2161ms)
▶ durable PvP browser-completion receipt
  ✔ repairs a lost claim response without any browser storage (3.5016ms)
  ✔ recovers a completion CAS whose acknowledgement is lost (0.7373ms)
  ✔ treats pre-protocol receipts as completed and isolates outcome authority (0.6248ms)
  ✔ fails closed on malformed object receipts in status, reserve, credit, and ACK paths (1.7838ms)
  ✔ retains explicit old-v2 compatibility only when its completion fields are coherent (0.3883ms)
  ✔ keeps false-NX followed by a missing read retryable (0.2701ms)
  ✔ refuses a browser ACK until server credits are durably sealed (0.4965ms)
  ✔ keeps a legacy no-ACK claim valid while server credits are pending and recovers a lost mark ACK (0.3817ms)
  ✔ binds a new receipt to the supplied immutable terminal deadline (0.2082ms)
  ✔ binds reserve, server-credit mark, and browser ACK to one session generation (0.56ms)
  ✔ rejects exotic receipt prototypes (0.1713ms)
✔ durable PvP browser-completion receipt (11.6474ms)
▶ repeatWinDecayMultiplier
  ✔ pays the first two wins in full (1.0953ms)
  ✔ tapers after the second win (0.1904ms)
  ✔ floors at 0.1 for sustained farming (0.2112ms)
  ✔ never returns a value above 1 or below the floor (0.3213ms)
  ✔ clamps/floors non-integer and negative inputs defensively (0.2069ms)
  ✔ uses a one-hour farm window (0.1521ms)
✔ repeatWinDecayMultiplier (3.7276ms)
▶ PvP reward recovery snapshot
  ✔ seals one canonical session and reloads it after the live row is deleted (4.6481ms)
  ✔ accepts a canonical JSON replay but rejects a conflicting terminal row (1.2031ms)
  ✔ fails closed on a malformed server-owned snapshot (0.2525ms)
  ✔ requires the snapshot and both discovery pointers, then never resurrects a completed actor (4.252ms)
  ✔ propagates a precommit publication outage and converges on retry (1.7066ms)
  ✔ migrates a canonical v1 snapshot and seals one absolute terminal deadline without extending it (0.8499ms)
✔ PvP reward recovery snapshot (14.3658ms)
▶ pvpSettlementId
  ✔ is deterministic, prefixed, and within the receipt-id charset/length (14.0887ms)
  ✔ strips any out-of-charset characters defensively (0.2937ms)
✔ pvpSettlementId (15.8503ms)
▶ atomic in-save PvP settlement
  ✔ fails closed when the durable ledger is malformed (1.0836ms)
  ✔ fails closed when a durable settlement id has a different fingerprint (0.2745ms)
  ✔ fails closed on an over-cap durable ledger even when the requested receipt exists (6.1895ms)
  ✔ credits exactly once, no matter how many times the claim is retried (3.6349ms)
  ✔ the credit and the receipt persist together — a crash BEFORE the write loses neither (recovered on retry) (0.5213ms)
  ✔ a crash AFTER the atomic write leaves credit+receipt together, so the retry skips (0.371ms)
  ✔ keeps post-save/pre-claim-marker recovery exact after 50+ unrelated receipt entries churn (1.2625ms)
  ✔ backfills a pre-cutover shared-ring replay before that ring can churn (1.9841ms)
  ✔ bounds a fingerprint to what the shared legacy reader accepts, not just the durable ledger (0.3337ms)
  ✔ replays a legacy shared-ring receipt built from a fingerprint that needed bounding (0.4393ms)
  ✔ two-sided rating: each fighter save tracks its own settlement independently (4.3685ms)
  ✔ different settlement kinds in the same save do not collide (0.7896ms)
✔ atomic in-save PvP settlement (22.1031ms)
✔ opponent combat snapshots omit council win history and ranked settlement receipts (1.8729ms)
▶ sanitizePvpItems
  ✔ returns [] for non-array input (0.5834ms)
  ✔ drops non-object entries (0.1343ms)
  ✔ passes a normal weapon through with values intact (0.3726ms)
  ✔ clamps weaponEp to [0, 60] (0.1543ms)
  ✔ clamps weaponRange to [0, 30] (0.1329ms)
  ✔ clamps apCost to [0, 200] (0.1629ms)
  ✔ clamps weaponEffectValue to [0, 100] (0.1557ms)
  ✔ filters weaponTags against the known tag whitelist (0.4127ms)
  ✔ caps weaponTags at 10 entries (0.2788ms)
  ✔ dedupes identical weaponTags within one weapon (0.1648ms)
  ✔ caps tag percent at 100 and amount at 10000 (0.1527ms)
  ✔ drops weaponEffect if not in the known tag set, keeps it otherwise (0.1552ms)
  ✔ drops weaponElement if not a real element (0.1066ms)
  ✔ drops weaponEffectTarget if not in {self, opponent, enemy, both} (0.1266ms)
  ✔ drops non-string id/name/slot so the equippedPvpItem lookup stays type-safe (0.102ms)
  ✔ fully neutralizes a tampered god-weapon (0.1453ms)
  ✔ leaves field absent (vs null/undefined) untouched (0.1084ms)
✔ sanitizePvpItems (4.314ms)
▶ sanitizeJutsuList (smoke)
  ✔ clamps effectPower to [0, 60] (max legit EP is 50) (0.4702ms)
  ✔ strips the internal weaponSwing scaling stamp from authored jutsu (0.1276ms)
  ✔ dedupes a duplicate amp tag within one cast (no double-stack) (0.1949ms)
  ✔ strips a second Pierce in the same loadout (0.1427ms)
  ✔ keeps only valid offensive 60 AP visual choices (0.1434ms)
✔ sanitizeJutsuList (smoke) (1.2615ms)
▶ sanitizeJutsuList — canonicalizes alias tag names before sealing
  ✔ rewrites every alias to its canonical name (0.2149ms)
✔ sanitizeJutsuList — canonicalizes alias tag names before sealing (0.2811ms)
▶ sanitizeJutsuList — strips post-damage tags that can never resolve
  ✔ drops Wound / Siphon from a zero-damage 40-AP utility jutsu (0.2012ms)
  ✔ keeps Wound / Siphon on a damaging jutsu (0.1021ms)
  ✔ keeps Wound on a Pierce jutsu even at zero effect power (0.1236ms)
  ✔ canonicalizes Vamp before the can-resolve check (alias of Siphon) (0.1085ms)
✔ sanitizeJutsuList — strips post-damage tags that can never resolve (0.667ms)
▶ sanitizeJutsuList — clamps the legacy EP-100 fixed-effect sentinel
  ✔ clamps a 60-AP control jutsu (Stun) from EP 100 down to standard 40 (0.1461ms)
  ✔ clamps Copy / Mirror (forced 60-AP control) the same way (0.113ms)
  ✔ leaves a normal damage jutsu untouched (no fixed-effect tag) (0.1013ms)
  ✔ does not raise a low EP — only clamps the sentinel down (0.0885ms)
✔ sanitizeJutsuList — clamps the legacy EP-100 fixed-effect sentinel (0.6253ms)
▶ sanitizeJutsuList — bloodline weatherElement affinity
  ✔ keeps a valid base weather element (0.1579ms)
  ✔ keeps 'None' so the flavor element gets no weather interaction (0.0996ms)
  ✔ drops a junk weatherElement (falls back to the cosmetic element) (0.2168ms)
  ✔ leaves jutsu without a weatherElement untouched (0.126ms)
✔ sanitizeJutsuList — bloodline weatherElement affinity (0.7332ms)
▶ sanitizePvpItems — canonicalizes weapon tags + effect
  ✔ rewrites weaponTags aliases and the weaponEffect to canonical names (0.1867ms)
✔ sanitizePvpItems — canonicalizes weapon tags + effect (0.2459ms)
▶ PvP items cannot carry Barrier
  ✔ strips a Barrier tag and a Barrier weaponEffect from a weapon (0.2106ms)
  ✔ also strips Barrier from non-weapon consumables (0.1631ms)
  ✔ leaves every other weapon tag alone (0.1657ms)
✔ PvP items cannot carry Barrier (0.6527ms)
▶ sealedSessionBiome
  ✔ seals a wild sector to the ground the world map paints, whatever the body says (1.6685ms)
  ✔ refuses the two damage edges a claimed biome used to buy (0.3447ms)
  ✔ is unchanged for an honest client, which sends the sector biome anyway (0.4647ms)
  ✔ keeps ranked on neutral ground regardless of sector or claim (0.1888ms)
  ✔ keeps the client-chosen environment where there is no ground truth (0.226ms)
  ✔ still normalises a junk claim rather than sealing it (0.1667ms)
  ✔ seals the festival sector to its REAL biome, not its theming (0.1771ms)
  ✔ never returns anything but a real biome (0.3347ms)
✔ sealedSessionBiome (12.3012ms)
✔ Sennin God set grants its documented damage bonus, not duplicate reflect (0.878ms)
[kv] isolated in-memory QA backend active
[pvp/session] pending-session activation failed Error: forced-pointer-activation-precommit
    at Object.kv.compareSet (C:\Users\Tyler R\source\repos\NinjaK\api\pvp\_session-consumable-authority-handler.test.ts:143:23)
    at activatePvpPendingSessionPointer (C:\Users\Tyler R\source\repos\NinjaK\api\pvp\_pending-session.ts:345:29)
    at async handler (C:\Users\Tyler R\source\repos\NinjaK\api\pvp\session.ts:3104:21)
    at async TestContext.<anonymous> (C:\Users\Tyler R\source\repos\NinjaK\api\pvp\_session-consumable-authority-handler.test.ts:150:9)
    at async Test.run (node:internal/test_runner/test:1208:7)
    at async Test.processPendingSubtests (node:internal/test_runner/test:831:7)
[pvp/session] pending-session activation failed Error: pvp-pending-session-publication-ownership-lost
    at requirePvpPendingSessionOwnership (C:\Users\Tyler R\source\repos\NinjaK\api\pvp\_pending-session.ts:305:15)
    at async handler (C:\Users\Tyler R\source\repos\NinjaK\api\pvp\session.ts:3102:25)
    at async TestContext.<anonymous> (C:\Users\Tyler R\source\repos\NinjaK\api\pvp\_session-consumable-authority-handler.test.ts:206:9)
    at async Test.run (node:internal/test_runner/test:1208:7)
    at async Test.processPendingSubtests (node:internal/test_runner/test:831:7)
✔ new real-player casual sessions stamp v1 and expose zero consumable charges (8350.0752ms)
✔ a stable create capability resumes one session and never indexes the unsolicited opponent (42.9485ms)
✔ pointer activation failure rolls back to a same-capability replaceable tombstone (37.1791ms)
✔ a creator paused past its pointer lease cannot leave an orphan after a successor wins (5.5387ms)
▶ exact PvP session mutation authority
  ✔ recovers a fulfilled-false commit and keeps a ranked terminal durable (3.4678ms)
  ✔ recovers a fulfilled-null commit and keeps a ranked terminal durable (0.3108ms)
  ✔ recovers a thrown postcommit acknowledgement and proves the ordinary TTL (0.5831ms)
  ✔ recovers a JSON-canonical false acknowledgement when undefined fields disappear (0.4011ms)
  ✔ rejects an expired-lease stale writer after its successor commits (0.4097ms)
  ✔ requires an acknowledged exact CAS before compacting a durable terminal (0.3865ms)
  ✔ keeps a legacy d76a player-ranked terminal on the ordinary bounded TTL (0.2929ms)
  ✔ terminal-CAS-before-close-fence wins the exact session boundary (1.8725ms)
  ✔ close-fence-before-terminal makes the paused move CAS lose without overwriting (2.5638ms)
  ✔ tombstones a missing prepublication session so a paused creator cannot publish (8.868ms)
✔ exact PvP session mutation authority (21.0162ms)
[kv] isolated in-memory QA backend active
[pvp/session] pending-session activation failed Error: forced-pointer-activation-precommit
    at Object.kv.compareSet (C:\Users\Tyler R\source\repos\NinjaK\api\pvp\_session-publication-tombstone.test.ts:161:23)
    at activatePvpPendingSessionPointer (C:\Users\Tyler R\source\repos\NinjaK\api\pvp\_pending-session.ts:345:29)
    at async handler (C:\Users\Tyler R\source\repos\NinjaK\api\pvp\session.ts:3104:21)
    at async TestContext.<anonymous> (C:\Users\Tyler R\source\repos\NinjaK\api\pvp\_session-publication-tombstone.test.ts:168:9)
    at async Test.run (node:internal/test_runner/test:1208:7)
    at async Test.processPendingSubtests (node:internal/test_runner/test:831:7)
✔ a capability needs a well-formed battle id, creator, distinct fighters and digest (18.931ms)
✔ the tombstone round-trips and rejects near-misses (1.8416ms)
✔ only the identical create capability may replace a publication fence (0.3085ms)
✔ a fenced battle id rejects a second creator and still readmits the first (4443.1615ms)
▶ PvP server projection revision
  ✔ upgrades a legacy row and advances each current server revision once (1.2245ms)
  ✔ fails closed instead of wrapping or repairing malformed authority (0.7887ms)
  ✔ classifies only an internally bound ranked close fence as terminal control (0.329ms)
✔ PvP server projection revision (6.0109ms)
✔ PvP spawns are exact 180-degree mirrors with identical board reach (2.8896ms)
▶ PvP tag contract — aliases
  ✔ every alias resolves to a canonical tag (1.2468ms)
  ✔ pins the five documented aliases (0.2421ms)
  ✔ canonical names are not themselves aliases (idempotent) (0.2996ms)
  ✔ tagNameMatches is alias-aware in both directions (69.0952ms)
✔ PvP tag contract — aliases (74.6251ms)
▶ PvP tag contract — set membership
  ✔ KNOWN_TAG_NAMES is exactly canonical ∪ aliases (2.1239ms)
  ✔ canonical names are unique (0.4518ms)
  ✔ STACKABLE_STATUS only contains canonical names (0.1907ms)
  ✔ CAPPED_AMP_TAGS only contains canonical names (0.3763ms)
  ✔ GROUND_EFFECT_TAGS only contains canonical names (54.359ms)
  ✔ COPY_EXCLUDED_BUFFS only contains canonical names (2.778ms)
  ✔ OPPONENT_AFFECTING_TAGS only contains canonical names (0.1988ms)
  ✔ REQUIRES_DAMAGE_TAGS only contains canonical names (0.153ms)
  ✔ FIXED_EFFECT_POWER_TAGS only contains canonical names (1.3517ms)
  ✔ REQUIRES_DAMAGE_TAGS are Wound + Siphon (post-damage resolvers) (0.1514ms)
  ✔ Copy excludes exactly Absorb and Lifesteal (0.1389ms)
✔ PvP tag contract — set membership (66.6302ms)
▶ PvP tag contract — fixed-effect power
  ✔ FIXED_EFFECT_STANDARD_EP is the standard 60-AP damage (40) (0.6362ms)
  ✔ jutsuHasFixedEffectPower is true for a control tag, false for a pure-damage one (1.0003ms)
  ✔ jutsuHasFixedEffectPower is alias-aware (Seal → Bloodline Seal) (1.1278ms)
✔ PvP tag contract — fixed-effect power (3.0673ms)
▶ PvP tag contract — catalog coverage
  ✔ every tag on every built-in catalog jutsu is a known tag name (0.3097ms)
  ✔ catalog tags are already canonical (no aliases shipped in content) (0.2302ms)
✔ PvP tag contract — catalog coverage (0.6517ms)
[pvp/terminal] village-war continuation deferred to claim 503 still finalizing
[pvp/terminal] village-war continuation deferred to claim Error: storage-down
    at TestContext.<anonymous> (C:\Users\Tyler R\source\repos\NinjaK\api\pvp\_terminal-world-raid.test.ts:133:39)
    at Test.runInAsyncScope (node:async_hooks:227:14)
    at Test.run (node:internal/test_runner/test:1201:25)
    at Suite.processPendingSubtests (node:internal/test_runner/test:831:18)
    at Test.postRun (node:internal/test_runner/test:1330:19)
    at Test.run (node:internal/test_runner/test:1258:12)
    at async Suite.processPendingSubtests (node:internal/test_runner/test:831:7)
[pvp/terminal] world raid progression deferred to claim Error: raid-progression-save-missing
    at TestContext.<anonymous> (C:\Users\Tyler R\source\repos\NinjaK\api\pvp\_terminal-world-raid.test.ts:139:47)
    at Test.runInAsyncScope (node:async_hooks:227:14)
    at Test.run (node:internal/test_runner/test:1201:25)
    at Suite.processPendingSubtests (node:internal/test_runner/test:831:18)
    at Test.postRun (node:internal/test_runner/test:1330:19)
    at Test.run (node:internal/test_runner/test:1258:12)
    at async Suite.processPendingSubtests (node:internal/test_runner/test:831:7)
▶ settleTerminalWorldRaid
  ✔ settles the raid, then hands its territory proof to the war row (2.8606ms)
  ✔ proves the raid is settled from the SESSION alone — the reason it can run browserless (0.8097ms)
  ✔ settles nothing for a draw (0.224ms)
  ✔ never throws when the war row refuses (1.8701ms)
  ✔ never throws when the war settler itself blows up (3.2885ms)
  ✔ never throws when raid settlement fails, and defers the war row with it (1.0183ms)
  ✔ defers rather than offering the war row a sealed raid it cannot verify (3.8492ms)
  ✔ defers when the sealed reward sector is out of range (0.3447ms)
  ✔ settles a non-world war battle with no raid proof at all (0.3291ms)
  ✔ skips a battle with no progression authority (0.4971ms)
  ✔ skips admin and pet-ranked battles (0.2597ms)
  ✔ settles nothing when the terminal stamp is malformed (0.1874ms)
✔ settleTerminalWorldRaid (17.5487ms)
✔ the shared turn clock is the single 45s constant both halves read (11342.8283ms)
✔ the browser countdown always expires strictly before the server deadline (0.6125ms)
✔ a fresh turn is not lapsed; one older than turn + grace is (2.1003ms)
✔ turn lapses -> the server auto-waits the idle player on the next poll by anyone (15.0057ms)
✔ a lapsed player who DID act this turn has the streak reset, not bumped (98.1563ms)
✔ the opponent's own move on a lapsed turn advances the clock first, then applies (43.6594ms)
✔ the lapsed player's late action (even a legacy auto:true wait) cannot bypass the deadline (6.0083ms)
✔ repeated lapses -> the AFK claim becomes available naturally (43.5703ms)
✔ real actions refresh the silence deadline across a multi-action turn (15.5103ms)
✔ client auto:true cannot manufacture an AFK skip before the sealed deadline (9.4526ms)
✔ the server counts an idle wait after the client deadline without trusting auto (20.0409ms)
✔ claim-afk-win is never blocked by the deadline flipping the turn to the claimant (4.8984ms)
✔ claiming on your own turn is still refused while the opponent is short of 2 skips (8.743ms)
✔ an early AFK claim is still rejected exactly as before (2.9076ms)
✔ AFK fallback measures the active turn, not stale global combat activity (3.8424ms)
✔ AFK fallback resolves a stale active turn even when global lastMoveAt is newer (1.0537ms)
✔ a pre-deploy row without turnStartedAt is stamped, never lapsed, on first contact (0.6244ms)
✔ the deadline does not run before both fighters have joined; join starts the clock (2.3136ms)
✔ an auto-wait that ENDS the match replays the terminal effects, exactly once (183.196ms)
✔ a contended lock leaves the snapshot untouched (another writer is applying it) (0.9825ms)
▶ levelGapMult
  ✔ full reward within 10 levels (either direction) (0.8476ms)
  ✔ 50% reward 10-20 levels below attacker (0.1493ms)
  ✔ 0 reward >20 levels below attacker (0.1314ms)
  ✔ no penalty for fighting higher-level players (0.1203ms)
✔ levelGapMult (2.3123ms)
▶ vanguardXpForLevel
  ✔ returns 100 XP for level 1-30 opponents (0.1994ms)
  ✔ adds +10 XP per level above 30 (0.1513ms)
✔ vanguardXpForLevel (0.5218ms)
▶ vanguardSealsForRank
  ✔ matches the rank table (1,1,2,2,3,3,4,4,5,5) (0.268ms)
  ✔ rank 0 returns 0 (unranked) (0.1399ms)
  ✔ clamps above rank 10 (0.1571ms)
✔ vanguardSealsForRank (0.8531ms)
▶ rankFromXp (baseline curve)
  ✔ Rank 1 at 0 XP (0.2986ms)
  ✔ Rank 2 at 100 XP (first threshold) (0.1084ms)
  ✔ Rank 10 at 32,850 XP (max threshold) (0.1426ms)
  ✔ caps at Rank 10 above max threshold (0.085ms)
✔ rankFromXp (baseline curve) (0.8091ms)
▶ pvpSessionCarriesVitals
  ✔ settles a continuous engagement and leaves a fresh-start contest alone (0.9378ms)
  ✔ falls back to world authority for rows sealed before the flag existed (0.2466ms)
  ✔ honours an explicit false even on a world row (0.2193ms)
✔ pvpSessionCarriesVitals (2.5523ms)
▶ pvpFighterIsHospitalized
  ✔ admits a knocked-out fighter (0.4133ms)
  ✔ admits the loser of a forfeit even at full HP (0.2061ms)
  ✔ sends a fighter who FLED back to the sector, not the hospital (0.1652ms)
  ✔ still admits a fighter who fled at zero HP (0.1529ms)
  ✔ leaves the winner standing unless they also hit zero (0.1928ms)
  ✔ admits nobody on a draw fought to a standstill (0.1969ms)
✔ pvpFighterIsHospitalized (1.7477ms)
▶ applyPvpVitalsToCharacter
  ✔ carries the survivor out at the vitals the fight left them (1.0139ms)
  ✔ admits a loser with the same 60s stay every other defeat path uses (0.2907ms)
  ✔ clamps to the SAVE maxima, never the stale session ones (72.273ms)
  ✔ leaves a fighter clinging on at exactly 1 HP on their feet (3.8575ms)
  ✔ reads a sub-1 HP fraction as the knockout it is (2.7323ms)
  ✔ preserves every unrelated character field (0.7994ms)
✔ applyPvpVitalsToCharacter (83.4841ms)
▶ settlePvpTerminalVitals
  ✔ writes both fighters and bumps each save version (10.1719ms)
  ✔ does nothing for a spar, which reset both fighters on entry (0.2998ms)
  ✔ does nothing while the battle is still live (0.2469ms)
  ✔ is a no-op on replay AFTER the player has healed (0.6043ms)
  ✔ records a receipt per fighter, keyed to the battle (0.6276ms)
  ✔ releases its receipt when the save write fails, so a retry can still settle (38.1324ms)
  ✔ writes the consequence and its proof in ONE save write — a crash after it cannot re-apply (1.5048ms)
  ✔ a failed save write leaves no receipt ANYWHERE, so the retry applies for real (3.0237ms)
  ✔ skips a fighter with no save row, such as an NPC guard (0.5807ms)
  ✔ takes the two save locks one at a time, never held together (2.9348ms)
✔ settlePvpTerminalVitals (58.8457ms)
▶ creditPvpWarGroundReward
  ✔ publishes reward fields and the battle receipt in one replay-stable character (3.4523ms)
  ✔ increments separate battles but pays the daily bounty only once (0.9224ms)
  ✔ stamps a delayed prior-day battle without regressing or double-paying newer daily state (0.6ms)
✔ creditPvpWarGroundReward (6.339ms)
▶ pvpWarGroundRewardEligible
  ✔ requires the exact villages, war-ground sector, and active battle timestamp (1.7971ms)
  ✔ rejects a fight started during the war but finished after another blow ended it (0.2036ms)
  ✔ rejects fractional timestamps and battles outside the bounded 14-day lifetime (0.1947ms)
✔ pvpWarGroundRewardEligible (2.5493ms)
▶ PvP weapon damage
  ✔ a 40-AP weapon (isUtility:false) deals weaponEp-scaled damage (4.7029ms)
  ✔ a genuine 40-AP utility jutsu still deals ZERO base damage (rule intact) (0.5619ms)
  ✔ the basic attack (id basic-attack, ap 40) still deals damage (0.333ms)
  ✔ a weapon carrying an Increase Generals tag applies the self-buff (named-weapon roll path) (0.838ms)
✔ PvP weapon damage (8.057ms)
▶ weapon damage survives Heal/Shield tags
  ✔ a weapon carrying a Heal tag still deals its weaponEp damage (74.6406ms)
  ✔ a weapon carrying a Shield tag still deals its weaponEp damage (194.3449ms)
  ✔ the Heal tag still heals the wielder on top of the damage (0.4957ms)
  ✔ the Shield tag still shields the wielder on top of the damage (0.4497ms)
  ✔ a 40-AP utility jutsu with Heal still deals ZERO damage (the split holds) (0.3711ms)
  ✔ a 60-AP DAMAGE jutsu with Heal keeps its full damage AND heals (0.5591ms)
  ✔ Barrier still zeroes the cast — it is board control, not a payload (0.6553ms)
  ✔ EVERY built-in hand/thrown weapon deals non-zero damage (4.0674ms)
✔ weapon damage survives Heal/Shield tags (276.2319ms)
▶ weapon tag percents ignore jutsu mastery
  ✔ a weapon applies its authored percent; an untrained jutsu still pays the ramp (0.5237ms)
  ✔ a weapon amp tag reaches the authored mythic 35% (0.3312ms)
  ✔ a weapon amp tag is still capped — a 40% forge roll lands at 35% (0.2395ms)
  ✔ the weapon ceiling does NOT leak into jutsu — bloodline ranks are untouched (0.3497ms)
  ✔ Wound and Siphon post-damage riders use the authored weapon value at max mastery, under weapon caps (0.3332ms)
  ✔ the FLAT Heal magnitude still scales with real mastery (a swing is not a full heal jutsu) (0.1906ms)
✔ weapon tag percents ignore jutsu mastery (2.332ms)
▶ weapon → bloodline multiplier gate (suppressBloodline)
  ✔ a weapon swing WITHOUT suppressBloodline rides the bloodline mult; WITH it does not (0.3113ms)
✔ weapon → bloodline multiplier gate (suppressBloodline) (0.3946ms)
▶ characterOwnsElement (weapon element ownership)
  ✔ matches an awakened element case-insensitively, from elements[] or element (0.3619ms)
  ✔ an empty / missing / "None" weapon element never qualifies (no-element weapon → no boost) (0.7692ms)
  ✔ a character with no elements owns nothing (0.1454ms)
✔ characterOwnsElement (weapon element ownership) (1.4514ms)
[kv] isolated in-memory QA backend active
✔ a world-PvP win settles in a sector that has no territory row (14099.5746ms)
✔ the loser's claim settles too — both fighters were trapped, not just the winner (47.2909ms)
✔ a retry of the same claim replays instead of double-settling (27.784ms)
[kv] isolated in-memory QA backend active
✔ placing a bounty posts Bounty Posted exactly once per board stamp (14409.9556ms)
✔ collecting a bounty heralds Bounty Collected exactly once per battle (5.6159ms)
✔ a no-bounty win settles successfully even when both players share a connection (2.5531ms)
✔ a shared-connection bounty is preserved but does not fail battle completion (197.6657ms)
[kv] isolated in-memory QA backend active
▶ live ranked pet matchmaking
  ✔ drops stale, duplicate, and future-dated waiting entries (6.1248ms)
  ✔ requires BOTH sides to accept the rating gap (0.4083ms)
  ✔ pairs the longest-waiting eligible opponent, never itself (0.411ms)
  ✔ never resolves, seeds, or rates a fight — it only pairs (1.4881ms)
✔ live ranked pet matchmaking (1605.0261ms)
✔ a bad battle id is refused before the connection is ever upgraded to SSE (15440.3828ms)
✔ the stream pushes the session immediately on connect (313.2354ms)
✔ THE SSE TICK ENFORCES THE TURN DEADLINE: a lapsed turn is auto-waited with nobody else polling (1055.9702ms)
✔ a fresh turn is never advanced by the tick, and the stream stays quiet (800.255ms)
✔ a lock held by another writer leaves the tick a no-op instead of racing it (670.3079ms)
✔ the stream winds itself down once the fight is over (227.4601ms)
✔ a session that vanishes mid-stream ends the connection instead of hanging (207.3475ms)
▶ abandonSoloPveSession — the authorized terminal transition
  ✔ mints one deterministic move token per (session, version) (103.3711ms)
  ✔ transitions an active session to a sealed loss in the owning store, version-fenced (23.8665ms)
  ✔ is a no-op on a session that is already terminal (0.5227ms)
  ✔ refuses another player and reports a lost compare-write as retryable (0.8142ms)
  ✔ seals the same evidence shape the action service seals on a done edge (1.2776ms)
✔ abandonSoloPveSession — the authorized terminal transition (131.9927ms)
▶ solo-PvE published content compatibility
  ✔ supports every published and legacy jutsu without an unsupported branch (2.2181ms)
  ✔ supports every published item combat field (0.4898ms)
  ✔ resolves every catalog AI loadout to compatible server-sealed jutsu (5.7983ms)
  ✔ covers the complete authoring vocabulary, including the historical line alias (0.5252ms)
✔ solo-PvE published content compatibility (10.2296ms)
✔ migrated mission and story endpoints have no Tower or client-trust authority path (3.661ms)
✔ all built-in mission ranks and both story lanes use the solo-PvE arena adapter (6.9965ms)
✔ shared PvE outcome reporting can read solo sessions before legacy Tower sessions (13.1312ms)
▶ solo-pve lapse — gameplay expiry is a terminal event, not a storage disappearance
  ✔ the row outlives its gameplay expiry by the retention window; terminal rows keep the receipt window (1.8372ms)
  ✔ terminalizes a lapsed session as abandoned AS OF its expiry, from the HP it lapsed with (72.8998ms)
  ✔ is a no-op on a live session, a terminal one, or a missing one (5.1204ms)
  ✔ a lapsed fight inside a Hollow Gate dive is voided — the row deleted, nothing transitioned or charged (33.1308ms)
  ✔ an explicit abandon of a session that already lapsed is the same transition, stamped at the lapse (0.9773ms)
  ✔ creation publishes the owner's battle projection; a terminal write retires it only if it still names the session (2.1989ms)
✔ solo-pve lapse — gameplay expiry is a terminal event, not a storage disappearance (118.0974ms)
▶ solo-PvE session and store boundaries
  ✔ mints an explicit runtime with independent state and version metadata (3.1842ms)
  ✔ uses a solo-only keyspace and rejects non-solo records (73.5788ms)
[pvp-loadout] unlearned equipped jutsu id(s) dropped Alice authored-player-hit
[pvp-loadout] unlearned equipped jutsu id(s) dropped Alice authored-player-hit
  ✔ does not couple the foundation to Tower modules (799.3351ms)
✔ solo-PvE session and store boundaries (922.8115ms)
▶ generic AI solo-PvE encounter seal
  ✔ hydrates the exact canonical player fighter and seals the enemy without Tower fields (11.0002ms)
  ✔ carries authored Overload through the solo-PvE seal, cast, statuses, and log as two pulses (15.3578ms)
  ✔ ignores a forged host loadout byte-for-byte (2.3695ms)
✔ generic AI solo-PvE encounter seal (29.7577ms)
▶ Weekly Boss score-attack rules on the solo runtime
  ✔ seals the guard-down damage window into the server engine (2.8972ms)
  ✔ caps boss damage to 8% per hit and 15% per enemy turn (0.8164ms)
  ✔ wins by surviving the sealed 20-round budget (0.6208ms)
✔ Weekly Boss score-attack rules on the solo runtime (4.7285ms)
▶ solo-PvE engine
  ✔ resolves only a server-sealed jutsu through the shared resolver (5.0472ms)
  ✔ validates movement against the sealed board and occupied tile (30.9464ms)
  ✔ runs the enemy turn on the server and returns control to the player (23.1158ms)
  ✔ keeps a failed flee visible and terminalizes only a successful escape (5.9486ms)
  ✔ abandons deterministically without calling the probabilistic flee rule (1.9344ms)
  ✔ enforces the sealed per-turn PvE damage guard (4.2368ms)
  ✔ spends a sealed consumable charge exactly once (0.973ms)
  ✔ resolves movement rings, ground zones, barriers, and displacement through canonical rules (75.2938ms)
  ✔ SINGLE movement strips Pierce and post-damage tags while retaining utility tags (1.4809ms)
  ✔ Clear and Cleanse remove active effects without erasing deferred statuses (1.4895ms)
  ✔ consuming an active Stun preserves a deferred refresh for the next round (0.5982ms)
  ✔ persists bounded exact action events and returns rejection evidence without mutation (17.9188ms)
  ✔ applies both-target consumables to the opponent and the user (30.8282ms)
  ✔ a named weapon whose rolled tag is Heal still damages the enemy (35.6733ms)
  ✔ a named weapon whose rolled tag is Shield still damages the enemy (0.6581ms)
  ✔ automatically advances a player turn when the accepted action leaves no legal move (16.7032ms)
  ✔ does not auto-end while a cheaper charged action remains usable (2.5344ms)
  ✔ uses status-adjusted AP costs when deciding whether the turn is dead (2.2764ms)
  ✔ does not end the turn early when the Lagged cost is still affordable (0.9665ms)
  ✔ uses deterministic band-aware clear, cleanse, and healing decisions (199.742ms)
  ✔ executes sealed authored rules before the generic jutsu scorer (82.403ms)
  ✔ skips an impossible authored action and reaches a legal fallback (1.3311ms)
  ✔ keeps authored counterplay behind the sealed difficulty competence gate (96.5348ms)
  ✔ evaluates sealed resource and recent-player-action rules deterministically (1.6569ms)
  ✔ summons a sealed independent companion and runs its deterministic phase before the enemy (5.5468ms)
✔ solo-PvE engine (778.6318ms)
▶ solo-PvE action service
  ✔ commits one versioned move under a fail-closed lock (1.7502ms)
  ✔ returns a duplicate retry without replaying or writing (0.4867ms)
  ✔ serializes concurrent same-version actions so exactly one commits (0.9681ms)
  ✔ ignores forged fighter and outcome fields attached to an action object (0.6991ms)
  ✔ rejects stale versions, wrong owners, and expired sessions without mutation (3708.6521ms)
  ✔ stores terminal outcome and inventory evidence for reconnect and retry (3.5358ms)
✔ solo-PvE action service (3716.4717ms)
▶ solo-pve lifecycle telemetry
  ✔ records a transition once per session no matter how often it is retried (40.7581ms)
  ✔ gates each lifecycle event separately, and each session separately (0.6551ms)
  ✔ emits no player identifier, and nothing identifying survives aggregation (1.8296ms)
  ✔ buckets the source and never carries the free-form encounter id (0.4599ms)
  ✔ refuses hostile encounter kinds and outcomes rather than passing them through (0.2163ms)
  ✔ is best-effort: a telemetry outage is swallowed, never surfaced into combat (0.3507ms)
  ✔ ignores a session with no id instead of writing a garbage gate key (0.175ms)
✔ solo-pve lifecycle telemetry (45.8275ms)
▶ solo-pve lifecycle telemetry is wired to real transitions
  ✔ session creation is emitted from the single store write path (1.2962ms)
  ✔ completion is emitted on the active -> done edge, after the write (57.1833ms)
  ✔ settlement and unresolved are emitted from the outcome settler (0.8931ms)
  ✔ the report alert that had no emitter now has one (35.9399ms)
✔ solo-pve lifecycle telemetry is wired to real transitions (95.7743ms)
ℹ tests 1126
ℹ suites 190
ℹ pass 1126
ℹ fail 0
ℹ cancelled 0
ℹ skipped 0
ℹ todo 0
ℹ duration_ms 858425.4364
