step_id,file_name,kind,name,tier,rung,value,base_id,base_name,reference_image,prompt
cloth-hood-s1,cloth-hood-s1.png,armor,Violet Shade Hood,Standard armor,1 of 3,1.5% damage reduction,cloth-hood,Cloth Hood,shinobij.client/public/items/shop-cloth-hood-v2.webp,"Use the attached image of the Cloth Hood as the exact reference. Keep the same piece of armor, pose, angle, silhouette, proportions, colour family and painted game icon style. Make it a clear but modest upgrade called the Violet Shade Hood, rung 1 of 3 between Standard armor and Reinforced armor. Freshly mended: neat clean stitching over old tears, a few new patches, replaced cords and buckles, and colours a little cleaner than the base. It must look better than the Cloth Hood and clearly less impressive than Reinforced armor. Draw it on a flat solid magenta (#FF00FF) background with no shadow, no floor, no glow spill, no text, and no frame. No magenta or hot pink anywhere on the item itself. Square image, the item fills about 90 percent of the frame, nothing cropped."
cloth-hood-s2,cloth-hood-s2.png,armor,Mistwrap Cowl,Standard armor,2 of 3,2% damage reduction,cloth-hood,Cloth Hood,shinobij.client/public/items/shop-cloth-hood-v2.webp,"Use the attached image of the Cloth Hood as the exact reference. Keep the same piece of armor, pose, angle, silhouette, proportions, colour family and painted game icon style. Make it a clear but modest upgrade called the Mistwrap Cowl, rung 2 of 3 between Standard armor and Reinforced armor. Fresh lacquer: plates and leather coated in a clean glossy lacquer sheen, polished edges and fasteners, and deeper richer colours. It must look better than the Cloth Hood and clearly less impressive than Reinforced armor. Draw it on a flat solid magenta (#FF00FF) background with no shadow, no floor, no glow spill, no text, and no frame. No magenta or hot pink anywhere on the item itself. Square image, the item fills about 90 percent of the frame, nothing cropped."
cloth-hood-s3,cloth-hood-s3.png,armor,Twilight Petal Cowl,Standard armor,3 of 3,2.5% damage reduction,cloth-hood,Cloth Hood,shinobij.client/public/items/shop-cloth-hood-v2.webp,"Use the attached image of the Cloth Hood as the exact reference. Keep the same piece of armor, pose, angle, silhouette, proportions, colour family and painted game icon style. Make it a clear but modest upgrade called the Twilight Petal Cowl, rung 3 of 3 between Standard armor and Reinforced armor. Iron stitched: extra iron thread stitching along the seams and added riveted plate edging, with all metal crisp and bright. It is the strongest version of this piece but is still clearly plainer than the next quality tier. It must look better than the Cloth Hood and clearly less impressive than Reinforced armor. Draw it on a flat solid magenta (#FF00FF) background with no shadow, no floor, no glow spill, no text, and no frame. No magenta or hot pink anywhere on the item itself. Square image, the item fills about 90 percent of the frame, nothing cropped."
leather-headband-s1,leather-headband-s1.png,armor,Jade Tomoe Hachimaki,Reinforced armor,1 of 3,3.5% damage reduction,leather-headband,Leather Headband,shinobij.client/public/items/shop-leather-headband-v2.webp,"Use the attached image of the Leather Headband as the exact reference. Keep the same piece of armor, pose, angle, silhouette, proportions, colour family and painted game icon style. Make it a clear but modest upgrade called the Jade Tomoe Hachimaki, rung 1 of 3 between Reinforced armor and Rare armor. Freshly mended: neat clean stitching over old tears, a few new patches, replaced cords and buckles, and colours a little cleaner than the base. It must look better than the Leather Headband and clearly less impressive than Rare armor. Draw it on a flat solid magenta (#FF00FF) background with no shadow, no floor, no glow spill, no text, and no frame. No magenta or hot pink anywhere on the item itself. Square image, the item fills about 90 percent of the frame, nothing cropped."
leather-headband-s2,leather-headband-s2.png,armor,Copper Crest Hachimaki,Reinforced armor,2 of 3,4% damage reduction,leather-headband,Leather Headband,shinobij.client/public/items/shop-leather-headband-v2.webp,"Use the attached image of the Leather Headband as the exact reference. Keep the same piece of armor, pose, angle, silhouette, proportions, colour family and painted game icon style. Make it a clear but modest upgrade called the Copper Crest Hachimaki, rung 2 of 3 between Reinforced armor and Rare armor. Fresh lacquer: plates and leather coated in a clean glossy lacquer sheen, polished edges and fasteners, and deeper richer colours. It must look better than the Leather Headband and clearly less impressive than Rare armor. Draw it on a flat solid magenta (#FF00FF) background with no shadow, no floor, no glow spill, no text, and no frame. No magenta or hot pink anywhere on the item itself. Square image, the item fills about 90 percent of the frame, nothing cropped."
leather-headband-s3,leather-headband-s3.png,armor,Forgeplate Hachimaki,Reinforced armor,3 of 3,4.5% damage reduction,leather-headband,Leather Headband,shinobij.client/public/items/shop-leather-headband-v2.webp,"Use the attached image of the Leather Headband as the exact reference. Keep the same piece of armor, pose, angle, silhouette, proportions, colour family and painted game icon style. Make it a clear but modest upgrade called the Forgeplate Hachimaki, rung 3 of 3 between Reinforced armor and Rare armor. Iron stitched: extra iron thread stitching along the seams and added riveted plate edging, with all metal crisp and bright. It is the strongest version of this piece but is still clearly plainer than the next quality tier. It must look better than the Leather Headband and clearly less impressive than Rare armor. Draw it on a flat solid magenta (#FF00FF) background with no shadow, no floor, no glow spill, no text, and no frame. No magenta or hot pink anywhere on the item itself. Square image, the item fills about 90 percent of the frame, nothing cropped."
iron-kabuto-s1,iron-kabuto-s1.png,armor,Crimson Scarf Kabuto,Rare armor,1 of 3,5.5% damage reduction,iron-kabuto,Iron Kabuto,shinobij.client/public/items/shop-iron-kabuto-v2.webp,"Use the attached image of the Iron Kabuto as the exact reference. Keep the same piece of armor, pose, angle, silhouette, proportions, colour family and painted game icon style. Make it a clear but modest upgrade called the Crimson Scarf Kabuto, rung 1 of 3 between Rare armor and Legendary armor. Freshly mended: neat clean stitching over old tears, a few new patches, replaced cords and buckles, and colours a little cleaner than the base. It must look better than the Iron Kabuto and clearly less impressive than Legendary armor. Draw it on a flat solid magenta (#FF00FF) background with no shadow, no floor, no glow spill, no text, and no frame. No magenta or hot pink anywhere on the item itself. Square image, the item fills about 90 percent of the frame, nothing cropped."
iron-kabuto-s2,iron-kabuto-s2.png,armor,Red Lacquer Kabuto,Rare armor,2 of 3,6% damage reduction,iron-kabuto,Iron Kabuto,shinobij.client/public/items/shop-iron-kabuto-v2.webp,"Use the attached image of the Iron Kabuto as the exact reference. Keep the same piece of armor, pose, angle, silhouette, proportions, colour family and painted game icon style. Make it a clear but modest upgrade called the Red Lacquer Kabuto, rung 2 of 3 between Rare armor and Legendary armor. Fresh lacquer: plates and leather coated in a clean glossy lacquer sheen, polished edges and fasteners, and deeper richer colours. It must look better than the Iron Kabuto and clearly less impressive than Legendary armor. Draw it on a flat solid magenta (#FF00FF) background with no shadow, no floor, no glow spill, no text, and no frame. No magenta or hot pink anywhere on the item itself. Square image, the item fills about 90 percent of the frame, nothing cropped."
iron-kabuto-s3,iron-kabuto-s3.png,armor,Warlord Crescent Kabuto,Rare armor,3 of 3,6.5% damage reduction,iron-kabuto,Iron Kabuto,shinobij.client/public/items/shop-iron-kabuto-v2.webp,"Use the attached image of the Iron Kabuto as the exact reference. Keep the same piece of armor, pose, angle, silhouette, proportions, colour family and painted game icon style. Make it a clear but modest upgrade called the Warlord Crescent Kabuto, rung 3 of 3 between Rare armor and Legendary armor. Iron stitched: extra iron thread stitching along the seams and added riveted plate edging, with all metal crisp and bright. It is the strongest version of this piece but is still clearly plainer than the next quality tier. It must look better than the Iron Kabuto and clearly less impressive than Legendary armor. Draw it on a flat solid magenta (#FF00FF) background with no shadow, no floor, no glow spill, no text, and no frame. No magenta or hot pink anywhere on the item itself. Square image, the item fills about 90 percent of the frame, nothing cropped."
cloth-robe-s1,cloth-robe-s1.png,armor,Bamboo Haori,Standard armor,1 of 3,1.5% damage reduction,cloth-robe,Cloth Robe,shinobij.client/public/items/shop-cloth-robe-v2.webp,"Use the attached image of the Cloth Robe as the exact reference. Keep the same piece of armor, pose, angle, silhouette, proportions, colour family and painted game icon style. Make it a clear but modest upgrade called the Bamboo Haori, rung 1 of 3 between Standard armor and Reinforced armor. Freshly mended: neat clean stitching over old tears, a few new patches, replaced cords and buckles, and colours a little cleaner than the base. It must look better than the Cloth Robe and clearly less impressive than Reinforced armor. Draw it on a flat solid magenta (#FF00FF) background with no shadow, no floor, no glow spill, no text, and no frame. No magenta or hot pink anywhere on the item itself. Square image, the item fills about 90 percent of the frame, nothing cropped."
cloth-robe-s2,cloth-robe-s2.png,armor,Windleaf Kimono,Standard armor,2 of 3,2% damage reduction,cloth-robe,Cloth Robe,shinobij.client/public/items/shop-cloth-robe-v2.webp,"Use the attached image of the Cloth Robe as the exact reference. Keep the same piece of armor, pose, angle, silhouette, proportions, colour family and painted game icon style. Make it a clear but modest upgrade called the Windleaf Kimono, rung 2 of 3 between Standard armor and Reinforced armor. Fresh lacquer: plates and leather coated in a clean glossy lacquer sheen, polished edges and fasteners, and deeper richer colours. It must look better than the Cloth Robe and clearly less impressive than Reinforced armor. Draw it on a flat solid magenta (#FF00FF) background with no shadow, no floor, no glow spill, no text, and no frame. No magenta or hot pink anywhere on the item itself. Square image, the item fills about 90 percent of the frame, nothing cropped."
cloth-robe-s3,cloth-robe-s3.png,armor,Emerald Warden Haori,Standard armor,3 of 3,2.5% damage reduction,cloth-robe,Cloth Robe,shinobij.client/public/items/shop-cloth-robe-v2.webp,"Use the attached image of the Cloth Robe as the exact reference. Keep the same piece of armor, pose, angle, silhouette, proportions, colour family and painted game icon style. Make it a clear but modest upgrade called the Emerald Warden Haori, rung 3 of 3 between Standard armor and Reinforced armor. Iron stitched: extra iron thread stitching along the seams and added riveted plate edging, with all metal crisp and bright. It is the strongest version of this piece but is still clearly plainer than the next quality tier. It must look better than the Cloth Robe and clearly less impressive than Reinforced armor. Draw it on a flat solid magenta (#FF00FF) background with no shadow, no floor, no glow spill, no text, and no frame. No magenta or hot pink anywhere on the item itself. Square image, the item fills about 90 percent of the frame, nothing cropped."
reinforced-vest-s1,reinforced-vest-s1.png,armor,Amberhide Vest,Reinforced armor,1 of 3,3.5% damage reduction,reinforced-vest,Reinforced Vest,shinobij.client/public/items/shop-reinforced-vest-v2.webp,"Use the attached image of the Reinforced Vest as the exact reference. Keep the same piece of armor, pose, angle, silhouette, proportions, colour family and painted game icon style. Make it a clear but modest upgrade called the Amberhide Vest, rung 1 of 3 between Reinforced armor and Rare armor. Freshly mended: neat clean stitching over old tears, a few new patches, replaced cords and buckles, and colours a little cleaner than the base. It must look better than the Reinforced Vest and clearly less impressive than Rare armor. Draw it on a flat solid magenta (#FF00FF) background with no shadow, no floor, no glow spill, no text, and no frame. No magenta or hot pink anywhere on the item itself. Square image, the item fills about 90 percent of the frame, nothing cropped."
reinforced-vest-s2,reinforced-vest-s2.png,armor,Embercord Cuirass,Reinforced armor,2 of 3,4% damage reduction,reinforced-vest,Reinforced Vest,shinobij.client/public/items/shop-reinforced-vest-v2.webp,"Use the attached image of the Reinforced Vest as the exact reference. Keep the same piece of armor, pose, angle, silhouette, proportions, colour family and painted game icon style. Make it a clear but modest upgrade called the Embercord Cuirass, rung 2 of 3 between Reinforced armor and Rare armor. Fresh lacquer: plates and leather coated in a clean glossy lacquer sheen, polished edges and fasteners, and deeper richer colours. It must look better than the Reinforced Vest and clearly less impressive than Rare armor. Draw it on a flat solid magenta (#FF00FF) background with no shadow, no floor, no glow spill, no text, and no frame. No magenta or hot pink anywhere on the item itself. Square image, the item fills about 90 percent of the frame, nothing cropped."
reinforced-vest-s3,reinforced-vest-s3.png,armor,Sunsash Warplate,Reinforced armor,3 of 3,4.5% damage reduction,reinforced-vest,Reinforced Vest,shinobij.client/public/items/shop-reinforced-vest-v2.webp,"Use the attached image of the Reinforced Vest as the exact reference. Keep the same piece of armor, pose, angle, silhouette, proportions, colour family and painted game icon style. Make it a clear but modest upgrade called the Sunsash Warplate, rung 3 of 3 between Reinforced armor and Rare armor. Iron stitched: extra iron thread stitching along the seams and added riveted plate edging, with all metal crisp and bright. It is the strongest version of this piece but is still clearly plainer than the next quality tier. It must look better than the Reinforced Vest and clearly less impressive than Rare armor. Draw it on a flat solid magenta (#FF00FF) background with no shadow, no floor, no glow spill, no text, and no frame. No magenta or hot pink anywhere on the item itself. Square image, the item fills about 90 percent of the frame, nothing cropped."
rare-chest-plate-s1,rare-chest-plate-s1.png,armor,Jade Cord Cuirass,Rare armor,1 of 3,5.5% damage reduction,rare-chest-plate,Rare Chest Plate,shinobij.client/public/items/shop-rare-chest-plate-v2.webp,"Use the attached image of the Rare Chest Plate as the exact reference. Keep the same piece of armor, pose, angle, silhouette, proportions, colour family and painted game icon style. Make it a clear but modest upgrade called the Jade Cord Cuirass, rung 1 of 3 between Rare armor and Legendary armor. Freshly mended: neat clean stitching over old tears, a few new patches, replaced cords and buckles, and colours a little cleaner than the base. It must look better than the Rare Chest Plate and clearly less impressive than Legendary armor. Draw it on a flat solid magenta (#FF00FF) background with no shadow, no floor, no glow spill, no text, and no frame. No magenta or hot pink anywhere on the item itself. Square image, the item fills about 90 percent of the frame, nothing cropped."
rare-chest-plate-s2,rare-chest-plate-s2.png,armor,Jade Lacquer Cuirass,Rare armor,2 of 3,6% damage reduction,rare-chest-plate,Rare Chest Plate,shinobij.client/public/items/shop-rare-chest-plate-v2.webp,"Use the attached image of the Rare Chest Plate as the exact reference. Keep the same piece of armor, pose, angle, silhouette, proportions, colour family and painted game icon style. Make it a clear but modest upgrade called the Jade Lacquer Cuirass, rung 2 of 3 between Rare armor and Legendary armor. Fresh lacquer: plates and leather coated in a clean glossy lacquer sheen, polished edges and fasteners, and deeper richer colours. It must look better than the Rare Chest Plate and clearly less impressive than Legendary armor. Draw it on a flat solid magenta (#FF00FF) background with no shadow, no floor, no glow spill, no text, and no frame. No magenta or hot pink anywhere on the item itself. Square image, the item fills about 90 percent of the frame, nothing cropped."
rare-chest-plate-s3,rare-chest-plate-s3.png,armor,Viridian Wing Cuirass,Rare armor,3 of 3,6.5% damage reduction,rare-chest-plate,Rare Chest Plate,shinobij.client/public/items/shop-rare-chest-plate-v2.webp,"Use the attached image of the Rare Chest Plate as the exact reference. Keep the same piece of armor, pose, angle, silhouette, proportions, colour family and painted game icon style. Make it a clear but modest upgrade called the Viridian Wing Cuirass, rung 3 of 3 between Rare armor and Legendary armor. Iron stitched: extra iron thread stitching along the seams and added riveted plate edging, with all metal crisp and bright. It is the strongest version of this piece but is still clearly plainer than the next quality tier. It must look better than the Rare Chest Plate and clearly less impressive than Legendary armor. Draw it on a flat solid magenta (#FF00FF) background with no shadow, no floor, no glow spill, no text, and no frame. No magenta or hot pink anywhere on the item itself. Square image, the item fills about 90 percent of the frame, nothing cropped."
cloth-sash-s1,cloth-sash-s1.png,armor,Crimson Knot Sash,Standard armor,1 of 3,1.5% damage reduction,cloth-sash,Cloth Sash,shinobij.client/public/items/shop-cloth-sash-v2.webp,"Use the attached image of the Cloth Sash as the exact reference. Keep the same piece of armor, pose, angle, silhouette, proportions, colour family and painted game icon style. Make it a clear but modest upgrade called the Crimson Knot Sash, rung 1 of 3 between Standard armor and Reinforced armor. Freshly mended: neat clean stitching over old tears, a few new patches, replaced cords and buckles, and colours a little cleaner than the base. It must look better than the Cloth Sash and clearly less impressive than Reinforced armor. Draw it on a flat solid magenta (#FF00FF) background with no shadow, no floor, no glow spill, no text, and no frame. No magenta or hot pink anywhere on the item itself. Square image, the item fills about 90 percent of the frame, nothing cropped."
cloth-sash-s2,cloth-sash-s2.png,armor,Bloodpetal Sash,Standard armor,2 of 3,2% damage reduction,cloth-sash,Cloth Sash,shinobij.client/public/items/shop-cloth-sash-v2.webp,"Use the attached image of the Cloth Sash as the exact reference. Keep the same piece of armor, pose, angle, silhouette, proportions, colour family and painted game icon style. Make it a clear but modest upgrade called the Bloodpetal Sash, rung 2 of 3 between Standard armor and Reinforced armor. Fresh lacquer: plates and leather coated in a clean glossy lacquer sheen, polished edges and fasteners, and deeper richer colours. It must look better than the Cloth Sash and clearly less impressive than Reinforced armor. Draw it on a flat solid magenta (#FF00FF) background with no shadow, no floor, no glow spill, no text, and no frame. No magenta or hot pink anywhere on the item itself. Square image, the item fills about 90 percent of the frame, nothing cropped."
cloth-sash-s3,cloth-sash-s3.png,armor,Scarlet Guard Sash,Standard armor,3 of 3,2.5% damage reduction,cloth-sash,Cloth Sash,shinobij.client/public/items/shop-cloth-sash-v2.webp,"Use the attached image of the Cloth Sash as the exact reference. Keep the same piece of armor, pose, angle, silhouette, proportions, colour family and painted game icon style. Make it a clear but modest upgrade called the Scarlet Guard Sash, rung 3 of 3 between Standard armor and Reinforced armor. Iron stitched: extra iron thread stitching along the seams and added riveted plate edging, with all metal crisp and bright. It is the strongest version of this piece but is still clearly plainer than the next quality tier. It must look better than the Cloth Sash and clearly less impressive than Reinforced armor. Draw it on a flat solid magenta (#FF00FF) background with no shadow, no floor, no glow spill, no text, and no frame. No magenta or hot pink anywhere on the item itself. Square image, the item fills about 90 percent of the frame, nothing cropped."
leather-belt-s1,leather-belt-s1.png,armor,Tealbraid Belt,Reinforced armor,1 of 3,3.5% damage reduction,leather-belt,Leather Belt,shinobij.client/public/items/shop-leather-belt-v2.webp,"Use the attached image of the Leather Belt as the exact reference. Keep the same piece of armor, pose, angle, silhouette, proportions, colour family and painted game icon style. Make it a clear but modest upgrade called the Tealbraid Belt, rung 1 of 3 between Reinforced armor and Rare armor. Freshly mended: neat clean stitching over old tears, a few new patches, replaced cords and buckles, and colours a little cleaner than the base. It must look better than the Leather Belt and clearly less impressive than Rare armor. Draw it on a flat solid magenta (#FF00FF) background with no shadow, no floor, no glow spill, no text, and no frame. No magenta or hot pink anywhere on the item itself. Square image, the item fills about 90 percent of the frame, nothing cropped."
leather-belt-s2,leather-belt-s2.png,armor,Twin Buckle Belt,Reinforced armor,2 of 3,4% damage reduction,leather-belt,Leather Belt,shinobij.client/public/items/shop-leather-belt-v2.webp,"Use the attached image of the Leather Belt as the exact reference. Keep the same piece of armor, pose, angle, silhouette, proportions, colour family and painted game icon style. Make it a clear but modest upgrade called the Twin Buckle Belt, rung 2 of 3 between Reinforced armor and Rare armor. Fresh lacquer: plates and leather coated in a clean glossy lacquer sheen, polished edges and fasteners, and deeper richer colours. It must look better than the Leather Belt and clearly less impressive than Rare armor. Draw it on a flat solid magenta (#FF00FF) background with no shadow, no floor, no glow spill, no text, and no frame. No magenta or hot pink anywhere on the item itself. Square image, the item fills about 90 percent of the frame, nothing cropped."
leather-belt-s3,leather-belt-s3.png,armor,Tealplate Girdle,Reinforced armor,3 of 3,4.5% damage reduction,leather-belt,Leather Belt,shinobij.client/public/items/shop-leather-belt-v2.webp,"Use the attached image of the Leather Belt as the exact reference. Keep the same piece of armor, pose, angle, silhouette, proportions, colour family and painted game icon style. Make it a clear but modest upgrade called the Tealplate Girdle, rung 3 of 3 between Reinforced armor and Rare armor. Iron stitched: extra iron thread stitching along the seams and added riveted plate edging, with all metal crisp and bright. It is the strongest version of this piece but is still clearly plainer than the next quality tier. It must look better than the Leather Belt and clearly less impressive than Rare armor. Draw it on a flat solid magenta (#FF00FF) background with no shadow, no floor, no glow spill, no text, and no frame. No magenta or hot pink anywhere on the item itself. Square image, the item fills about 90 percent of the frame, nothing cropped."
chain-obi-s1,chain-obi-s1.png,armor,Violetknot Obi,Rare armor,1 of 3,5.5% damage reduction,chain-obi,Chain Obi,shinobij.client/public/items/shop-chain-obi-v2.webp,"Use the attached image of the Chain Obi as the exact reference. Keep the same piece of armor, pose, angle, silhouette, proportions, colour family and painted game icon style. Make it a clear but modest upgrade called the Violetknot Obi, rung 1 of 3 between Rare armor and Legendary armor. Freshly mended: neat clean stitching over old tears, a few new patches, replaced cords and buckles, and colours a little cleaner than the base. It must look better than the Chain Obi and clearly less impressive than Legendary armor. Draw it on a flat solid magenta (#FF00FF) background with no shadow, no floor, no glow spill, no text, and no frame. No magenta or hot pink anywhere on the item itself. Square image, the item fills about 90 percent of the frame, nothing cropped."
chain-obi-s2,chain-obi-s2.png,armor,Amethyst Tasset Obi,Rare armor,2 of 3,6% damage reduction,chain-obi,Chain Obi,shinobij.client/public/items/shop-chain-obi-v2.webp,"Use the attached image of the Chain Obi as the exact reference. Keep the same piece of armor, pose, angle, silhouette, proportions, colour family and painted game icon style. Make it a clear but modest upgrade called the Amethyst Tasset Obi, rung 2 of 3 between Rare armor and Legendary armor. Fresh lacquer: plates and leather coated in a clean glossy lacquer sheen, polished edges and fasteners, and deeper richer colours. It must look better than the Chain Obi and clearly less impressive than Legendary armor. Draw it on a flat solid magenta (#FF00FF) background with no shadow, no floor, no glow spill, no text, and no frame. No magenta or hot pink anywhere on the item itself. Square image, the item fills about 90 percent of the frame, nothing cropped."
chain-obi-s3,chain-obi-s3.png,armor,Dusk Warplate Obi,Rare armor,3 of 3,6.5% damage reduction,chain-obi,Chain Obi,shinobij.client/public/items/shop-chain-obi-v2.webp,"Use the attached image of the Chain Obi as the exact reference. Keep the same piece of armor, pose, angle, silhouette, proportions, colour family and painted game icon style. Make it a clear but modest upgrade called the Dusk Warplate Obi, rung 3 of 3 between Rare armor and Legendary armor. Iron stitched: extra iron thread stitching along the seams and added riveted plate edging, with all metal crisp and bright. It is the strongest version of this piece but is still clearly plainer than the next quality tier. It must look better than the Chain Obi and clearly less impressive than Legendary armor. Draw it on a flat solid magenta (#FF00FF) background with no shadow, no floor, no glow spill, no text, and no frame. No magenta or hot pink anywhere on the item itself. Square image, the item fills about 90 percent of the frame, nothing cropped."
cloth-pants-s1,cloth-pants-s1.png,armor,Tealtrim Hakama,Standard armor,1 of 3,1.5% damage reduction,cloth-pants,Cloth Pants,shinobij.client/public/items/shop-cloth-pants-v2.webp,"Use the attached image of the Cloth Pants as the exact reference. Keep the same piece of armor, pose, angle, silhouette, proportions, colour family and painted game icon style. Make it a clear but modest upgrade called the Tealtrim Hakama, rung 1 of 3 between Standard armor and Reinforced armor. Freshly mended: neat clean stitching over old tears, a few new patches, replaced cords and buckles, and colours a little cleaner than the base. It must look better than the Cloth Pants and clearly less impressive than Reinforced armor. Draw it on a flat solid magenta (#FF00FF) background with no shadow, no floor, no glow spill, no text, and no frame. No magenta or hot pink anywhere on the item itself. Square image, the item fills about 90 percent of the frame, nothing cropped."
cloth-pants-s2,cloth-pants-s2.png,armor,Windcut Hakama,Standard armor,2 of 3,2% damage reduction,cloth-pants,Cloth Pants,shinobij.client/public/items/shop-cloth-pants-v2.webp,"Use the attached image of the Cloth Pants as the exact reference. Keep the same piece of armor, pose, angle, silhouette, proportions, colour family and painted game icon style. Make it a clear but modest upgrade called the Windcut Hakama, rung 2 of 3 between Standard armor and Reinforced armor. Fresh lacquer: plates and leather coated in a clean glossy lacquer sheen, polished edges and fasteners, and deeper richer colours. It must look better than the Cloth Pants and clearly less impressive than Reinforced armor. Draw it on a flat solid magenta (#FF00FF) background with no shadow, no floor, no glow spill, no text, and no frame. No magenta or hot pink anywhere on the item itself. Square image, the item fills about 90 percent of the frame, nothing cropped."
cloth-pants-s3,cloth-pants-s3.png,armor,Jadecrest Hakama,Standard armor,3 of 3,2.5% damage reduction,cloth-pants,Cloth Pants,shinobij.client/public/items/shop-cloth-pants-v2.webp,"Use the attached image of the Cloth Pants as the exact reference. Keep the same piece of armor, pose, angle, silhouette, proportions, colour family and painted game icon style. Make it a clear but modest upgrade called the Jadecrest Hakama, rung 3 of 3 between Standard armor and Reinforced armor. Iron stitched: extra iron thread stitching along the seams and added riveted plate edging, with all metal crisp and bright. It is the strongest version of this piece but is still clearly plainer than the next quality tier. It must look better than the Cloth Pants and clearly less impressive than Reinforced armor. Draw it on a flat solid magenta (#FF00FF) background with no shadow, no floor, no glow spill, no text, and no frame. No magenta or hot pink anywhere on the item itself. Square image, the item fills about 90 percent of the frame, nothing cropped."
padded-leggings-s1,padded-leggings-s1.png,armor,Redcross Leggings,Reinforced armor,1 of 3,3.5% damage reduction,padded-leggings,Padded Leggings,shinobij.client/public/items/shop-padded-leggings-v2.webp,"Use the attached image of the Padded Leggings as the exact reference. Keep the same piece of armor, pose, angle, silhouette, proportions, colour family and painted game icon style. Make it a clear but modest upgrade called the Redcross Leggings, rung 1 of 3 between Reinforced armor and Rare armor. Freshly mended: neat clean stitching over old tears, a few new patches, replaced cords and buckles, and colours a little cleaner than the base. It must look better than the Padded Leggings and clearly less impressive than Rare armor. Draw it on a flat solid magenta (#FF00FF) background with no shadow, no floor, no glow spill, no text, and no frame. No magenta or hot pink anywhere on the item itself. Square image, the item fills about 90 percent of the frame, nothing cropped."
padded-leggings-s2,padded-leggings-s2.png,armor,Crimson Quilt Leggings,Reinforced armor,2 of 3,4% damage reduction,padded-leggings,Padded Leggings,shinobij.client/public/items/shop-padded-leggings-v2.webp,"Use the attached image of the Padded Leggings as the exact reference. Keep the same piece of armor, pose, angle, silhouette, proportions, colour family and painted game icon style. Make it a clear but modest upgrade called the Crimson Quilt Leggings, rung 2 of 3 between Reinforced armor and Rare armor. Fresh lacquer: plates and leather coated in a clean glossy lacquer sheen, polished edges and fasteners, and deeper richer colours. It must look better than the Padded Leggings and clearly less impressive than Rare armor. Draw it on a flat solid magenta (#FF00FF) background with no shadow, no floor, no glow spill, no text, and no frame. No magenta or hot pink anywhere on the item itself. Square image, the item fills about 90 percent of the frame, nothing cropped."
padded-leggings-s3,padded-leggings-s3.png,armor,Redtassel Shin Guards,Reinforced armor,3 of 3,4.5% damage reduction,padded-leggings,Padded Leggings,shinobij.client/public/items/shop-padded-leggings-v2.webp,"Use the attached image of the Padded Leggings as the exact reference. Keep the same piece of armor, pose, angle, silhouette, proportions, colour family and painted game icon style. Make it a clear but modest upgrade called the Redtassel Shin Guards, rung 3 of 3 between Reinforced armor and Rare armor. Iron stitched: extra iron thread stitching along the seams and added riveted plate edging, with all metal crisp and bright. It is the strongest version of this piece but is still clearly plainer than the next quality tier. It must look better than the Padded Leggings and clearly less impressive than Rare armor. Draw it on a flat solid magenta (#FF00FF) background with no shadow, no floor, no glow spill, no text, and no frame. No magenta or hot pink anywhere on the item itself. Square image, the item fills about 90 percent of the frame, nothing cropped."
rare-greaves-s1,rare-greaves-s1.png,armor,Silverwave Greaves,Rare armor,1 of 3,5.5% damage reduction,rare-greaves,Rare Greaves,shinobij.client/public/items/shop-rare-greaves-v2.webp,"Use the attached image of the Rare Greaves as the exact reference. Keep the same piece of armor, pose, angle, silhouette, proportions, colour family and painted game icon style. Make it a clear but modest upgrade called the Silverwave Greaves, rung 1 of 3 between Rare armor and Legendary armor. Freshly mended: neat clean stitching over old tears, a few new patches, replaced cords and buckles, and colours a little cleaner than the base. It must look better than the Rare Greaves and clearly less impressive than Legendary armor. Draw it on a flat solid magenta (#FF00FF) background with no shadow, no floor, no glow spill, no text, and no frame. No magenta or hot pink anywhere on the item itself. Square image, the item fills about 90 percent of the frame, nothing cropped."
rare-greaves-s2,rare-greaves-s2.png,armor,Azure Fin Greaves,Rare armor,2 of 3,6% damage reduction,rare-greaves,Rare Greaves,shinobij.client/public/items/shop-rare-greaves-v2.webp,"Use the attached image of the Rare Greaves as the exact reference. Keep the same piece of armor, pose, angle, silhouette, proportions, colour family and painted game icon style. Make it a clear but modest upgrade called the Azure Fin Greaves, rung 2 of 3 between Rare armor and Legendary armor. Fresh lacquer: plates and leather coated in a clean glossy lacquer sheen, polished edges and fasteners, and deeper richer colours. It must look better than the Rare Greaves and clearly less impressive than Legendary armor. Draw it on a flat solid magenta (#FF00FF) background with no shadow, no floor, no glow spill, no text, and no frame. No magenta or hot pink anywhere on the item itself. Square image, the item fills about 90 percent of the frame, nothing cropped."
rare-greaves-s3,rare-greaves-s3.png,armor,Crossthread Greaves,Rare armor,3 of 3,6.5% damage reduction,rare-greaves,Rare Greaves,shinobij.client/public/items/shop-rare-greaves-v2.webp,"Use the attached image of the Rare Greaves as the exact reference. Keep the same piece of armor, pose, angle, silhouette, proportions, colour family and painted game icon style. Make it a clear but modest upgrade called the Crossthread Greaves, rung 3 of 3 between Rare armor and Legendary armor. Iron stitched: extra iron thread stitching along the seams and added riveted plate edging, with all metal crisp and bright. It is the strongest version of this piece but is still clearly plainer than the next quality tier. It must look better than the Rare Greaves and clearly less impressive than Legendary armor. Draw it on a flat solid magenta (#FF00FF) background with no shadow, no floor, no glow spill, no text, and no frame. No magenta or hot pink anywhere on the item itself. Square image, the item fills about 90 percent of the frame, nothing cropped."
cloth-sandals-s1,cloth-sandals-s1.png,armor,Reedsole Tabi,Standard armor,1 of 3,1.5% damage reduction,cloth-sandals,Cloth Sandals,shinobij.client/public/items/shop-cloth-sandals-v2.webp,"Use the attached image of the Cloth Sandals as the exact reference. Keep the same piece of armor, pose, angle, silhouette, proportions, colour family and painted game icon style. Make it a clear but modest upgrade called the Reedsole Tabi, rung 1 of 3 between Standard armor and Reinforced armor. Freshly mended: neat clean stitching over old tears, a few new patches, replaced cords and buckles, and colours a little cleaner than the base. It must look better than the Cloth Sandals and clearly less impressive than Reinforced armor. Draw it on a flat solid magenta (#FF00FF) background with no shadow, no floor, no glow spill, no text, and no frame. No magenta or hot pink anywhere on the item itself. Square image, the item fills about 90 percent of the frame, nothing cropped."
cloth-sandals-s2,cloth-sandals-s2.png,armor,Redknot Sandals,Standard armor,2 of 3,2% damage reduction,cloth-sandals,Cloth Sandals,shinobij.client/public/items/shop-cloth-sandals-v2.webp,"Use the attached image of the Cloth Sandals as the exact reference. Keep the same piece of armor, pose, angle, silhouette, proportions, colour family and painted game icon style. Make it a clear but modest upgrade called the Redknot Sandals, rung 2 of 3 between Standard armor and Reinforced armor. Fresh lacquer: plates and leather coated in a clean glossy lacquer sheen, polished edges and fasteners, and deeper richer colours. It must look better than the Cloth Sandals and clearly less impressive than Reinforced armor. Draw it on a flat solid magenta (#FF00FF) background with no shadow, no floor, no glow spill, no text, and no frame. No magenta or hot pink anywhere on the item itself. Square image, the item fills about 90 percent of the frame, nothing cropped."
cloth-sandals-s3,cloth-sandals-s3.png,armor,Crimson Lace Tabi,Standard armor,3 of 3,2.5% damage reduction,cloth-sandals,Cloth Sandals,shinobij.client/public/items/shop-cloth-sandals-v2.webp,"Use the attached image of the Cloth Sandals as the exact reference. Keep the same piece of armor, pose, angle, silhouette, proportions, colour family and painted game icon style. Make it a clear but modest upgrade called the Crimson Lace Tabi, rung 3 of 3 between Standard armor and Reinforced armor. Iron stitched: extra iron thread stitching along the seams and added riveted plate edging, with all metal crisp and bright. It is the strongest version of this piece but is still clearly plainer than the next quality tier. It must look better than the Cloth Sandals and clearly less impressive than Reinforced armor. Draw it on a flat solid magenta (#FF00FF) background with no shadow, no floor, no glow spill, no text, and no frame. No magenta or hot pink anywhere on the item itself. Square image, the item fills about 90 percent of the frame, nothing cropped."
shinobi-boots-s1,shinobi-boots-s1.png,armor,Amberwrap Boots,Reinforced armor,1 of 3,3.5% damage reduction,shinobi-boots,Shinobi Boots,shinobij.client/public/items/shop-shinobi-boots-v2.webp,"Use the attached image of the Shinobi Boots as the exact reference. Keep the same piece of armor, pose, angle, silhouette, proportions, colour family and painted game icon style. Make it a clear but modest upgrade called the Amberwrap Boots, rung 1 of 3 between Reinforced armor and Rare armor. Freshly mended: neat clean stitching over old tears, a few new patches, replaced cords and buckles, and colours a little cleaner than the base. It must look better than the Shinobi Boots and clearly less impressive than Rare armor. Draw it on a flat solid magenta (#FF00FF) background with no shadow, no floor, no glow spill, no text, and no frame. No magenta or hot pink anywhere on the item itself. Square image, the item fills about 90 percent of the frame, nothing cropped."
shinobi-boots-s2,shinobi-boots-s2.png,armor,Foldcollar Boots,Reinforced armor,2 of 3,4% damage reduction,shinobi-boots,Shinobi Boots,shinobij.client/public/items/shop-shinobi-boots-v2.webp,"Use the attached image of the Shinobi Boots as the exact reference. Keep the same piece of armor, pose, angle, silhouette, proportions, colour family and painted game icon style. Make it a clear but modest upgrade called the Foldcollar Boots, rung 2 of 3 between Reinforced armor and Rare armor. Fresh lacquer: plates and leather coated in a clean glossy lacquer sheen, polished edges and fasteners, and deeper richer colours. It must look better than the Shinobi Boots and clearly less impressive than Rare armor. Draw it on a flat solid magenta (#FF00FF) background with no shadow, no floor, no glow spill, no text, and no frame. No magenta or hot pink anywhere on the item itself. Square image, the item fills about 90 percent of the frame, nothing cropped."
shinobi-boots-s3,shinobi-boots-s3.png,armor,Sunstrap Boots,Reinforced armor,3 of 3,4.5% damage reduction,shinobi-boots,Shinobi Boots,shinobij.client/public/items/shop-shinobi-boots-v2.webp,"Use the attached image of the Shinobi Boots as the exact reference. Keep the same piece of armor, pose, angle, silhouette, proportions, colour family and painted game icon style. Make it a clear but modest upgrade called the Sunstrap Boots, rung 3 of 3 between Reinforced armor and Rare armor. Iron stitched: extra iron thread stitching along the seams and added riveted plate edging, with all metal crisp and bright. It is the strongest version of this piece but is still clearly plainer than the next quality tier. It must look better than the Shinobi Boots and clearly less impressive than Rare armor. Draw it on a flat solid magenta (#FF00FF) background with no shadow, no floor, no glow spill, no text, and no frame. No magenta or hot pink anywhere on the item itself. Square image, the item fills about 90 percent of the frame, nothing cropped."
rare-tabi-s1,rare-tabi-s1.png,armor,Scarlet Tie Tabi,Rare armor,1 of 3,5.5% damage reduction,rare-tabi,Rare Tabi,shinobij.client/public/items/shop-rare-tabi-v2.webp,"Use the attached image of the Rare Tabi as the exact reference. Keep the same piece of armor, pose, angle, silhouette, proportions, colour family and painted game icon style. Make it a clear but modest upgrade called the Scarlet Tie Tabi, rung 1 of 3 between Rare armor and Legendary armor. Freshly mended: neat clean stitching over old tears, a few new patches, replaced cords and buckles, and colours a little cleaner than the base. It must look better than the Rare Tabi and clearly less impressive than Legendary armor. Draw it on a flat solid magenta (#FF00FF) background with no shadow, no floor, no glow spill, no text, and no frame. No magenta or hot pink anywhere on the item itself. Square image, the item fills about 90 percent of the frame, nothing cropped."
rare-tabi-s2,rare-tabi-s2.png,armor,Bloodlace Tabi,Rare armor,2 of 3,6% damage reduction,rare-tabi,Rare Tabi,shinobij.client/public/items/shop-rare-tabi-v2.webp,"Use the attached image of the Rare Tabi as the exact reference. Keep the same piece of armor, pose, angle, silhouette, proportions, colour family and painted game icon style. Make it a clear but modest upgrade called the Bloodlace Tabi, rung 2 of 3 between Rare armor and Legendary armor. Fresh lacquer: plates and leather coated in a clean glossy lacquer sheen, polished edges and fasteners, and deeper richer colours. It must look better than the Rare Tabi and clearly less impressive than Legendary armor. Draw it on a flat solid magenta (#FF00FF) background with no shadow, no floor, no glow spill, no text, and no frame. No magenta or hot pink anywhere on the item itself. Square image, the item fills about 90 percent of the frame, nothing cropped."
rare-tabi-s3,rare-tabi-s3.png,armor,Ivory Plate Tabi,Rare armor,3 of 3,6.5% damage reduction,rare-tabi,Rare Tabi,shinobij.client/public/items/shop-rare-tabi-v2.webp,"Use the attached image of the Rare Tabi as the exact reference. Keep the same piece of armor, pose, angle, silhouette, proportions, colour family and painted game icon style. Make it a clear but modest upgrade called the Ivory Plate Tabi, rung 3 of 3 between Rare armor and Legendary armor. Iron stitched: extra iron thread stitching along the seams and added riveted plate edging, with all metal crisp and bright. It is the strongest version of this piece but is still clearly plainer than the next quality tier. It must look better than the Rare Tabi and clearly less impressive than Legendary armor. Draw it on a flat solid magenta (#FF00FF) background with no shadow, no floor, no glow spill, no text, and no frame. No magenta or hot pink anywhere on the item itself. Square image, the item fills about 90 percent of the frame, nothing cropped."
rustfang-kunai-s1,rustfang-kunai-s1.png,weapon,Redthread Kunai,Common weapons,1 of 5,14.5 EP,rustfang-kunai,Rustfang Kunai,shinobij.client/public/items/starter-rustfang-kunai-v3.webp,"Use the attached image of the Rustfang Kunai as the exact reference. Keep the same weapon, pose, angle, silhouette, proportions, colour family and painted game icon style. Make it a clear but modest upgrade called the Redthread Kunai, rung 1 of 5 between Common weapons and Rare weapons. A fresh edge. The blade is cleaned and sharpened with a bright new bevel, rust and chips from the base are mostly gone, and the grip wrap is tidy. It must look better than the Rustfang Kunai and clearly less impressive than Rare weapons. Draw it on a flat solid magenta (#FF00FF) background with no shadow, no floor, no glow spill, no text, and no frame. No magenta or hot pink anywhere on the item itself. Square image, the item fills about 90 percent of the frame, nothing cropped."
rustfang-kunai-s2,rustfang-kunai-s2.png,weapon,Ivorywrap Kunai,Common weapons,2 of 5,15 EP,rustfang-kunai,Rustfang Kunai,shinobij.client/public/items/starter-rustfang-kunai-v3.webp,"Use the attached image of the Rustfang Kunai as the exact reference. Keep the same weapon, pose, angle, silhouette, proportions, colour family and painted game icon style. Make it a clear but modest upgrade called the Ivorywrap Kunai, rung 2 of 5 between Common weapons and Rare weapons. A fine polished edge with a crisp clean highlight along the whole blade, tight neat grip wrapping, and small metal fittings polished bright. It must look better than the Rustfang Kunai and clearly less impressive than Rare weapons. Draw it on a flat solid magenta (#FF00FF) background with no shadow, no floor, no glow spill, no text, and no frame. No magenta or hot pink anywhere on the item itself. Square image, the item fills about 90 percent of the frame, nothing cropped."
rustfang-kunai-s3,rustfang-kunai-s3.png,weapon,Scarletguard Kunai,Common weapons,3 of 5,15.5 EP,rustfang-kunai,Rustfang Kunai,shinobij.client/public/items/starter-rustfang-kunai-v3.webp,"Use the attached image of the Rustfang Kunai as the exact reference. Keep the same weapon, pose, angle, silhouette, proportions, colour family and painted game icon style. Make it a clear but modest upgrade called the Scarletguard Kunai, rung 3 of 5 between Common weapons and Rare weapons. A visible wavy temper line along the edge, a faint blue steel sheen, clean bronze fittings, and a richer colour in the grip wrap. It must look better than the Rustfang Kunai and clearly less impressive than Rare weapons. Draw it on a flat solid magenta (#FF00FF) background with no shadow, no floor, no glow spill, no text, and no frame. No magenta or hot pink anywhere on the item itself. Square image, the item fills about 90 percent of the frame, nothing cropped."
rustfang-kunai-s4,rustfang-kunai-s4.png,weapon,Hookfang Kunai,Common weapons,4 of 5,16 EP,rustfang-kunai,Rustfang Kunai,shinobij.client/public/items/starter-rustfang-kunai-v3.webp,"Use the attached image of the Rustfang Kunai as the exact reference. Keep the same weapon, pose, angle, silhouette, proportions, colour family and painted game icon style. Make it a clear but modest upgrade called the Hookfang Kunai, rung 4 of 5 between Common weapons and Rare weapons. Folded steel: fine layered grain lines across the metal, a crisp bright edge, and bronze or silver fittings with a little engraving. It must look better than the Rustfang Kunai and clearly less impressive than Rare weapons. Draw it on a flat solid magenta (#FF00FF) background with no shadow, no floor, no glow spill, no text, and no frame. No magenta or hot pink anywhere on the item itself. Square image, the item fills about 90 percent of the frame, nothing cropped."
rustfang-kunai-s5,rustfang-kunai-s5.png,weapon,Emberweave Kunai,Common weapons,5 of 5,16.5 EP,rustfang-kunai,Rustfang Kunai,shinobij.client/public/items/starter-rustfang-kunai-v3.webp,"Use the attached image of the Rustfang Kunai as the exact reference. Keep the same weapon, pose, angle, silhouette, proportions, colour family and painted game icon style. Make it a clear but modest upgrade called the Emberweave Kunai, rung 5 of 5 between Common weapons and Rare weapons. Dark forged steel with a deep blackened finish and a bright edge, engraved fittings, and a very faint cool glow only along the cutting edge. It is the most refined version of this weapon, but it is still a plain working weapon: no aura, no flames, no glowing runes. It must look better than the Rustfang Kunai and clearly less impressive than Rare weapons. Draw it on a flat solid magenta (#FF00FF) background with no shadow, no floor, no glow spill, no text, and no frame. No magenta or hot pink anywhere on the item itself. Square image, the item fills about 90 percent of the frame, nothing cropped."
training-katana-s1,training-katana-s1.png,weapon,Pale Moon Katana,Common weapons,1 of 5,14.5 EP,training-katana,Training Katana,shinobij.client/public/items/shop-training-katana-v2.webp,"Use the attached image of the Training Katana as the exact reference. Keep the same weapon, pose, angle, silhouette, proportions, colour family and painted game icon style. Make it a clear but modest upgrade called the Pale Moon Katana, rung 1 of 5 between Common weapons and Rare weapons. A fresh edge. The blade is cleaned and sharpened with a bright new bevel, rust and chips from the base are mostly gone, and the grip wrap is tidy. It must look better than the Training Katana and clearly less impressive than Rare weapons. Draw it on a flat solid magenta (#FF00FF) background with no shadow, no floor, no glow spill, no text, and no frame. No magenta or hot pink anywhere on the item itself. Square image, the item fills about 90 percent of the frame, nothing cropped."
training-katana-s2,training-katana-s2.png,weapon,Scarlet Reed Katana,Common weapons,2 of 5,15 EP,training-katana,Training Katana,shinobij.client/public/items/shop-training-katana-v2.webp,"Use the attached image of the Training Katana as the exact reference. Keep the same weapon, pose, angle, silhouette, proportions, colour family and painted game icon style. Make it a clear but modest upgrade called the Scarlet Reed Katana, rung 2 of 5 between Common weapons and Rare weapons. A fine polished edge with a crisp clean highlight along the whole blade, tight neat grip wrapping, and small metal fittings polished bright. It must look better than the Training Katana and clearly less impressive than Rare weapons. Draw it on a flat solid magenta (#FF00FF) background with no shadow, no floor, no glow spill, no text, and no frame. No magenta or hot pink anywhere on the item itself. Square image, the item fills about 90 percent of the frame, nothing cropped."
training-katana-s3,training-katana-s3.png,weapon,Sandstorm Katana,Common weapons,3 of 5,15.5 EP,training-katana,Training Katana,shinobij.client/public/items/shop-training-katana-v2.webp,"Use the attached image of the Training Katana as the exact reference. Keep the same weapon, pose, angle, silhouette, proportions, colour family and painted game icon style. Make it a clear but modest upgrade called the Sandstorm Katana, rung 3 of 5 between Common weapons and Rare weapons. A visible wavy temper line along the edge, a faint blue steel sheen, clean bronze fittings, and a richer colour in the grip wrap. It must look better than the Training Katana and clearly less impressive than Rare weapons. Draw it on a flat solid magenta (#FF00FF) background with no shadow, no floor, no glow spill, no text, and no frame. No magenta or hot pink anywhere on the item itself. Square image, the item fills about 90 percent of the frame, nothing cropped."
training-katana-s4,training-katana-s4.png,weapon,Moonwake Tachi,Common weapons,4 of 5,16 EP,training-katana,Training Katana,shinobij.client/public/items/shop-training-katana-v2.webp,"Use the attached image of the Training Katana as the exact reference. Keep the same weapon, pose, angle, silhouette, proportions, colour family and painted game icon style. Make it a clear but modest upgrade called the Moonwake Tachi, rung 4 of 5 between Common weapons and Rare weapons. Folded steel: fine layered grain lines across the metal, a crisp bright edge, and bronze or silver fittings with a little engraving. It must look better than the Training Katana and clearly less impressive than Rare weapons. Draw it on a flat solid magenta (#FF00FF) background with no shadow, no floor, no glow spill, no text, and no frame. No magenta or hot pink anywhere on the item itself. Square image, the item fills about 90 percent of the frame, nothing cropped."
training-katana-s5,training-katana-s5.png,weapon,Dawnsheath Katana,Common weapons,5 of 5,16.5 EP,training-katana,Training Katana,shinobij.client/public/items/shop-training-katana-v2.webp,"Use the attached image of the Training Katana as the exact reference. Keep the same weapon, pose, angle, silhouette, proportions, colour family and painted game icon style. Make it a clear but modest upgrade called the Dawnsheath Katana, rung 5 of 5 between Common weapons and Rare weapons. Dark forged steel with a deep blackened finish and a bright edge, engraved fittings, and a very faint cool glow only along the cutting edge. It is the most refined version of this weapon, but it is still a plain working weapon: no aura, no flames, no glowing runes. It must look better than the Training Katana and clearly less impressive than Rare weapons. Draw it on a flat solid magenta (#FF00FF) background with no shadow, no floor, no glow spill, no text, and no frame. No magenta or hot pink anywhere on the item itself. Square image, the item fills about 90 percent of the frame, nothing cropped."
ash-wrapped-tanto-s1,ash-wrapped-tanto-s1.png,weapon,Cinder Cord Tanto,Common weapons,1 of 5,14.5 EP,ash-wrapped-tanto,Ash-Wrapped Tanto,shinobij.client/public/items/shop-ash-wrapped-tanto-v2.webp,"Use the attached image of the Ash-Wrapped Tanto as the exact reference. Keep the same weapon, pose, angle, silhouette, proportions, colour family and painted game icon style. Make it a clear but modest upgrade called the Cinder Cord Tanto, rung 1 of 5 between Common weapons and Rare weapons. A fresh edge. The blade is cleaned and sharpened with a bright new bevel, rust and chips from the base are mostly gone, and the grip wrap is tidy. It must look better than the Ash-Wrapped Tanto and clearly less impressive than Rare weapons. Draw it on a flat solid magenta (#FF00FF) background with no shadow, no floor, no glow spill, no text, and no frame. No magenta or hot pink anywhere on the item itself. Square image, the item fills about 90 percent of the frame, nothing cropped."
ash-wrapped-tanto-s2,ash-wrapped-tanto-s2.png,weapon,Ember Fang Tanto,Common weapons,2 of 5,15 EP,ash-wrapped-tanto,Ash-Wrapped Tanto,shinobij.client/public/items/shop-ash-wrapped-tanto-v2.webp,"Use the attached image of the Ash-Wrapped Tanto as the exact reference. Keep the same weapon, pose, angle, silhouette, proportions, colour family and painted game icon style. Make it a clear but modest upgrade called the Ember Fang Tanto, rung 2 of 5 between Common weapons and Rare weapons. A fine polished edge with a crisp clean highlight along the whole blade, tight neat grip wrapping, and small metal fittings polished bright. It must look better than the Ash-Wrapped Tanto and clearly less impressive than Rare weapons. Draw it on a flat solid magenta (#FF00FF) background with no shadow, no floor, no glow spill, no text, and no frame. No magenta or hot pink anywhere on the item itself. Square image, the item fills about 90 percent of the frame, nothing cropped."
ash-wrapped-tanto-s3,ash-wrapped-tanto-s3.png,weapon,Blazewrap Tanto,Common weapons,3 of 5,15.5 EP,ash-wrapped-tanto,Ash-Wrapped Tanto,shinobij.client/public/items/shop-ash-wrapped-tanto-v2.webp,"Use the attached image of the Ash-Wrapped Tanto as the exact reference. Keep the same weapon, pose, angle, silhouette, proportions, colour family and painted game icon style. Make it a clear but modest upgrade called the Blazewrap Tanto, rung 3 of 5 between Common weapons and Rare weapons. A visible wavy temper line along the edge, a faint blue steel sheen, clean bronze fittings, and a richer colour in the grip wrap. It must look better than the Ash-Wrapped Tanto and clearly less impressive than Rare weapons. Draw it on a flat solid magenta (#FF00FF) background with no shadow, no floor, no glow spill, no text, and no frame. No magenta or hot pink anywhere on the item itself. Square image, the item fills about 90 percent of the frame, nothing cropped."
ash-wrapped-tanto-s4,ash-wrapped-tanto-s4.png,weapon,Coppercoil Tanto,Common weapons,4 of 5,16 EP,ash-wrapped-tanto,Ash-Wrapped Tanto,shinobij.client/public/items/shop-ash-wrapped-tanto-v2.webp,"Use the attached image of the Ash-Wrapped Tanto as the exact reference. Keep the same weapon, pose, angle, silhouette, proportions, colour family and painted game icon style. Make it a clear but modest upgrade called the Coppercoil Tanto, rung 4 of 5 between Common weapons and Rare weapons. Folded steel: fine layered grain lines across the metal, a crisp bright edge, and bronze or silver fittings with a little engraving. It must look better than the Ash-Wrapped Tanto and clearly less impressive than Rare weapons. Draw it on a flat solid magenta (#FF00FF) background with no shadow, no floor, no glow spill, no text, and no frame. No magenta or hot pink anywhere on the item itself. Square image, the item fills about 90 percent of the frame, nothing cropped."
ash-wrapped-tanto-s5,ash-wrapped-tanto-s5.png,weapon,Rustflame Tanto,Common weapons,5 of 5,16.5 EP,ash-wrapped-tanto,Ash-Wrapped Tanto,shinobij.client/public/items/shop-ash-wrapped-tanto-v2.webp,"Use the attached image of the Ash-Wrapped Tanto as the exact reference. Keep the same weapon, pose, angle, silhouette, proportions, colour family and painted game icon style. Make it a clear but modest upgrade called the Rustflame Tanto, rung 5 of 5 between Common weapons and Rare weapons. Dark forged steel with a deep blackened finish and a bright edge, engraved fittings, and a very faint cool glow only along the cutting edge. It is the most refined version of this weapon, but it is still a plain working weapon: no aura, no flames, no glowing runes. It must look better than the Ash-Wrapped Tanto and clearly less impressive than Rare weapons. Draw it on a flat solid magenta (#FF00FF) background with no shadow, no floor, no glow spill, no text, and no frame. No magenta or hot pink anywhere on the item itself. Square image, the item fills about 90 percent of the frame, nothing cropped."
rookie-chain-sickle-s1,rookie-chain-sickle-s1.png,weapon,Goldthread Kusarigama,Common weapons,1 of 5,14.5 EP,rookie-chain-sickle,Rookie Chain Sickle,shinobij.client/public/items/shop-rookie-chain-sickle-v2.webp,"Use the attached image of the Rookie Chain Sickle as the exact reference. Keep the same weapon, pose, angle, silhouette, proportions, colour family and painted game icon style. Make it a clear but modest upgrade called the Goldthread Kusarigama, rung 1 of 5 between Common weapons and Rare weapons. A fresh edge. The blade is cleaned and sharpened with a bright new bevel, rust and chips from the base are mostly gone, and the grip wrap is tidy. It must look better than the Rookie Chain Sickle and clearly less impressive than Rare weapons. Draw it on a flat solid magenta (#FF00FF) background with no shadow, no floor, no glow spill, no text, and no frame. No magenta or hot pink anywhere on the item itself. Square image, the item fills about 90 percent of the frame, nothing cropped."
rookie-chain-sickle-s2,rookie-chain-sickle-s2.png,weapon,Redspindle Sickle,Common weapons,2 of 5,15 EP,rookie-chain-sickle,Rookie Chain Sickle,shinobij.client/public/items/shop-rookie-chain-sickle-v2.webp,"Use the attached image of the Rookie Chain Sickle as the exact reference. Keep the same weapon, pose, angle, silhouette, proportions, colour family and painted game icon style. Make it a clear but modest upgrade called the Redspindle Sickle, rung 2 of 5 between Common weapons and Rare weapons. A fine polished edge with a crisp clean highlight along the whole blade, tight neat grip wrapping, and small metal fittings polished bright. It must look better than the Rookie Chain Sickle and clearly less impressive than Rare weapons. Draw it on a flat solid magenta (#FF00FF) background with no shadow, no floor, no glow spill, no text, and no frame. No magenta or hot pink anywhere on the item itself. Square image, the item fills about 90 percent of the frame, nothing cropped."
rookie-chain-sickle-s3,rookie-chain-sickle-s3.png,weapon,Bonewrap Kusarigama,Common weapons,3 of 5,15.5 EP,rookie-chain-sickle,Rookie Chain Sickle,shinobij.client/public/items/shop-rookie-chain-sickle-v2.webp,"Use the attached image of the Rookie Chain Sickle as the exact reference. Keep the same weapon, pose, angle, silhouette, proportions, colour family and painted game icon style. Make it a clear but modest upgrade called the Bonewrap Kusarigama, rung 3 of 5 between Common weapons and Rare weapons. A visible wavy temper line along the edge, a faint blue steel sheen, clean bronze fittings, and a richer colour in the grip wrap. It must look better than the Rookie Chain Sickle and clearly less impressive than Rare weapons. Draw it on a flat solid magenta (#FF00FF) background with no shadow, no floor, no glow spill, no text, and no frame. No magenta or hot pink anywhere on the item itself. Square image, the item fills about 90 percent of the frame, nothing cropped."
rookie-chain-sickle-s4,rookie-chain-sickle-s4.png,weapon,Blackstud Kusarigama,Common weapons,4 of 5,16 EP,rookie-chain-sickle,Rookie Chain Sickle,shinobij.client/public/items/shop-rookie-chain-sickle-v2.webp,"Use the attached image of the Rookie Chain Sickle as the exact reference. Keep the same weapon, pose, angle, silhouette, proportions, colour family and painted game icon style. Make it a clear but modest upgrade called the Blackstud Kusarigama, rung 4 of 5 between Common weapons and Rare weapons. Folded steel: fine layered grain lines across the metal, a crisp bright edge, and bronze or silver fittings with a little engraving. It must look better than the Rookie Chain Sickle and clearly less impressive than Rare weapons. Draw it on a flat solid magenta (#FF00FF) background with no shadow, no floor, no glow spill, no text, and no frame. No magenta or hot pink anywhere on the item itself. Square image, the item fills about 90 percent of the frame, nothing cropped."
rookie-chain-sickle-s5,rookie-chain-sickle-s5.png,weapon,Emberchain Kusarigama,Common weapons,5 of 5,16.5 EP,rookie-chain-sickle,Rookie Chain Sickle,shinobij.client/public/items/shop-rookie-chain-sickle-v2.webp,"Use the attached image of the Rookie Chain Sickle as the exact reference. Keep the same weapon, pose, angle, silhouette, proportions, colour family and painted game icon style. Make it a clear but modest upgrade called the Emberchain Kusarigama, rung 5 of 5 between Common weapons and Rare weapons. Dark forged steel with a deep blackened finish and a bright edge, engraved fittings, and a very faint cool glow only along the cutting edge. It is the most refined version of this weapon, but it is still a plain working weapon: no aura, no flames, no glowing runes. It must look better than the Rookie Chain Sickle and clearly less impressive than Rare weapons. Draw it on a flat solid magenta (#FF00FF) background with no shadow, no floor, no glow spill, no text, and no frame. No magenta or hot pink anywhere on the item itself. Square image, the item fills about 90 percent of the frame, nothing cropped."
cracked-bone-dagger-s1,cracked-bone-dagger-s1.png,weapon,Jade Tassel Dagger,Common weapons,1 of 5,14.5 EP,cracked-bone-dagger,Cracked Bone Dagger,shinobij.client/public/items/shop-cracked-bone-dagger-v2.webp,"Use the attached image of the Cracked Bone Dagger as the exact reference. Keep the same weapon, pose, angle, silhouette, proportions, colour family and painted game icon style. Make it a clear but modest upgrade called the Jade Tassel Dagger, rung 1 of 5 between Common weapons and Rare weapons. A fresh edge. The blade is cleaned and sharpened with a bright new bevel, rust and chips from the base are mostly gone, and the grip wrap is tidy. It must look better than the Cracked Bone Dagger and clearly less impressive than Rare weapons. Draw it on a flat solid magenta (#FF00FF) background with no shadow, no floor, no glow spill, no text, and no frame. No magenta or hot pink anywhere on the item itself. Square image, the item fills about 90 percent of the frame, nothing cropped."
cracked-bone-dagger-s2,cracked-bone-dagger-s2.png,weapon,Bonehook Dagger,Common weapons,2 of 5,15 EP,cracked-bone-dagger,Cracked Bone Dagger,shinobij.client/public/items/shop-cracked-bone-dagger-v2.webp,"Use the attached image of the Cracked Bone Dagger as the exact reference. Keep the same weapon, pose, angle, silhouette, proportions, colour family and painted game icon style. Make it a clear but modest upgrade called the Bonehook Dagger, rung 2 of 5 between Common weapons and Rare weapons. A fine polished edge with a crisp clean highlight along the whole blade, tight neat grip wrapping, and small metal fittings polished bright. It must look better than the Cracked Bone Dagger and clearly less impressive than Rare weapons. Draw it on a flat solid magenta (#FF00FF) background with no shadow, no floor, no glow spill, no text, and no frame. No magenta or hot pink anywhere on the item itself. Square image, the item fills about 90 percent of the frame, nothing cropped."
cracked-bone-dagger-s3,cracked-bone-dagger-s3.png,weapon,Ravenclaw Dagger,Common weapons,3 of 5,15.5 EP,cracked-bone-dagger,Cracked Bone Dagger,shinobij.client/public/items/shop-cracked-bone-dagger-v2.webp,"Use the attached image of the Cracked Bone Dagger as the exact reference. Keep the same weapon, pose, angle, silhouette, proportions, colour family and painted game icon style. Make it a clear but modest upgrade called the Ravenclaw Dagger, rung 3 of 5 between Common weapons and Rare weapons. A visible wavy temper line along the edge, a faint blue steel sheen, clean bronze fittings, and a richer colour in the grip wrap. It must look better than the Cracked Bone Dagger and clearly less impressive than Rare weapons. Draw it on a flat solid magenta (#FF00FF) background with no shadow, no floor, no glow spill, no text, and no frame. No magenta or hot pink anywhere on the item itself. Square image, the item fills about 90 percent of the frame, nothing cropped."
cracked-bone-dagger-s4,cracked-bone-dagger-s4.png,weapon,Wingfang Dagger,Common weapons,4 of 5,16 EP,cracked-bone-dagger,Cracked Bone Dagger,shinobij.client/public/items/shop-cracked-bone-dagger-v2.webp,"Use the attached image of the Cracked Bone Dagger as the exact reference. Keep the same weapon, pose, angle, silhouette, proportions, colour family and painted game icon style. Make it a clear but modest upgrade called the Wingfang Dagger, rung 4 of 5 between Common weapons and Rare weapons. Folded steel: fine layered grain lines across the metal, a crisp bright edge, and bronze or silver fittings with a little engraving. It must look better than the Cracked Bone Dagger and clearly less impressive than Rare weapons. Draw it on a flat solid magenta (#FF00FF) background with no shadow, no floor, no glow spill, no text, and no frame. No magenta or hot pink anywhere on the item itself. Square image, the item fills about 90 percent of the frame, nothing cropped."
cracked-bone-dagger-s5,cracked-bone-dagger-s5.png,weapon,Jadewing Dagger,Common weapons,5 of 5,16.5 EP,cracked-bone-dagger,Cracked Bone Dagger,shinobij.client/public/items/shop-cracked-bone-dagger-v2.webp,"Use the attached image of the Cracked Bone Dagger as the exact reference. Keep the same weapon, pose, angle, silhouette, proportions, colour family and painted game icon style. Make it a clear but modest upgrade called the Jadewing Dagger, rung 5 of 5 between Common weapons and Rare weapons. Dark forged steel with a deep blackened finish and a bright edge, engraved fittings, and a very faint cool glow only along the cutting edge. It is the most refined version of this weapon, but it is still a plain working weapon: no aura, no flames, no glowing runes. It must look better than the Cracked Bone Dagger and clearly less impressive than Rare weapons. Draw it on a flat solid magenta (#FF00FF) background with no shadow, no floor, no glow spill, no text, and no frame. No magenta or hot pink anywhere on the item itself. Square image, the item fills about 90 percent of the frame, nothing cropped."
mistfang-tanto-s1,mistfang-tanto-s1.png,weapon,Jade Mist Tanto,Rare weapons,1 of 3,17.5 EP,mistfang-tanto,Mistfang Tanto,shinobij.client/public/items/shop-mistfang-tanto-v2.webp,"Use the attached image of the Mistfang Tanto as the exact reference. Keep the same weapon, pose, angle, silhouette, proportions, colour family and painted game icon style. Make it a clear but modest upgrade called the Jade Mist Tanto, rung 1 of 3 between Rare weapons and Epic weapons. A fine polished edge with a crisp clean highlight along the whole blade, tight neat grip wrapping, and small metal fittings polished bright. It must look better than the Mistfang Tanto and clearly less impressive than Epic weapons. Draw it on a flat solid magenta (#FF00FF) background with no shadow, no floor, no glow spill, no text, and no frame. No magenta or hot pink anywhere on the item itself. Square image, the item fills about 90 percent of the frame, nothing cropped."
mistfang-tanto-s2,mistfang-tanto-s2.png,weapon,Frostwave Tanto,Rare weapons,2 of 3,18 EP,mistfang-tanto,Mistfang Tanto,shinobij.client/public/items/shop-mistfang-tanto-v2.webp,"Use the attached image of the Mistfang Tanto as the exact reference. Keep the same weapon, pose, angle, silhouette, proportions, colour family and painted game icon style. Make it a clear but modest upgrade called the Frostwave Tanto, rung 2 of 3 between Rare weapons and Epic weapons. A visible wavy temper line along the edge, a faint blue steel sheen, clean bronze fittings, and a richer colour in the grip wrap. It must look better than the Mistfang Tanto and clearly less impressive than Epic weapons. Draw it on a flat solid magenta (#FF00FF) background with no shadow, no floor, no glow spill, no text, and no frame. No magenta or hot pink anywhere on the item itself. Square image, the item fills about 90 percent of the frame, nothing cropped."
mistfang-tanto-s3,mistfang-tanto-s3.png,weapon,Greenguard Tanto,Rare weapons,3 of 3,18.5 EP,mistfang-tanto,Mistfang Tanto,shinobij.client/public/items/shop-mistfang-tanto-v2.webp,"Use the attached image of the Mistfang Tanto as the exact reference. Keep the same weapon, pose, angle, silhouette, proportions, colour family and painted game icon style. Make it a clear but modest upgrade called the Greenguard Tanto, rung 3 of 3 between Rare weapons and Epic weapons. Folded steel: fine layered grain lines across the metal, a crisp bright edge, and bronze or silver fittings with a little engraving. It must look better than the Mistfang Tanto and clearly less impressive than Epic weapons. Draw it on a flat solid magenta (#FF00FF) background with no shadow, no floor, no glow spill, no text, and no frame. No magenta or hot pink anywhere on the item itself. Square image, the item fills about 90 percent of the frame, nothing cropped."
ashen-leaf-saber-s1,ashen-leaf-saber-s1.png,weapon,Crimson Reed Saber,Rare weapons,1 of 3,17.5 EP,ashen-leaf-saber,Ashen Leaf Saber,shinobij.client/public/items/shop-ashen-leaf-saber-v2.webp,"Use the attached image of the Ashen Leaf Saber as the exact reference. Keep the same weapon, pose, angle, silhouette, proportions, colour family and painted game icon style. Make it a clear but modest upgrade called the Crimson Reed Saber, rung 1 of 3 between Rare weapons and Epic weapons. A fine polished edge with a crisp clean highlight along the whole blade, tight neat grip wrapping, and small metal fittings polished bright. It must look better than the Ashen Leaf Saber and clearly less impressive than Epic weapons. Draw it on a flat solid magenta (#FF00FF) background with no shadow, no floor, no glow spill, no text, and no frame. No magenta or hot pink anywhere on the item itself. Square image, the item fills about 90 percent of the frame, nothing cropped."
ashen-leaf-saber-s2,ashen-leaf-saber-s2.png,weapon,Hookfire Saber,Rare weapons,2 of 3,18 EP,ashen-leaf-saber,Ashen Leaf Saber,shinobij.client/public/items/shop-ashen-leaf-saber-v2.webp,"Use the attached image of the Ashen Leaf Saber as the exact reference. Keep the same weapon, pose, angle, silhouette, proportions, colour family and painted game icon style. Make it a clear but modest upgrade called the Hookfire Saber, rung 2 of 3 between Rare weapons and Epic weapons. A visible wavy temper line along the edge, a faint blue steel sheen, clean bronze fittings, and a richer colour in the grip wrap. It must look better than the Ashen Leaf Saber and clearly less impressive than Epic weapons. Draw it on a flat solid magenta (#FF00FF) background with no shadow, no floor, no glow spill, no text, and no frame. No magenta or hot pink anywhere on the item itself. Square image, the item fills about 90 percent of the frame, nothing cropped."
ashen-leaf-saber-s3,ashen-leaf-saber-s3.png,weapon,Bloodmoon Saber,Rare weapons,3 of 3,18.5 EP,ashen-leaf-saber,Ashen Leaf Saber,shinobij.client/public/items/shop-ashen-leaf-saber-v2.webp,"Use the attached image of the Ashen Leaf Saber as the exact reference. Keep the same weapon, pose, angle, silhouette, proportions, colour family and painted game icon style. Make it a clear but modest upgrade called the Bloodmoon Saber, rung 3 of 3 between Rare weapons and Epic weapons. Folded steel: fine layered grain lines across the metal, a crisp bright edge, and bronze or silver fittings with a little engraving. It must look better than the Ashen Leaf Saber and clearly less impressive than Epic weapons. Draw it on a flat solid magenta (#FF00FF) background with no shadow, no floor, no glow spill, no text, and no frame. No magenta or hot pink anywhere on the item itself. Square image, the item fills about 90 percent of the frame, nothing cropped."
riverbone-spear-s1,riverbone-spear-s1.png,weapon,Tealtide Spear,Rare weapons,1 of 3,17.5 EP,riverbone-spear,Riverbone Spear,shinobij.client/public/items/shop-riverbone-spear-v2.webp,"Use the attached image of the Riverbone Spear as the exact reference. Keep the same weapon, pose, angle, silhouette, proportions, colour family and painted game icon style. Make it a clear but modest upgrade called the Tealtide Spear, rung 1 of 3 between Rare weapons and Epic weapons. A fine polished edge with a crisp clean highlight along the whole blade, tight neat grip wrapping, and small metal fittings polished bright. It must look better than the Riverbone Spear and clearly less impressive than Epic weapons. Draw it on a flat solid magenta (#FF00FF) background with no shadow, no floor, no glow spill, no text, and no frame. No magenta or hot pink anywhere on the item itself. Square image, the item fills about 90 percent of the frame, nothing cropped."
riverbone-spear-s2,riverbone-spear-s2.png,weapon,Bonebead Spear,Rare weapons,2 of 3,18 EP,riverbone-spear,Riverbone Spear,shinobij.client/public/items/shop-riverbone-spear-v2.webp,"Use the attached image of the Riverbone Spear as the exact reference. Keep the same weapon, pose, angle, silhouette, proportions, colour family and painted game icon style. Make it a clear but modest upgrade called the Bonebead Spear, rung 2 of 3 between Rare weapons and Epic weapons. A visible wavy temper line along the edge, a faint blue steel sheen, clean bronze fittings, and a richer colour in the grip wrap. It must look better than the Riverbone Spear and clearly less impressive than Epic weapons. Draw it on a flat solid magenta (#FF00FF) background with no shadow, no floor, no glow spill, no text, and no frame. No magenta or hot pink anywhere on the item itself. Square image, the item fills about 90 percent of the frame, nothing cropped."
riverbone-spear-s3,riverbone-spear-s3.png,weapon,Mistleaf Spear,Rare weapons,3 of 3,18.5 EP,riverbone-spear,Riverbone Spear,shinobij.client/public/items/shop-riverbone-spear-v2.webp,"Use the attached image of the Riverbone Spear as the exact reference. Keep the same weapon, pose, angle, silhouette, proportions, colour family and painted game icon style. Make it a clear but modest upgrade called the Mistleaf Spear, rung 3 of 3 between Rare weapons and Epic weapons. Folded steel: fine layered grain lines across the metal, a crisp bright edge, and bronze or silver fittings with a little engraving. It must look better than the Riverbone Spear and clearly less impressive than Epic weapons. Draw it on a flat solid magenta (#FF00FF) background with no shadow, no floor, no glow spill, no text, and no frame. No magenta or hot pink anywhere on the item itself. Square image, the item fills about 90 percent of the frame, nothing cropped."
iron-fang-knuckles-s1,iron-fang-knuckles-s1.png,weapon,Goldwrap Claws,Rare weapons,1 of 3,17.5 EP,iron-fang-knuckles,Iron Fang Knuckles,shinobij.client/public/items/shop-iron-fang-knuckles-v2.webp,"Use the attached image of the Iron Fang Knuckles as the exact reference. Keep the same weapon, pose, angle, silhouette, proportions, colour family and painted game icon style. Make it a clear but modest upgrade called the Goldwrap Claws, rung 1 of 3 between Rare weapons and Epic weapons. A fine polished edge with a crisp clean highlight along the whole blade, tight neat grip wrapping, and small metal fittings polished bright. It must look better than the Iron Fang Knuckles and clearly less impressive than Epic weapons. Draw it on a flat solid magenta (#FF00FF) background with no shadow, no floor, no glow spill, no text, and no frame. No magenta or hot pink anywhere on the item itself. Square image, the item fills about 90 percent of the frame, nothing cropped."
iron-fang-knuckles-s2,iron-fang-knuckles-s2.png,weapon,Bloodtalon Knuckles,Rare weapons,2 of 3,18 EP,iron-fang-knuckles,Iron Fang Knuckles,shinobij.client/public/items/shop-iron-fang-knuckles-v2.webp,"Use the attached image of the Iron Fang Knuckles as the exact reference. Keep the same weapon, pose, angle, silhouette, proportions, colour family and painted game icon style. Make it a clear but modest upgrade called the Bloodtalon Knuckles, rung 2 of 3 between Rare weapons and Epic weapons. A visible wavy temper line along the edge, a faint blue steel sheen, clean bronze fittings, and a richer colour in the grip wrap. It must look better than the Iron Fang Knuckles and clearly less impressive than Epic weapons. Draw it on a flat solid magenta (#FF00FF) background with no shadow, no floor, no glow spill, no text, and no frame. No magenta or hot pink anywhere on the item itself. Square image, the item fills about 90 percent of the frame, nothing cropped."
iron-fang-knuckles-s3,iron-fang-knuckles-s3.png,weapon,Silver Talon Claws,Rare weapons,3 of 3,18.5 EP,iron-fang-knuckles,Iron Fang Knuckles,shinobij.client/public/items/shop-iron-fang-knuckles-v2.webp,"Use the attached image of the Iron Fang Knuckles as the exact reference. Keep the same weapon, pose, angle, silhouette, proportions, colour family and painted game icon style. Make it a clear but modest upgrade called the Silver Talon Claws, rung 3 of 3 between Rare weapons and Epic weapons. Folded steel: fine layered grain lines across the metal, a crisp bright edge, and bronze or silver fittings with a little engraving. It must look better than the Iron Fang Knuckles and clearly less impressive than Epic weapons. Draw it on a flat solid magenta (#FF00FF) background with no shadow, no floor, no glow spill, no text, and no frame. No magenta or hot pink anywhere on the item itself. Square image, the item fills about 90 percent of the frame, nothing cropped."
blue-thread-dagger-s1,blue-thread-dagger-s1.png,weapon,Sapphire Tassel Dagger,Rare weapons,1 of 3,17.5 EP,blue-thread-dagger,Blue Thread Dagger,shinobij.client/public/items/shop-blue-thread-dagger-v2.webp,"Use the attached image of the Blue Thread Dagger as the exact reference. Keep the same weapon, pose, angle, silhouette, proportions, colour family and painted game icon style. Make it a clear but modest upgrade called the Sapphire Tassel Dagger, rung 1 of 3 between Rare weapons and Epic weapons. A fine polished edge with a crisp clean highlight along the whole blade, tight neat grip wrapping, and small metal fittings polished bright. It must look better than the Blue Thread Dagger and clearly less impressive than Epic weapons. Draw it on a flat solid magenta (#FF00FF) background with no shadow, no floor, no glow spill, no text, and no frame. No magenta or hot pink anywhere on the item itself. Square image, the item fills about 90 percent of the frame, nothing cropped."
blue-thread-dagger-s2,blue-thread-dagger-s2.png,weapon,Cyanwing Dagger,Rare weapons,2 of 3,18 EP,blue-thread-dagger,Blue Thread Dagger,shinobij.client/public/items/shop-blue-thread-dagger-v2.webp,"Use the attached image of the Blue Thread Dagger as the exact reference. Keep the same weapon, pose, angle, silhouette, proportions, colour family and painted game icon style. Make it a clear but modest upgrade called the Cyanwing Dagger, rung 2 of 3 between Rare weapons and Epic weapons. A visible wavy temper line along the edge, a faint blue steel sheen, clean bronze fittings, and a richer colour in the grip wrap. It must look better than the Blue Thread Dagger and clearly less impressive than Epic weapons. Draw it on a flat solid magenta (#FF00FF) background with no shadow, no floor, no glow spill, no text, and no frame. No magenta or hot pink anywhere on the item itself. Square image, the item fills about 90 percent of the frame, nothing cropped."
blue-thread-dagger-s3,blue-thread-dagger-s3.png,weapon,Stormfin Dagger,Rare weapons,3 of 3,18.5 EP,blue-thread-dagger,Blue Thread Dagger,shinobij.client/public/items/shop-blue-thread-dagger-v2.webp,"Use the attached image of the Blue Thread Dagger as the exact reference. Keep the same weapon, pose, angle, silhouette, proportions, colour family and painted game icon style. Make it a clear but modest upgrade called the Stormfin Dagger, rung 3 of 3 between Rare weapons and Epic weapons. Folded steel: fine layered grain lines across the metal, a crisp bright edge, and bronze or silver fittings with a little engraving. It must look better than the Blue Thread Dagger and clearly less impressive than Epic weapons. Draw it on a flat solid magenta (#FF00FF) background with no shadow, no floor, no glow spill, no text, and no frame. No magenta or hot pink anywhere on the item itself. Square image, the item fills about 90 percent of the frame, nothing cropped."
stormcoil-kusarigama-s1,stormcoil-kusarigama-s1.png,weapon,Tealcoil Kusarigama,Epic weapons,1 of 5,19.5 EP,stormcoil-kusarigama,Stormcoil Kusarigama,shinobij.client/public/items/shop-stormcoil-kusarigama-v2.webp,"Use the attached image of the Stormcoil Kusarigama as the exact reference. Keep the same weapon, pose, angle, silhouette, proportions, colour family and painted game icon style. Make it a clear but modest upgrade called the Tealcoil Kusarigama, rung 1 of 5 between Epic weapons and Legendary weapons. A fresh edge. The blade is cleaned and sharpened with a bright new bevel, rust and chips from the base are mostly gone, and the grip wrap is tidy. It must look better than the Stormcoil Kusarigama and clearly less impressive than Legendary weapons. Draw it on a flat solid magenta (#FF00FF) background with no shadow, no floor, no glow spill, no text, and no frame. No magenta or hot pink anywhere on the item itself. Square image, the item fills about 90 percent of the frame, nothing cropped."
stormcoil-kusarigama-s2,stormcoil-kusarigama-s2.png,weapon,Copperwind Kusarigama,Epic weapons,2 of 5,20 EP,stormcoil-kusarigama,Stormcoil Kusarigama,shinobij.client/public/items/shop-stormcoil-kusarigama-v2.webp,"Use the attached image of the Stormcoil Kusarigama as the exact reference. Keep the same weapon, pose, angle, silhouette, proportions, colour family and painted game icon style. Make it a clear but modest upgrade called the Copperwind Kusarigama, rung 2 of 5 between Epic weapons and Legendary weapons. A fine polished edge with a crisp clean highlight along the whole blade, tight neat grip wrapping, and small metal fittings polished bright. It must look better than the Stormcoil Kusarigama and clearly less impressive than Legendary weapons. Draw it on a flat solid magenta (#FF00FF) background with no shadow, no floor, no glow spill, no text, and no frame. No magenta or hot pink anywhere on the item itself. Square image, the item fills about 90 percent of the frame, nothing cropped."
stormcoil-kusarigama-s3,stormcoil-kusarigama-s3.png,weapon,Whitecage Kusarigama,Epic weapons,3 of 5,20.5 EP,stormcoil-kusarigama,Stormcoil Kusarigama,shinobij.client/public/items/shop-stormcoil-kusarigama-v2.webp,"Use the attached image of the Stormcoil Kusarigama as the exact reference. Keep the same weapon, pose, angle, silhouette, proportions, colour family and painted game icon style. Make it a clear but modest upgrade called the Whitecage Kusarigama, rung 3 of 5 between Epic weapons and Legendary weapons. A visible wavy temper line along the edge, a faint blue steel sheen, clean bronze fittings, and a richer colour in the grip wrap. It must look better than the Stormcoil Kusarigama and clearly less impressive than Legendary weapons. Draw it on a flat solid magenta (#FF00FF) background with no shadow, no floor, no glow spill, no text, and no frame. No magenta or hot pink anywhere on the item itself. Square image, the item fills about 90 percent of the frame, nothing cropped."
stormcoil-kusarigama-s4,stormcoil-kusarigama-s4.png,weapon,Jadeprism Kusarigama,Epic weapons,4 of 5,21 EP,stormcoil-kusarigama,Stormcoil Kusarigama,shinobij.client/public/items/shop-stormcoil-kusarigama-v2.webp,"Use the attached image of the Stormcoil Kusarigama as the exact reference. Keep the same weapon, pose, angle, silhouette, proportions, colour family and painted game icon style. Make it a clear but modest upgrade called the Jadeprism Kusarigama, rung 4 of 5 between Epic weapons and Legendary weapons. Folded steel: fine layered grain lines across the metal, a crisp bright edge, and bronze or silver fittings with a little engraving. It must look better than the Stormcoil Kusarigama and clearly less impressive than Legendary weapons. Draw it on a flat solid magenta (#FF00FF) background with no shadow, no floor, no glow spill, no text, and no frame. No magenta or hot pink anywhere on the item itself. Square image, the item fills about 90 percent of the frame, nothing cropped."
stormcoil-kusarigama-s5,stormcoil-kusarigama-s5.png,weapon,Glasscoil Kusarigama,Epic weapons,5 of 5,21.5 EP,stormcoil-kusarigama,Stormcoil Kusarigama,shinobij.client/public/items/shop-stormcoil-kusarigama-v2.webp,"Use the attached image of the Stormcoil Kusarigama as the exact reference. Keep the same weapon, pose, angle, silhouette, proportions, colour family and painted game icon style. Make it a clear but modest upgrade called the Glasscoil Kusarigama, rung 5 of 5 between Epic weapons and Legendary weapons. Dark forged steel with a deep blackened finish and a bright edge, engraved fittings, and a very faint cool glow only along the cutting edge. It is the most refined version of this weapon, but it is still a plain working weapon: no aura, no flames, no glowing runes. It must look better than the Stormcoil Kusarigama and clearly less impressive than Legendary weapons. Draw it on a flat solid magenta (#FF00FF) background with no shadow, no floor, no glow spill, no text, and no frame. No magenta or hot pink anywhere on the item itself. Square image, the item fills about 90 percent of the frame, nothing cropped."
moonshadow-needleblade-s1,moonshadow-needleblade-s1.png,weapon,Amethyst Needle,Epic weapons,1 of 5,19.5 EP,moonshadow-needleblade,Moonshadow Needleblade,shinobij.client/public/items/shop-moonshadow-needleblade-v2.webp,"Use the attached image of the Moonshadow Needleblade as the exact reference. Keep the same weapon, pose, angle, silhouette, proportions, colour family and painted game icon style. Make it a clear but modest upgrade called the Amethyst Needle, rung 1 of 5 between Epic weapons and Legendary weapons. A fresh edge. The blade is cleaned and sharpened with a bright new bevel, rust and chips from the base are mostly gone, and the grip wrap is tidy. It must look better than the Moonshadow Needleblade and clearly less impressive than Legendary weapons. Draw it on a flat solid magenta (#FF00FF) background with no shadow, no floor, no glow spill, no text, and no frame. No magenta or hot pink anywhere on the item itself. Square image, the item fills about 90 percent of the frame, nothing cropped."
moonshadow-needleblade-s2,moonshadow-needleblade-s2.png,weapon,Orchid Fang Blade,Epic weapons,2 of 5,20 EP,moonshadow-needleblade,Moonshadow Needleblade,shinobij.client/public/items/shop-moonshadow-needleblade-v2.webp,"Use the attached image of the Moonshadow Needleblade as the exact reference. Keep the same weapon, pose, angle, silhouette, proportions, colour family and painted game icon style. Make it a clear but modest upgrade called the Orchid Fang Blade, rung 2 of 5 between Epic weapons and Legendary weapons. A fine polished edge with a crisp clean highlight along the whole blade, tight neat grip wrapping, and small metal fittings polished bright. It must look better than the Moonshadow Needleblade and clearly less impressive than Legendary weapons. Draw it on a flat solid magenta (#FF00FF) background with no shadow, no floor, no glow spill, no text, and no frame. No magenta or hot pink anywhere on the item itself. Square image, the item fills about 90 percent of the frame, nothing cropped."
moonshadow-needleblade-s3,moonshadow-needleblade-s3.png,weapon,Crescent Veil Blade,Epic weapons,3 of 5,20.5 EP,moonshadow-needleblade,Moonshadow Needleblade,shinobij.client/public/items/shop-moonshadow-needleblade-v2.webp,"Use the attached image of the Moonshadow Needleblade as the exact reference. Keep the same weapon, pose, angle, silhouette, proportions, colour family and painted game icon style. Make it a clear but modest upgrade called the Crescent Veil Blade, rung 3 of 5 between Epic weapons and Legendary weapons. A visible wavy temper line along the edge, a faint blue steel sheen, clean bronze fittings, and a richer colour in the grip wrap. It must look better than the Moonshadow Needleblade and clearly less impressive than Legendary weapons. Draw it on a flat solid magenta (#FF00FF) background with no shadow, no floor, no glow spill, no text, and no frame. No magenta or hot pink anywhere on the item itself. Square image, the item fills about 90 percent of the frame, nothing cropped."
moonshadow-needleblade-s4,moonshadow-needleblade-s4.png,weapon,Lunar Tassel Blade,Epic weapons,4 of 5,21 EP,moonshadow-needleblade,Moonshadow Needleblade,shinobij.client/public/items/shop-moonshadow-needleblade-v2.webp,"Use the attached image of the Moonshadow Needleblade as the exact reference. Keep the same weapon, pose, angle, silhouette, proportions, colour family and painted game icon style. Make it a clear but modest upgrade called the Lunar Tassel Blade, rung 4 of 5 between Epic weapons and Legendary weapons. Folded steel: fine layered grain lines across the metal, a crisp bright edge, and bronze or silver fittings with a little engraving. It must look better than the Moonshadow Needleblade and clearly less impressive than Legendary weapons. Draw it on a flat solid magenta (#FF00FF) background with no shadow, no floor, no glow spill, no text, and no frame. No magenta or hot pink anywhere on the item itself. Square image, the item fills about 90 percent of the frame, nothing cropped."
moonshadow-needleblade-s5,moonshadow-needleblade-s5.png,weapon,Nightwing Blade,Epic weapons,5 of 5,21.5 EP,moonshadow-needleblade,Moonshadow Needleblade,shinobij.client/public/items/shop-moonshadow-needleblade-v2.webp,"Use the attached image of the Moonshadow Needleblade as the exact reference. Keep the same weapon, pose, angle, silhouette, proportions, colour family and painted game icon style. Make it a clear but modest upgrade called the Nightwing Blade, rung 5 of 5 between Epic weapons and Legendary weapons. Dark forged steel with a deep blackened finish and a bright edge, engraved fittings, and a very faint cool glow only along the cutting edge. It is the most refined version of this weapon, but it is still a plain working weapon: no aura, no flames, no glowing runes. It must look better than the Moonshadow Needleblade and clearly less impressive than Legendary weapons. Draw it on a flat solid magenta (#FF00FF) background with no shadow, no floor, no glow spill, no text, and no frame. No magenta or hot pink anywhere on the item itself. Square image, the item fills about 90 percent of the frame, nothing cropped."
frostbite-cleaver-s1,frostbite-cleaver-s1.png,weapon,Glacier Edge Cleaver,Epic weapons,1 of 5,19.5 EP,frostbite-cleaver,Frostbite Cleaver,shinobij.client/public/items/shop-frostbite-cleaver-v2.webp,"Use the attached image of the Frostbite Cleaver as the exact reference. Keep the same weapon, pose, angle, silhouette, proportions, colour family and painted game icon style. Make it a clear but modest upgrade called the Glacier Edge Cleaver, rung 1 of 5 between Epic weapons and Legendary weapons. A fresh edge. The blade is cleaned and sharpened with a bright new bevel, rust and chips from the base are mostly gone, and the grip wrap is tidy. It must look better than the Frostbite Cleaver and clearly less impressive than Legendary weapons. Draw it on a flat solid magenta (#FF00FF) background with no shadow, no floor, no glow spill, no text, and no frame. No magenta or hot pink anywhere on the item itself. Square image, the item fills about 90 percent of the frame, nothing cropped."
frostbite-cleaver-s2,frostbite-cleaver-s2.png,weapon,Whiteout Cleaver,Epic weapons,2 of 5,20 EP,frostbite-cleaver,Frostbite Cleaver,shinobij.client/public/items/shop-frostbite-cleaver-v2.webp,"Use the attached image of the Frostbite Cleaver as the exact reference. Keep the same weapon, pose, angle, silhouette, proportions, colour family and painted game icon style. Make it a clear but modest upgrade called the Whiteout Cleaver, rung 2 of 5 between Epic weapons and Legendary weapons. A fine polished edge with a crisp clean highlight along the whole blade, tight neat grip wrapping, and small metal fittings polished bright. It must look better than the Frostbite Cleaver and clearly less impressive than Legendary weapons. Draw it on a flat solid magenta (#FF00FF) background with no shadow, no floor, no glow spill, no text, and no frame. No magenta or hot pink anywhere on the item itself. Square image, the item fills about 90 percent of the frame, nothing cropped."
frostbite-cleaver-s3,frostbite-cleaver-s3.png,weapon,Deepfrost Cleaver,Epic weapons,3 of 5,20.5 EP,frostbite-cleaver,Frostbite Cleaver,shinobij.client/public/items/shop-frostbite-cleaver-v2.webp,"Use the attached image of the Frostbite Cleaver as the exact reference. Keep the same weapon, pose, angle, silhouette, proportions, colour family and painted game icon style. Make it a clear but modest upgrade called the Deepfrost Cleaver, rung 3 of 5 between Epic weapons and Legendary weapons. A visible wavy temper line along the edge, a faint blue steel sheen, clean bronze fittings, and a richer colour in the grip wrap. It must look better than the Frostbite Cleaver and clearly less impressive than Legendary weapons. Draw it on a flat solid magenta (#FF00FF) background with no shadow, no floor, no glow spill, no text, and no frame. No magenta or hot pink anywhere on the item itself. Square image, the item fills about 90 percent of the frame, nothing cropped."
frostbite-cleaver-s4,frostbite-cleaver-s4.png,weapon,Winterfall Cleaver,Epic weapons,4 of 5,21 EP,frostbite-cleaver,Frostbite Cleaver,shinobij.client/public/items/shop-frostbite-cleaver-v2.webp,"Use the attached image of the Frostbite Cleaver as the exact reference. Keep the same weapon, pose, angle, silhouette, proportions, colour family and painted game icon style. Make it a clear but modest upgrade called the Winterfall Cleaver, rung 4 of 5 between Epic weapons and Legendary weapons. Folded steel: fine layered grain lines across the metal, a crisp bright edge, and bronze or silver fittings with a little engraving. It must look better than the Frostbite Cleaver and clearly less impressive than Legendary weapons. Draw it on a flat solid magenta (#FF00FF) background with no shadow, no floor, no glow spill, no text, and no frame. No magenta or hot pink anywhere on the item itself. Square image, the item fills about 90 percent of the frame, nothing cropped."
frostbite-cleaver-s5,frostbite-cleaver-s5.png,weapon,Rimeheart Cleaver,Epic weapons,5 of 5,21.5 EP,frostbite-cleaver,Frostbite Cleaver,shinobij.client/public/items/shop-frostbite-cleaver-v2.webp,"Use the attached image of the Frostbite Cleaver as the exact reference. Keep the same weapon, pose, angle, silhouette, proportions, colour family and painted game icon style. Make it a clear but modest upgrade called the Rimeheart Cleaver, rung 5 of 5 between Epic weapons and Legendary weapons. Dark forged steel with a deep blackened finish and a bright edge, engraved fittings, and a very faint cool glow only along the cutting edge. It is the most refined version of this weapon, but it is still a plain working weapon: no aura, no flames, no glowing runes. It must look better than the Frostbite Cleaver and clearly less impressive than Legendary weapons. Draw it on a flat solid magenta (#FF00FF) background with no shadow, no floor, no glow spill, no text, and no frame. No magenta or hot pink anywhere on the item itself. Square image, the item fills about 90 percent of the frame, nothing cropped."
ashglass-katana-s1,ashglass-katana-s1.png,weapon,Redvein Katana,Epic weapons,1 of 5,19.5 EP,ashglass-katana,Ashglass Katana,shinobij.client/public/items/shop-ashglass-katana-v2.webp,"Use the attached image of the Ashglass Katana as the exact reference. Keep the same weapon, pose, angle, silhouette, proportions, colour family and painted game icon style. Make it a clear but modest upgrade called the Redvein Katana, rung 1 of 5 between Epic weapons and Legendary weapons. A fresh edge. The blade is cleaned and sharpened with a bright new bevel, rust and chips from the base are mostly gone, and the grip wrap is tidy. It must look better than the Ashglass Katana and clearly less impressive than Legendary weapons. Draw it on a flat solid magenta (#FF00FF) background with no shadow, no floor, no glow spill, no text, and no frame. No magenta or hot pink anywhere on the item itself. Square image, the item fills about 90 percent of the frame, nothing cropped."
ashglass-katana-s2,ashglass-katana-s2.png,weapon,Blacktide Katana,Epic weapons,2 of 5,20 EP,ashglass-katana,Ashglass Katana,shinobij.client/public/items/shop-ashglass-katana-v2.webp,"Use the attached image of the Ashglass Katana as the exact reference. Keep the same weapon, pose, angle, silhouette, proportions, colour family and painted game icon style. Make it a clear but modest upgrade called the Blacktide Katana, rung 2 of 5 between Epic weapons and Legendary weapons. A fine polished edge with a crisp clean highlight along the whole blade, tight neat grip wrapping, and small metal fittings polished bright. It must look better than the Ashglass Katana and clearly less impressive than Legendary weapons. Draw it on a flat solid magenta (#FF00FF) background with no shadow, no floor, no glow spill, no text, and no frame. No magenta or hot pink anywhere on the item itself. Square image, the item fills about 90 percent of the frame, nothing cropped."
ashglass-katana-s3,ashglass-katana-s3.png,weapon,Ashveil Katana,Epic weapons,3 of 5,20.5 EP,ashglass-katana,Ashglass Katana,shinobij.client/public/items/shop-ashglass-katana-v2.webp,"Use the attached image of the Ashglass Katana as the exact reference. Keep the same weapon, pose, angle, silhouette, proportions, colour family and painted game icon style. Make it a clear but modest upgrade called the Ashveil Katana, rung 3 of 5 between Epic weapons and Legendary weapons. A visible wavy temper line along the edge, a faint blue steel sheen, clean bronze fittings, and a richer colour in the grip wrap. It must look better than the Ashglass Katana and clearly less impressive than Legendary weapons. Draw it on a flat solid magenta (#FF00FF) background with no shadow, no floor, no glow spill, no text, and no frame. No magenta or hot pink anywhere on the item itself. Square image, the item fills about 90 percent of the frame, nothing cropped."
ashglass-katana-s4,ashglass-katana-s4.png,weapon,Rustvein Katana,Epic weapons,4 of 5,21 EP,ashglass-katana,Ashglass Katana,shinobij.client/public/items/shop-ashglass-katana-v2.webp,"Use the attached image of the Ashglass Katana as the exact reference. Keep the same weapon, pose, angle, silhouette, proportions, colour family and painted game icon style. Make it a clear but modest upgrade called the Rustvein Katana, rung 4 of 5 between Epic weapons and Legendary weapons. Folded steel: fine layered grain lines across the metal, a crisp bright edge, and bronze or silver fittings with a little engraving. It must look better than the Ashglass Katana and clearly less impressive than Legendary weapons. Draw it on a flat solid magenta (#FF00FF) background with no shadow, no floor, no glow spill, no text, and no frame. No magenta or hot pink anywhere on the item itself. Square image, the item fills about 90 percent of the frame, nothing cropped."
ashglass-katana-s5,ashglass-katana-s5.png,weapon,Smokefire Katana,Epic weapons,5 of 5,21.5 EP,ashglass-katana,Ashglass Katana,shinobij.client/public/items/shop-ashglass-katana-v2.webp,"Use the attached image of the Ashglass Katana as the exact reference. Keep the same weapon, pose, angle, silhouette, proportions, colour family and painted game icon style. Make it a clear but modest upgrade called the Smokefire Katana, rung 5 of 5 between Epic weapons and Legendary weapons. Dark forged steel with a deep blackened finish and a bright edge, engraved fittings, and a very faint cool glow only along the cutting edge. It is the most refined version of this weapon, but it is still a plain working weapon: no aura, no flames, no glowing runes. It must look better than the Ashglass Katana and clearly less impressive than Legendary weapons. Draw it on a flat solid magenta (#FF00FF) background with no shadow, no floor, no glow spill, no text, and no frame. No magenta or hot pink anywhere on the item itself. Square image, the item fills about 90 percent of the frame, nothing cropped."
spirit-leech-wakizashi-s1,spirit-leech-wakizashi-s1.png,weapon,Greenleaf Wakizashi,Epic weapons,1 of 5,19.5 EP,spirit-leech-wakizashi,Spirit Leech Wakizashi,shinobij.client/public/items/shop-spirit-leech-wakizashi-v2.webp,"Use the attached image of the Spirit Leech Wakizashi as the exact reference. Keep the same weapon, pose, angle, silhouette, proportions, colour family and painted game icon style. Make it a clear but modest upgrade called the Greenleaf Wakizashi, rung 1 of 5 between Epic weapons and Legendary weapons. A fresh edge. The blade is cleaned and sharpened with a bright new bevel, rust and chips from the base are mostly gone, and the grip wrap is tidy. It must look better than the Spirit Leech Wakizashi and clearly less impressive than Legendary weapons. Draw it on a flat solid magenta (#FF00FF) background with no shadow, no floor, no glow spill, no text, and no frame. No magenta or hot pink anywhere on the item itself. Square image, the item fills about 90 percent of the frame, nothing cropped."
spirit-leech-wakizashi-s2,spirit-leech-wakizashi-s2.png,weapon,Jadeguard Wakizashi,Epic weapons,2 of 5,20 EP,spirit-leech-wakizashi,Spirit Leech Wakizashi,shinobij.client/public/items/shop-spirit-leech-wakizashi-v2.webp,"Use the attached image of the Spirit Leech Wakizashi as the exact reference. Keep the same weapon, pose, angle, silhouette, proportions, colour family and painted game icon style. Make it a clear but modest upgrade called the Jadeguard Wakizashi, rung 2 of 5 between Epic weapons and Legendary weapons. A fine polished edge with a crisp clean highlight along the whole blade, tight neat grip wrapping, and small metal fittings polished bright. It must look better than the Spirit Leech Wakizashi and clearly less impressive than Legendary weapons. Draw it on a flat solid magenta (#FF00FF) background with no shadow, no floor, no glow spill, no text, and no frame. No magenta or hot pink anywhere on the item itself. Square image, the item fills about 90 percent of the frame, nothing cropped."
spirit-leech-wakizashi-s3,spirit-leech-wakizashi-s3.png,weapon,Hollowhook Wakizashi,Epic weapons,3 of 5,20.5 EP,spirit-leech-wakizashi,Spirit Leech Wakizashi,shinobij.client/public/items/shop-spirit-leech-wakizashi-v2.webp,"Use the attached image of the Spirit Leech Wakizashi as the exact reference. Keep the same weapon, pose, angle, silhouette, proportions, colour family and painted game icon style. Make it a clear but modest upgrade called the Hollowhook Wakizashi, rung 3 of 5 between Epic weapons and Legendary weapons. A visible wavy temper line along the edge, a faint blue steel sheen, clean bronze fittings, and a richer colour in the grip wrap. It must look better than the Spirit Leech Wakizashi and clearly less impressive than Legendary weapons. Draw it on a flat solid magenta (#FF00FF) background with no shadow, no floor, no glow spill, no text, and no frame. No magenta or hot pink anywhere on the item itself. Square image, the item fills about 90 percent of the frame, nothing cropped."
spirit-leech-wakizashi-s4,spirit-leech-wakizashi-s4.png,weapon,Mosswind Wakizashi,Epic weapons,4 of 5,21 EP,spirit-leech-wakizashi,Spirit Leech Wakizashi,shinobij.client/public/items/shop-spirit-leech-wakizashi-v2.webp,"Use the attached image of the Spirit Leech Wakizashi as the exact reference. Keep the same weapon, pose, angle, silhouette, proportions, colour family and painted game icon style. Make it a clear but modest upgrade called the Mosswind Wakizashi, rung 4 of 5 between Epic weapons and Legendary weapons. Folded steel: fine layered grain lines across the metal, a crisp bright edge, and bronze or silver fittings with a little engraving. It must look better than the Spirit Leech Wakizashi and clearly less impressive than Legendary weapons. Draw it on a flat solid magenta (#FF00FF) background with no shadow, no floor, no glow spill, no text, and no frame. No magenta or hot pink anywhere on the item itself. Square image, the item fills about 90 percent of the frame, nothing cropped."
spirit-leech-wakizashi-s5,spirit-leech-wakizashi-s5.png,weapon,Wraithwing Wakizashi,Epic weapons,5 of 5,21.5 EP,spirit-leech-wakizashi,Spirit Leech Wakizashi,shinobij.client/public/items/shop-spirit-leech-wakizashi-v2.webp,"Use the attached image of the Spirit Leech Wakizashi as the exact reference. Keep the same weapon, pose, angle, silhouette, proportions, colour family and painted game icon style. Make it a clear but modest upgrade called the Wraithwing Wakizashi, rung 5 of 5 between Epic weapons and Legendary weapons. Dark forged steel with a deep blackened finish and a bright edge, engraved fittings, and a very faint cool glow only along the cutting edge. It is the most refined version of this weapon, but it is still a plain working weapon: no aura, no flames, no glowing runes. It must look better than the Spirit Leech Wakizashi and clearly less impressive than Legendary weapons. Draw it on a flat solid magenta (#FF00FF) background with no shadow, no floor, no glow spill, no text, and no frame. No magenta or hot pink anywhere on the item itself. Square image, the item fills about 90 percent of the frame, nothing cropped."
